"baseMean","log2FoldChange","lfcSE","stat","pvalue","padj","gene_id","gene_name","gene_type","ensembl_id","n_PCD_types","PCD_types","source_gene_sets","source_collections","cuproptosis_role","DE_status"
1291.07149617289,3.52578563944235,0.179195914709291,19.6755916292077,3.49079029040758e-86,7.31331543168344e-84,"ENSG00000135069.14","PSAT1","protein_coding","ENSG00000135069",1,"Ferroptosis","GOBP_FERROPTOSIS","C5",NA,"Up"
8430.03042602778,-2.51174392661653,0.137380362999363,-18.283136481654,1.12751610774474e-74,1.33660815178239e-72,"ENSG00000138821.13","SLC39A8","protein_coding","ENSG00000138821",1,"Ferroptosis","WP_FERROPTOSIS","C2",NA,"Down"
486.045254796042,2.7263683994598,0.155721394669824,17.5079885794789,1.24516682356784e-68,1.13018397983293e-66,"ENSG00000092853.14","CLSPN","protein_coding","ENSG00000092853",1,"Apoptosis","REACTOME_APOPTOSIS","C2",NA,"Up"
15440.916139893,3.49652765187395,0.223003637857456,15.6792404171852,2.09747451722756e-55,1.09170271317761e-53,"ENSG00000047457.14","CP","protein_coding","ENSG00000047457",1,"Ferroptosis","WP_FERROPTOSIS","C2",NA,"Up"
2098.64010110574,1.8801804822159,0.123221633071688,15.2585259207046,1.44475315400848e-52,6.60166972745904e-51,"ENSG00000113368.12","LMNB1","protein_coding","ENSG00000113368",1,"Apoptosis","REACTOME_APOPTOSIS","C2",NA,"Up"
12395.802400925,3.07111821929592,0.213960815528304,14.3536479411561,1.01077564289967e-46,3.42522354431649e-45,"ENSG00000181019.13","NQO1","protein_coding","ENSG00000181019",1,"Ferroptosis","GOBP_FERROPTOSIS","C5",NA,"Up"
426.231429216694,-1.49291278236433,0.104557380044936,-14.278406571805,2.98345244517535e-46,9.92825018993368e-45,"ENSG00000108387.15","SEPTIN4","protein_coding","ENSG00000108387",1,"Apoptosis","REACTOME_APOPTOSIS","C2",NA,"Down"
3093.24153473167,3.06856002021189,0.215530319336343,14.2372545526799,5.37994547463263e-46,1.76042596960204e-44,"ENSG00000129521.15","EGLN3","protein_coding","ENSG00000129521",1,"Ferroptosis","GOBP_FERROPTOSIS","C5",NA,"Up"
920.467036921765,3.59646130464937,0.259011378829407,13.8853409487392,7.77296257898343e-44,2.30155694638682e-42,"ENSG00000147889.18","CDKN2A","protein_coding","ENSG00000147889",2,"Apoptosis; Cuproptosis","Literature-curated cuproptosis core genes; REACTOME_APOPTOSIS","C2; Literature","Anti-cuproptosis","Up"
92.6225888521493,-2.72201621593629,0.197038820671225,-13.8146188992787,2.08052371489833e-43,6.01078278117764e-42,"ENSG00000187323.12","DCC","protein_coding","ENSG00000187323",1,"Apoptosis","REACTOME_APOPTOSIS","C2",NA,"Down"
1181.85292926568,-1.9321204815629,0.14289481428489,-13.5212778100598,1.17123554325806e-41,3.08907578633961e-40,"ENSG00000035664.11","DAPK2","protein_coding","ENSG00000035664",1,"Apoptosis","REACTOME_APOPTOSIS","C2",NA,"Down"
1274.60227975815,-1.68836496723669,0.130652430719587,-12.9225683589488,3.35744155575139e-38,7.41642809440547e-37,"ENSG00000136869.16","TLR4","protein_coding","ENSG00000136869",1,"Apoptosis","REACTOME_APOPTOSIS","C2",NA,"Down"
1914.49055291683,3.05818391171784,0.240176303103833,12.7330792929881,3.87259243997836e-37,8.09284358645666e-36,"ENSG00000151012.13","SLC7A11","protein_coding","ENSG00000151012",1,"Ferroptosis","GOBP_FERROPTOSIS; WP_FERROPTOSIS","C2; C5",NA,"Up"
1179.75677798482,-1.18967555523427,0.093476376995675,-12.7270182421524,4.18518980099819e-37,8.71875281182305e-36,"ENSG00000114166.8","KAT2B","protein_coding","ENSG00000114166",1,"Ferroptosis","GOBP_FERROPTOSIS","C5",NA,"Down"
14991.4059627584,1.1872570660154,0.0950730596277829,12.4878390436111,8.69842459894251e-36,1.68167859440147e-34,"ENSG00000189060.5","H1-0","protein_coding","ENSG00000189060",1,"Apoptosis","REACTOME_APOPTOSIS","C2",NA,"Up"
17086.5991783566,2.19061277872646,0.176824286960929,12.3886419471919,3.01099163420338e-35,5.63795066480882e-34,"ENSG00000096696.14","DSP","protein_coding","ENSG00000096696",1,"Apoptosis","REACTOME_APOPTOSIS","C2",NA,"Up"
23.2073913201457,4.57103590142346,0.383690546437298,11.9133399138111,1.00854939540942e-32,1.63403642560715e-31,"ENSG00000124575.7","H1-3","protein_coding","ENSG00000124575",1,"Apoptosis","REACTOME_APOPTOSIS","C2",NA,"Up"
15798.4085072115,4.6485197087599,0.390766683491194,11.8958956972202,1.24312097709602e-32,2.00530764494167e-31,"ENSG00000151632.17","AKR1C2","protein_coding","ENSG00000151632",1,"Ferroptosis","WP_FERROPTOSIS","C2",NA,"Up"
39.840975358593,3.55252725095262,0.300466113666903,11.8233873617141,2.95523416946716e-32,4.69441132184648e-31,"ENSG00000168298.7","H1-4","protein_coding","ENSG00000168298",1,"Apoptosis","REACTOME_APOPTOSIS","C2",NA,"Up"
8598.12621790699,1.41430163552373,0.123407909116788,11.4603808268504,2.08595565608586e-30,2.98732884178316e-29,"ENSG00000205336.14","ADGRG1","protein_coding","ENSG00000205336",1,"Ferroptosis","GOBP_FERROPTOSIS","C5",NA,"Up"
280.008750750508,-1.60425939812147,0.147551299572424,-10.872553496786,1.55778868967325e-27,1.86258072655081e-26,"ENSG00000065675.15","PRKCQ","protein_coding","ENSG00000065675",1,"Apoptosis","REACTOME_APOPTOSIS","C2",NA,"Down"
1046.66501830466,1.49293574658523,0.138278998885322,10.7965472603932,3.57391336721066e-27,4.18014846120626e-26,"ENSG00000101412.13","E2F1","protein_coding","ENSG00000101412",1,"Apoptosis","REACTOME_APOPTOSIS","C2",NA,"Up"
18.502123090189,4.7137671698291,0.440013592092406,10.7127762745092,8.86623190020034e-27,1.01422750971007e-25,"ENSG00000184357.5","H1-5","protein_coding","ENSG00000184357",1,"Apoptosis","REACTOME_APOPTOSIS","C2",NA,"Up"
1501.29932971563,1.04438810203907,0.0978788589404321,10.6702112524082,1.40307026773895e-26,1.58213416715218e-25,"ENSG00000127191.18","TRAF2","protein_coding","ENSG00000127191",2,"Apoptosis; Necroptosis","REACTOME_APOPTOSIS; REACTOME_RIPK1_MEDIATED_REGULATED_NECROSIS","C2",NA,"Up"
8826.46034465758,1.43228064068708,0.135317291233796,10.5846091628633,3.51243517559778e-26,3.87682995806288e-25,"ENSG00000046604.13","DSG2","protein_coding","ENSG00000046604",1,"Apoptosis","REACTOME_APOPTOSIS","C2",NA,"Up"
4432.51760519533,2.24583566020331,0.217783283406457,10.3122499811513,6.20317649321107e-25,6.33263904889224e-24,"ENSG00000001084.13","GCLC","protein_coding","ENSG00000001084",1,"Ferroptosis","WP_FERROPTOSIS","C2",NA,"Up"
2136.39039992482,-1.06396822510554,0.104579593353328,-10.1737651772164,2.59672539600248e-24,2.54935218586025e-23,"ENSG00000137831.15","UACA","protein_coding","ENSG00000137831",1,"Apoptosis","REACTOME_APOPTOSIS","C2",NA,"Down"
21993.5654960988,-1.14560164448861,0.114215615232426,-10.0301665596017,1.12326959804073e-23,1.06148180369744e-22,"ENSG00000026025.16","VIM","protein_coding","ENSG00000026025",1,"Apoptosis","REACTOME_APOPTOSIS","C2",NA,"Down"
715.135298496659,3.32008207603335,0.343488560088443,9.66577191152591,4.21430720094265e-22,3.57663152027008e-21,"ENSG00000091513.16","TF","protein_coding","ENSG00000091513",1,"Ferroptosis","WP_FERROPTOSIS","C2",NA,"Up"
1040.36218333015,1.05813099569126,0.112195243699503,9.43115733609254,4.0558873675575e-21,3.21374082066384e-20,"ENSG00000164695.5","CHMP4C","protein_coding","ENSG00000164695",1,"Pyroptosis","REACTOME_PYROPTOSIS","C2",NA,"Up"
994.254593626233,1.65543416511887,0.176119268962404,9.39950622593291,5.48197244499691e-21,4.31090614058763e-20,"ENSG00000141682.12","PMAIP1","protein_coding","ENSG00000141682",1,"Apoptosis","REACTOME_APOPTOSIS","C2",NA,"Up"
13856.5722028742,3.28413489125768,0.354738762426244,9.25789690643267,2.08498323602207e-20,1.57346797859382e-19,"ENSG00000187134.14","AKR1C1","protein_coding","ENSG00000187134",1,"Ferroptosis","WP_FERROPTOSIS","C2",NA,"Up"
2613.4055734832,1.64247675477937,0.17785427012399,9.23495822526119,2.58386820765101e-20,1.93548985529712e-19,"ENSG00000187837.4","H1-2","protein_coding","ENSG00000187837",1,"Apoptosis","REACTOME_APOPTOSIS","C2",NA,"Up"
88.0356579560229,1.35008222012298,0.147720257695605,9.13945210483577,6.2769529118216e-20,4.58232694380209e-19,"ENSG00000007952.18","NOX1","protein_coding","ENSG00000007952",1,"Ferroptosis","WP_FERROPTOSIS","C2",NA,"Up"
33.3232824407935,-1.55464132653385,0.172150236228123,-9.03072432891543,1.70539201558316e-19,1.20997472696679e-18,"ENSG00000070808.16","CAMK2A","protein_coding","ENSG00000070808",1,"Ferroptosis","GOBP_FERROPTOSIS","C5",NA,"Down"
6295.08749663737,-1.39646433986716,0.157230855014062,-8.88161766812411,6.58949822919169e-19,4.47508206957399e-18,"ENSG00000165168.8","CYBB","protein_coding","ENSG00000165168",1,"Ferroptosis","WP_FERROPTOSIS","C2",NA,"Down"
4852.94515139754,-1.09579673100239,0.128331359591023,-8.53880715122604,1.35614490978307e-17,8.36255888370675e-17,"ENSG00000196730.13","DAPK1","protein_coding","ENSG00000196730",1,"Apoptosis","REACTOME_APOPTOSIS","C2",NA,"Down"
1176.44508971306,-1.09310776788353,0.130552793121794,-8.37291751286974,5.62089520542199e-17,3.31452717627566e-16,"ENSG00000117020.18","AKT3","protein_coding","ENSG00000117020",1,"Apoptosis","REACTOME_APOPTOSIS","C2",NA,"Down"
239.408608799588,1.28350339264557,0.154821314487488,8.29022410056657,1.13035295996299e-16,6.52229126092624e-16,"ENSG00000086991.13","NOX4","protein_coding","ENSG00000086991",1,"Ferroptosis","WP_FERROPTOSIS","C2",NA,"Up"
5257.40985532485,-1.00137806366165,0.120893616730716,-8.28313430222022,1.19974989207721e-16,6.90716706791979e-16,"ENSG00000068366.20","ACSL4","protein_coding","ENSG00000068366",1,"Ferroptosis","GOBP_FERROPTOSIS; WP_FERROPTOSIS","C2; C5",NA,"Down"
347.477161149858,1.14018015415254,0.138779555908791,8.21576453884813,2.1081675797372e-16,1.19349371598616e-15,"ENSG00000116761.12","CTH","protein_coding","ENSG00000116761",1,"Ferroptosis","WP_FERROPTOSIS","C2",NA,"Up"
28.3365395923427,-1.36456102613981,0.1703231966342,-8.0115982620409,1.13227214634562e-15,6.08046388310802e-15,"ENSG00000137757.11","CASP5","protein_coding","ENSG00000137757",1,"Pyroptosis","REACTOME_PYROPTOSIS","C2",NA,"Down"
83.4824947501362,-1.76459251796859,0.220815728472535,-7.99124469155768,1.33583120029565e-15,7.12878454230187e-15,"ENSG00000102010.15","BMX","protein_coding","ENSG00000102010",1,"Apoptosis","REACTOME_APOPTOSIS","C2",NA,"Down"
18971.5233542099,1.55993483731802,0.200303203394733,7.78786764704852,6.8149512926058e-15,3.44794718268517e-14,"ENSG00000198431.16","TXNRD1","protein_coding","ENSG00000198431",1,"Ferroptosis","WP_FERROPTOSIS","C2",NA,"Up"
47.8003460401843,3.2492693958777,0.424687269250923,7.65096962197352,1.99469464823434e-14,9.72701997179538e-14,"ENSG00000134757.5","DSG3","protein_coding","ENSG00000134757",1,"Apoptosis","REACTOME_APOPTOSIS","C2",NA,"Up"
8163.86396143907,2.15519521188889,0.283601903182871,7.59936794394213,2.97580571198121e-14,1.43226504944092e-13,"ENSG00000196139.14","AKR1C3","protein_coding","ENSG00000196139",1,"Ferroptosis","WP_FERROPTOSIS","C2",NA,"Up"
8410.50078288567,-1.05154862015229,0.14136559574356,-7.43850450048555,1.01831507048499e-13,4.70407617708025e-13,"ENSG00000072274.13","TFRC","protein_coding","ENSG00000072274",1,"Ferroptosis","WP_FERROPTOSIS","C2",NA,"Down"
1773.282613063,2.27161359504121,0.327796519547064,6.92995031850866,4.20988440955728e-12,1.71060575221716e-11,"ENSG00000081277.13","PKP1","protein_coding","ENSG00000081277",1,"Apoptosis","REACTOME_APOPTOSIS","C2",NA,"Up"
2585.69281480384,1.0463407573795,0.155491231113256,6.72925894205162,1.70529345441955e-11,6.56753650602516e-11,"ENSG00000023909.10","GCLM","protein_coding","ENSG00000023909",1,"Ferroptosis","WP_FERROPTOSIS","C2",NA,"Up"
510.281069140048,-2.10129435521181,0.321823112662348,-6.52934569499504,6.60576264541916e-11,2.41993356957613e-10,"ENSG00000161905.13","ALOX15","protein_coding","ENSG00000161905",1,"Ferroptosis","WP_FERROPTOSIS","C2",NA,"Down"
130.298005646909,-1.42410129348189,0.219378965487795,-6.49151248532587,8.49788669583853e-11,3.08190640963611e-10,"ENSG00000197769.6","MAP1LC3C","protein_coding","ENSG00000197769",1,"Ferroptosis","WP_FERROPTOSIS","C2",NA,"Down"
449.046659487085,-1.10799487790251,0.176542441911848,-6.27608220382358,3.47210659881705e-10,1.19742564357795e-09,"ENSG00000125538.12","IL1B","protein_coding","ENSG00000125538",1,"Pyroptosis","REACTOME_PYROPTOSIS","C2",NA,"Down"
6227.14514889185,1.2637966343603,0.208533895048583,6.06038953075648,1.35792287130141e-09,4.44208669016215e-09,"ENSG00000197635.11","DPP4","protein_coding","ENSG00000197635",1,"Ferroptosis","WP_FERROPTOSIS","C2",NA,"Up"
54.0015409948431,1.3327593490988,0.234142810130728,5.69207889985899,1.2550183179869e-08,3.75243830809277e-08,"ENSG00000160200.18","CBS","protein_coding","ENSG00000160200",1,"Ferroptosis","WP_FERROPTOSIS","C2",NA,"Up"
98.9483063428998,-1.44519445282928,0.257237881477078,-5.61812453333417,1.93041348075304e-08,5.673548919831e-08,"ENSG00000115008.6","IL1A","protein_coding","ENSG00000115008",1,"Pyroptosis","REACTOME_PYROPTOSIS","C2",NA,"Down"
1.78261061698032,2.80954553248429,0.777620909389319,3.61300152627156,0.000302672921365627,0.000562913164179019,"ENSG00000124610.5","H1-1","protein_coding","ENSG00000124610",1,"Apoptosis","REACTOME_APOPTOSIS","C2",NA,"Up"
7.31966486936056,1.47257053068912,0.411947643962444,3.57465457630671,0.000350690578436633,0.000647947964851223,"ENSG00000134760.6","DSG1","protein_coding","ENSG00000134760",1,"Apoptosis","REACTOME_APOPTOSIS","C2",NA,"Up"
