"outer_fold","n_train","n_test","events_test","best_alpha","best_lambda","inner_C","nzero","outer_C","repeat_id"
1,402,102,37,0.2,0.12599709165995,0.649727633368331,17,0.524930747922438,1
2,402,102,37,0,3.05269807795638,0.623971799254422,47,0.60021436227224,1
3,404,100,36,0.1,0.288275108866428,0.589519683178767,15,0.718851570964247,1
4,404,100,36,0,80.284290948943,0.603498536517546,47,0.646474677259186,1
5,404,100,36,0.1,0.39073824613074,0.62644245864268,14,0.599484536082474,1
1,402,102,37,0,10.1978074928268,0.623707904511634,47,0.626130653266332,2
2,402,102,37,0.1,0.297482529301379,0.64955883605965,15,0.519753719856337,2
3,404,100,36,0,0.463872435167228,0.599532316258516,47,0.628418230563003,2
4,404,100,36,0,1.41728527113909,0.611116907929737,47,0.599901816396662,2
5,404,100,36,0,0.512774466486855,0.602944827275706,47,0.661964735516373,2
1,402,102,37,1,0.0851723034155382,0.619574199981813,2,0.55110426296867,3
2,402,102,37,0,111.902562836918,0.599204510649239,47,0.59391124871001,3
3,404,100,36,0.2,0.186940279638803,0.605480565080599,13,0.658883826879271,3
4,404,100,36,0.3,0.0760669472424322,0.6240863790386,19,0.592785951589938,3
5,404,100,36,0,34.5962843082498,0.626067955979099,47,0.562926829268293,3
1,402,102,37,0,6.97435677232612,0.63143725905727,47,0.588978766430738,4
2,402,102,37,0,2.49196749973382,0.607185966867151,47,0.629793510324484,4
3,404,100,36,0,1.74142147612074,0.615978187194909,47,0.688389923329682,4
4,404,100,36,0.1,0.348597492840564,0.618631141712014,12,0.631293990254467,4
5,404,100,36,0,0.715651972708753,0.654738648840059,47,0.508095238095238,4
1,402,102,37,0,1.10170667348098,0.643954338225233,47,0.541666666666667,5
2,402,102,37,0,43.2325878990001,0.614969045610338,47,0.64139650872818,5
3,404,100,36,0,0.256999505862267,0.633610796950861,47,0.63859649122807,5
4,404,100,36,1,0.0599961783033929,0.627135133783731,4,0.542616451932607,5
5,404,100,36,0.2,0.134092962233426,0.641565279798121,20,0.604951005673027,5
1,402,102,37,0.1,0.33516706745088,0.62010349385198,15,0.639768167632635,6
2,402,102,37,0,103.608984326259,0.616508909016088,47,0.640081799591002,6
3,404,100,36,0,1.03271756509188,0.627355016512208,47,0.619902120717781,6
4,404,100,36,0.1,0.340624345243078,0.647974558676748,17,0.592723004694836,6
5,404,100,36,0,38.4866444604258,0.605691094975385,47,0.604259534422982,6
1,402,102,37,0,35.2845475175891,0.608019366693353,47,0.621987951807229,7
2,402,102,37,0,43.0872664133507,0.606679098672339,47,0.603743315508021,7
3,404,100,36,0.1,0.360967513748368,0.628842094878678,14,0.603076923076923,7
4,404,100,36,0.2,0.0956932312769576,0.622854147085732,20,0.651930894308943,7
5,404,100,36,0,1.62064065384402,0.606228476225063,47,0.618027888446215,7
1,402,102,37,0,4.80831924936849,0.584413293717874,47,0.659120592076622,8
2,402,102,37,0,1.46891526874114,0.653628607810814,47,0.524500907441016,8
3,404,100,36,0.1,0.338441251674687,0.621729314217462,15,0.646829810901001,8
4,404,100,36,0.3,0.198852400646028,0.622882217267359,7,0.570591108939912,8
5,404,100,36,0.1,0.239812037331372,0.646625872017338,18,0.522879177377892,8
1,402,102,37,0,0.301677468133377,0.614854198692995,47,0.581139301101005,9
2,402,102,37,0,33.7524615706181,0.590927284609127,47,0.596923076923077,9
3,404,100,36,0,22.8359410121911,0.626140371888322,47,0.60444209413009,9
4,404,100,36,0,96.1236434203651,0.612017271400924,47,0.588894821142552,9
5,404,100,36,0,1.44666091684638,0.644767403172996,47,0.537305958938408,9
1,402,102,37,0,108.013756136695,0.592319436728986,47,0.69165170556553,10
2,402,102,37,0,3.17229361595123,0.62091437976988,47,0.610761305094448,10
3,404,100,36,0,1.81952700795591,0.623588425792397,47,0.615862398471094,10
4,404,100,36,0,1.06165833970252,0.630000001380695,47,0.49130173965207,10
5,404,100,36,0,13.8085697421168,0.615039560164633,47,0.618836291913215,10
1,402,102,37,0,1.51781882682639,0.624673800595917,47,0.645799892990904,11
2,402,102,37,0,72.2663857817081,0.620596576677412,47,0.587975243147657,11
3,404,100,36,0,0.508512717266863,0.668502567240475,47,0.525366403607666,11
4,404,100,36,0,17.107970885714,0.593365610955577,47,0.6750656167979,11
5,404,100,36,0,2.77773771169728,0.61558064863494,47,0.59746835443038,11
1,402,102,37,0,0.826602458545132,0.624569119741222,47,0.639865996649916,12
2,402,102,37,0,0.42312817415733,0.626290340930125,47,0.617647058823529,12
3,404,100,36,0,2.09821688601199,0.640347099136452,47,0.608358466178371,12
4,404,100,36,0.1,0.460898666894532,0.604253037286983,9,0.650569723277265,12
5,404,100,36,0,46.0283630816267,0.638819709086914,47,0.550079491255962,12
1,402,102,37,0,0.58897738270766,0.635203778433303,47,0.551341350601295,13
2,402,102,37,0.8,0.00293440532247211,0.606272499458732,40,0.542620555284949,13
3,404,100,36,0,8.49947315319633,0.622049452249186,47,0.581395348837209,13
4,404,100,36,0.1,0.473579602691431,0.629837403650146,10,0.576540755467197,13
5,404,100,36,0.3,0.106012944172089,0.612254120803328,11,0.642609699769053,13
1,402,102,37,0,35.0622470514706,0.596012426010052,47,0.635808270676692,14
2,402,102,37,0,8.87367943407929,0.637813071222755,47,0.555727554179567,14
3,404,100,36,0,2.4223950690451,0.610290054216732,47,0.614510016242556,14
4,404,100,36,0,5.22404483812125,0.615683339401277,47,0.613856068743287,14
5,404,100,36,0,1.91838409585128,0.596623451826725,47,0.696579077838374,14
1,402,102,37,0.2,0.203458743865683,0.609230713510303,12,0.615115115115115,15
2,402,102,37,0,3.47685506910498,0.644161361635736,47,0.539803707742639,15
3,404,100,36,0,0.99130505259011,0.626078418819908,47,0.623743417903303,15
4,404,100,36,0.1,0.406125048169346,0.61596420754312,12,0.647686832740214,15
5,404,100,36,0,4.29537182589404,0.618202002258823,47,0.612350804359107,15
1,402,102,37,1,0.0537471234496734,0.604011907435018,3,0.635773864689527,16
2,402,102,37,0,27.0243913195585,0.617114923473936,47,0.571428571428571,16
3,404,100,36,0,0.984403356943863,0.651661906906942,47,0.527162977867203,16
4,404,100,36,0,1.06203325681825,0.588189991348291,47,0.639380530973451,16
5,404,100,36,0,9.04030217534729,0.616374349591462,47,0.612255965292842,16
1,402,102,37,0,1.40109139410163,0.644757061982886,47,0.528782475802343,17
2,402,102,37,0,20.271842732826,0.588001506071689,47,0.733957845433255,17
3,404,100,36,0.9,0.0699746941130845,0.669680347998028,4,0.468550106609808,17
4,404,100,36,0,31.8712682688664,0.608457688902083,47,0.649305555555556,17
5,404,100,36,0,2.44848608227606,0.608189704506182,47,0.653883029721956,17
1,402,102,37,0,113.982001678902,0.627600855106287,47,0.60010649627263,18
2,402,102,37,0.1,1.21463769319596,0.639816339746522,1,0.470558631102164,18
3,404,100,36,0,19.261934553329,0.620099976894658,47,0.530120481927711,18
4,404,100,36,0.1,0.172068918600209,0.633573569787648,26,0.564699512723335,18
5,404,100,36,0,107.483485199012,0.588028485906937,47,0.70902489626556,18
1,402,102,37,0,43.0520851844821,0.624247710131454,47,0.579885057471264,19
2,402,102,37,0,0.427521199846741,0.627363456056635,47,0.571013087736306,19
3,404,100,36,0,3.35037841323533,0.637794894481879,47,0.610714285714286,19
4,404,100,36,0,88.0009861855177,0.588579914069764,47,0.686918177364037,19
5,404,100,36,0,1.4614203786646,0.622313781327949,47,0.637913223140496,19
1,402,102,37,0,17.0412112869941,0.621040510049947,47,0.65508559919436,20
2,402,102,37,0,75.0354551488524,0.62486928508796,47,0.596208530805687,20
3,404,100,36,0,3.03075487281367,0.634643438697698,47,0.580662393162393,20
4,404,100,36,0,2.17409041796007,0.614118426784869,47,0.740760295670539,20
5,404,100,36,0,0.46702059169177,0.637046609739383,47,0.568229166666667,20
