"cell_population","LUAD_C1_mean","LUAD_C2_mean","LUAD_difference","LUAD_padj","LUSC_C1_mean","LUSC_C2_mean","LUSC_difference","LUSC_padj","LUAD_significant","LUSC_significant","direction_concordant","significant_both","robust_cross_cohort"
"Myeloid dendritic cells",3.39539531173568,2.34647971851045,-1.04891559322523,3.5903062795025e-29,2.55559441253967,2.20492889457955,-0.350665517960127,4.74105903339934e-06,TRUE,TRUE,TRUE,TRUE,TRUE
"Monocytic lineage",4.1450791909144,3.55441948493909,-0.590659705975304,1.8449024680496e-17,3.56486570284406,3.31384395385992,-0.251021748984136,0.00421816961023243,TRUE,TRUE,TRUE,TRUE,TRUE
"T cells",2.5556070116746,2.07586908236537,-0.479737929309233,1.01088790675018e-15,2.25915488377457,1.91887196235209,-0.340282921422479,7.21813277859382e-08,TRUE,TRUE,TRUE,TRUE,TRUE
"Endothelial cells",3.36953466895899,2.96184939824948,-0.407685270709519,4.92686727031457e-13,2.84032147741595,2.55331447671747,-0.287007000698475,1.10912447661749e-07,TRUE,TRUE,TRUE,TRUE,TRUE
"Fibroblasts",6.6197331404809,6.0730210960782,-0.546712044402692,7.44508119120502e-08,6.85864302196479,6.32361340974875,-0.535029612216045,2.55563605017417e-06,TRUE,TRUE,TRUE,TRUE,TRUE
"Cytotoxic lymphocytes",1.67693020153905,1.43719413032129,-0.239736071217759,2.13559181170328e-06,1.66496418942667,1.86252367593717,0.197559486510499,0.00466571857735629,TRUE,TRUE,FALSE,TRUE,FALSE
"B lineage",3.97619376652576,3.54701296077889,-0.429180805746867,3.79217614864274e-06,3.52255269774502,3.12499231474988,-0.397560382995134,6.19972940786793e-05,TRUE,TRUE,TRUE,TRUE,TRUE
"CD8 T cells",1.58402222928237,1.42252919975763,-0.161493029524742,0.00522358396873228,1.75965284318721,1.34629163444279,-0.413361208744418,7.61788892828689e-08,TRUE,TRUE,TRUE,TRUE,TRUE
"NK cells",0.549558565506825,0.532763156063167,-0.0167954094436575,0.102376027613947,0.547792199874728,0.455930871104387,-0.0918613287703409,4.19440655428454e-05,FALSE,TRUE,TRUE,FALSE,FALSE
"Neutrophils",2.54719975670464,2.50649083980359,-0.0407089169010471,0.209816296024479,2.27136993579072,2.33307463102475,0.0617046952340279,0.0275850549422907,FALSE,TRUE,FALSE,FALSE,FALSE
