"patient_id","T cells","CD8 T cells","Cytotoxic lymphocytes","B lineage","NK cells","Monocytic lineage","Myeloid dendritic cells","Neutrophils","Endothelial cells","Fibroblasts","PCD_cluster"
"TCGA-18-3406",1.96173822976382,1.64316352990343,1.39868017717483,3.57317309788337,0.337756060771019,3.13388736139278,3.42388128934504,2.05940287447887,2.20210846502185,6.03661067850583,"PCD_C1"
"TCGA-18-3407",1.6595391036372,1.39692667603135,0.96632929454093,4.07682688269519,0.21621203013808,3.21766550628956,2.17997598641652,2.82228344665139,3.11027547557066,7.67604703399066,"PCD_C2"
"TCGA-18-3408",2.02939009535851,1.28083756861177,3.15515646287557,3.09992531253267,0.915683411364523,3.71409351909701,3.26307745159744,2.64176122125258,2.67588649242532,5.3577243051807,"PCD_C2"
"TCGA-18-3409",1.91331033692316,0.659833245699991,1.11808715069467,2.21313133373075,0.310538399862221,4.16512668158803,2.72970022395136,1.90206765619347,3.6909128965485,9.53578797175682,"PCD_C1"
"TCGA-18-3410",3.15556504583192,3.18428029441938,2.2008187081988,3.6233894787644,0.660798111248563,4.56835444489313,3.41428301991317,2.04069620530524,2.61524128224702,6.5907295758091,"PCD_C1"
"TCGA-18-3411",1.50862994249387,1.17549266504098,2.73828389133582,2.89215880662408,0.726575667044411,4.2591182789833,2.31950548258633,2.30663586476975,2.31660630316386,6.67920435818762,"PCD_C2"
"TCGA-18-3412",1.88808435351871,0.699995743667396,1.26673188192717,2.85341017583863,0.471109532750385,3.19196668098265,2.77287266241949,2.40064041877341,2.34344243910548,6.03019910740455,"PCD_C2"
"TCGA-18-3414",2.0785370231155,4.16865807967604,1.73429247706182,2.9122533151029,0.37638309730974,3.52372071302091,3.16393828673048,3.4348014664533,2.87987131470406,7.25536119721942,"PCD_C1"
"TCGA-18-3415",2.18007355847375,2.04134813109975,1.93584599433596,3.45151996168379,0.767356662860707,3.81766415403642,2.41996941941172,2.4377502557917,2.45269608771506,7.23329339608314,"PCD_C2"
"TCGA-18-3416",3.37481867882918,4.08574756080379,3.19563710984504,4.159003073327,1.99062535005867,4.82533885648435,2.72861104310369,2.68126031490383,2.04451567266487,4.84174797388736,"PCD_C2"
"TCGA-18-3417",1.38578137288196,0.69010416104458,1.00925670943602,3.00844368189145,0.222395345666964,2.86839586609631,1.63821240673537,1.33619787704866,2.45534868187529,8.4262819352044,"PCD_C1"
"TCGA-18-3419",2.24681848100422,1.64657742996875,1.54618323979102,3.66064169198017,0.491569979917417,4.03183184881183,2.20071215345057,2.9278841515189,1.73269972929891,4.77115185395909,"PCD_C1"
"TCGA-18-3421",1.88382344114736,2.57630444747625,2.43425680476147,2.28945482989459,0.29639065084666,3.38940706015615,2.65796286443911,2.0974044845344,2.12878507782822,5.27911442323009,"PCD_C2"
"TCGA-18-4083",2.28332277285588,3.41053106323797,2.42892709254112,3.272810318536,0.569925465609558,3.2897686026836,1.6345292499589,1.74211436437771,2.36205502147487,6.51555817020881,"PCD_C1"
"TCGA-18-4086",1.88142179479872,1.24640808724638,2.58394882177774,4.23184717812482,0.609449595531408,3.31178079329257,2.77609945001219,2.29950909712529,2.47991555154877,7.20299628985759,"PCD_C2"
"TCGA-18-4721",2.70088721234409,2.04568759307542,2.6765793829942,4.47406090766028,1.37172468214394,4.60647810477796,2.37496196501457,2.21771234421739,2.61507610731029,7.14739194657565,"PCD_C2"
"TCGA-18-5592",1.64708927319905,1.24446088372381,3.00924122277487,2.63978603046576,0.616224294437275,2.50816838697147,1.86195444554356,2.22435151084289,2.28047127367882,6.74628180155252,"PCD_C2"
"TCGA-18-5595",1.38393024539777,0.203514411130758,1.01942473434198,1.80544310147534,0.331082245386287,1.79296661097706,1.55315177951453,2.46044023023017,3.01279558182727,5.65631760873849,"PCD_C2"
"TCGA-21-1070",2.9810002140505,2.34073316058773,2.07371751551191,3.79252008285147,0.934007686929691,4.08060998671595,2.66616749040922,2.70726749632388,2.45006636862075,5.67440091596739,"PCD_C1"
"TCGA-21-1071",1.81952931686127,1.35428288646776,1.57965928851616,2.6448350780821,0.500405398606683,4.26748455070177,1.96776407326506,3.05368962029623,2.35312078388617,6.85371210064176,"PCD_C1"
"TCGA-21-1072",1.27083831211298,0.529071299829111,2.75059130732778,2.34305723502489,0.464334413291158,3.23767301695284,1.97875789493462,2.79118667967211,2.85725425308856,5.87987464654932,"PCD_C2"
"TCGA-21-1075",1.10426972967945,0.0961268893050061,1.87593711369,1.8123367523017,0.0635475405184555,1.99955396442286,1.61135585179598,2.24585903902956,2.18945652139508,5.16693462079776,"PCD_C2"
"TCGA-21-1076",3.30605489182179,1.71043727690691,1.6223073691777,4.30002225166961,0.547999395441871,5.80067489129478,3.65677975624675,2.62670908264404,3.73026055591894,7.6045306847029,"PCD_C1"
"TCGA-21-1077",1.83675994804473,0.595599136829893,1.05868911170412,3.99900575898985,0.375295534711262,3.54690025482046,2.49683106147712,2.10549319473245,2.37120456440364,6.84255561919721,"PCD_C2"
"TCGA-21-1078",1.05598605563913,0.620586410451878,0.912061076887522,1.87112142617258,0.357111516516566,1.79646393367137,0.957594770586155,2.27262069363426,2.42878054161217,4.15476577352688,"PCD_C2"
"TCGA-21-1079",1.31908557712171,0.465817783231713,0.955164579637454,2.29061586210985,0.332813509961701,2.99334229125683,1.40498122868351,1.99597533150515,3.36246950620757,8.20057071079879,"PCD_C1"
"TCGA-21-1080",1.97574969592869,1.79643163106569,2.00154048398597,2.89548775072654,0.33403618431059,3.83057175517802,2.80742207030813,2.36425503800294,2.38447258214582,6.26398787824603,"PCD_C1"
"TCGA-21-1081",1.50407986258567,0.441908364003589,0.889905854865379,2.30759583701596,0.277500774243439,2.78988506736727,1.6793473074954,2.60777787051388,2.56117605198388,7.70253336714784,"PCD_C2"
"TCGA-21-1082",2.71951825284263,1.46278526254963,1.42718065122167,3.49260036135991,0.680060595943978,3.64372698652147,2.02933350536886,2.29202007619273,2.53648894963722,6.61033175426578,"PCD_C1"
"TCGA-21-1083",2.36621848150697,1.80661277375351,2.6791673512691,3.46831450585339,0.537332577848056,4.34086655985922,1.53329452849323,2.01875472341151,2.68395969171533,6.66029887680513,"PCD_C2"
"TCGA-21-5782",2.16550252582306,1.47201979447614,1.77447927653517,4.13269111936013,1.33960756314895,2.66799052814425,2.22925068980375,2.20663488738397,2.94298962869878,7.49433142371669,"PCD_C1"
"TCGA-21-5783",1.48839522862269,0.949871055809871,1.57447136736251,2.77399883996777,0.157157598493926,2.71185979883527,1.9120204825657,1.96791586181929,2.70241346834387,7.89607750244872,"PCD_C1"
"TCGA-21-5784",1.74989986682459,1.60331181060005,1.71213307139234,4.15388856798365,0.701770038756592,3.20774345278509,3.83301596257636,2.43782396341414,3.04534292214149,6.29874870042396,"PCD_C1"
"TCGA-21-5786",1.54303824010284,1.17772648293207,1.03577933605116,3.55644857303219,0.25897798779291,2.6607901557857,1.77083094639166,1.73641552828281,2.21608253349028,7.284798478162,"PCD_C1"
"TCGA-21-5787",2.92075665733113,3.37959323897918,2.56749147095987,3.56915010489255,1.5089996724513,3.86740860449113,1.79089199983653,1.75789110539589,3.24373503478726,6.33112632832423,"PCD_C1"
"TCGA-21-A5DI",1.8210585319644,1.50131174924366,1.23945297542075,1.7137464373331,0.264156841588699,2.27752654980212,1.91122423373106,1.7001975507463,1.81000329614588,7.2183577835569,"PCD_C1"
"TCGA-22-0940",2.71721688777587,2.65509990748468,2.38283589471807,4.04834596279998,1.62251608592317,4.68995596686432,2.972958967066,2.38200592651539,2.48218230801952,7.35638040030342,"PCD_C1"
"TCGA-22-0944",1.25395227569597,0.492006975593955,1.74112716160145,3.12032639902987,0.130401696178322,1.88163507020721,1.97197920589388,1.93454176946728,2.25197336562688,5.94680293677976,"PCD_C2"
"TCGA-22-1000",2.91497644618869,1.72622088460951,1.62037844338777,3.8740781596452,0.456793100686608,4.57321883814053,4.76415459231328,2.15036942178735,3.31686692356097,8.56492583254056,"PCD_C1"
"TCGA-22-1002",2.32582548269636,2.33788232173396,2.03828134931096,4.1355172542774,1.00014929548982,4.34809624650195,2.48463038276466,3.98107549697023,4.49041555347332,7.72443229129382,"PCD_C1"
"TCGA-22-1005",2.07662317222134,1.90727526299938,1.58340938340479,4.38137784183322,0.509485661879876,3.65438382555675,1.61047756939717,1.88708434298224,2.02162845857893,5.86643663551962,"PCD_C1"
"TCGA-22-1011",2.48449753462854,1.12412958532541,1.28730588832898,5.60343324276345,0.494806302045315,3.0049422307908,2.19560349700944,1.76705456103849,2.86522929703959,5.9380448445493,"PCD_C1"
"TCGA-22-1012",1.98503012021686,1.32757240381574,2.04235019890981,3.58841728078524,0.19658894939919,3.2888852500054,2.71035285517506,1.83259001306999,2.3569824208402,6.61528682876459,"PCD_C2"
"TCGA-22-1016",2.06374926389403,2.50949316641015,1.30187032955269,3.10720383903853,0.610624907515695,4.87869989932385,2.11423104351454,3.40290273744807,4.02029974894585,6.75960651079493,"PCD_C1"
"TCGA-22-1017",2.25659270372871,1.07032062649179,1.49452067386465,3.83114242935687,0.669938112513987,4.03237327752196,2.92985724689808,2.49483860508133,3.26193061587692,5.80745300646735,"PCD_C1"
"TCGA-22-4591",1.96515880902915,1.69050649292008,1.31428943359238,2.72617117351814,0.352215696663621,3.2911611542218,1.95575821249917,2.77171030974895,2.7561855309772,5.32390335131509,"PCD_C2"
"TCGA-22-4593",1.57705987660701,1.58688481285218,2.17904093945312,2.47526166337731,0.34728833332065,2.87156417798316,0.979436358552595,2.33520077143786,2.94748995057745,8.7830317455647,"PCD_C1"
"TCGA-22-4594",2.38254731390198,1.84963904098014,1.28411286408745,5.00327148339965,0.363637315348254,3.6541161110075,2.86483595094745,2.48980489469941,2.24747956509032,6.38150929347289,"PCD_C2"
"TCGA-22-4595",2.16254764586659,1.21269383790515,1.82512647157146,3.51397984514116,0.884470786105828,4.07417129095302,1.41274239173448,2.70647573024722,2.68615588220411,7.76356157894796,"PCD_C1"
"TCGA-22-4596",3.37969195580529,2.23875629369042,1.8590517307889,4.7824544220828,0.754388994501455,5.06281809362289,5.11520557991975,3.0370049165206,3.67952498052009,7.80600445538781,"PCD_C1"
"TCGA-22-4599",2.64888588924634,3.06457248705191,2.7879896677727,3.45436097955036,0.591580669811804,4.29122742931138,2.19372382019435,1.93712712368852,2.13237492642982,6.14943000834176,"PCD_C2"
"TCGA-22-4601",2.0732654478793,1.3674269829773,1.3932493356717,2.93545155580827,0.284793544582562,3.44443408190703,1.58957504116137,2.53816627417359,3.06860364664554,6.09513823236681,"PCD_C2"
"TCGA-22-4604",2.57716682268781,1.65828004484732,1.45257883424043,3.33891869914881,0.307413718777139,4.40931608740835,2.97811851727732,1.80734141244079,2.66781502923433,8.11525682435926,"PCD_C1"
"TCGA-22-4605",1.99953319743129,0.627420069401201,1.06185905325961,2.90472235093407,0.321188419700162,3.93490364979468,3.08179982238507,2.99632434456387,3.67237366362527,7.34151248113408,"PCD_C2"
"TCGA-22-4607",1.5239023401507,0.743902679286311,0.951253066172283,2.88143070647943,0.336277637404582,2.94448548491439,2.31526353159088,2.28929944246795,2.6450517635781,6.88014235870408,"PCD_C1"
"TCGA-22-4609",2.87702624666229,2.29071928277095,1.92981702594869,4.82490523037601,0.39243624557527,4.35278721388592,3.38757180238216,2.61874707986605,3.47403763265754,7.57950107461276,"PCD_C1"
"TCGA-22-4613",2.49750828276275,2.93773985486159,2.39609865678923,4.33588075894229,0.623169928986869,3.87415549081569,2.24635750446614,1.77382150515396,2.20831886148074,5.67456456727306,"PCD_C1"
"TCGA-22-5471",2.86959566354504,3.21836271004447,2.18293313594441,3.25058870340744,0.515475637609491,3.43420071028218,3.13956421447334,1.59368834614045,2.12858206616027,6.61451716518151,"PCD_C1"
"TCGA-22-5472",1.87916884163033,1.3918226996645,1.53285998994321,1.83144186344328,0.419000486560576,3.83391262810062,3.82419129297767,3.55280096484229,3.968311164478,6.66475097896698,"PCD_C1"
"TCGA-22-5473",1.67007175747508,0.654527195814516,1.71136200111449,2.59173830501583,0.53163920983349,2.81885143232071,2.36455775651688,2.24635467452342,2.27110824307367,6.91641068518993,"PCD_C2"
"TCGA-22-5474",2.68930200132541,2.190804468127,2.8367464460449,4.59933767018419,1.39358814201865,4.45897261364893,2.70157750452835,2.43724101516469,2.67880185588078,6.10089115738181,"PCD_C2"
"TCGA-22-5477",2.06720305730691,1.57806921227232,3.10869915253443,3.05725922484962,0.858126883493663,3.1186920507405,1.92637670804257,2.68383975829672,2.89699373371886,5.24610582114671,"PCD_C2"
"TCGA-22-5478",1.90515390630591,0.727615550940965,1.34737247932627,4.69449132388206,0.388626715016094,3.21960298591811,2.58990830756759,2.16206848926244,3.14298189555161,7.73566336669741,"PCD_C1"
"TCGA-22-5479",1.68440480587719,0.989066325686519,2.79817466544334,3.83315033082632,0.48852553141189,2.69350473499269,2.0272445459565,1.9488647949861,2.60729812252129,6.722691413522,"PCD_C2"
"TCGA-22-5480",3.31708577773158,1.22045378604919,1.66180620718946,3.92831296001548,0.959187280359182,4.35357571137296,4.09655750329589,1.91853417095602,2.85729438977549,6.9630151901895,"PCD_C1"
"TCGA-22-5481",2.40629773921915,2.23247657119849,2.59371929100282,3.41093830918336,0.207577437741611,3.22392380164236,1.12927650763684,1.17281094269189,1.83911766624077,5.58294237805407,"PCD_C1"
"TCGA-22-5482",1.33830185729344,0.348232419239271,1.61623360786166,2.45961782077637,0.307507508636906,2.59848424148627,2.56933773930497,2.03375195336345,2.42766445414316,7.03247965461961,"PCD_C2"
"TCGA-22-5483",2.33032198698155,7.61830473844357,1.79614889692734,2.36705181880682,0.41790349632498,4.12489551301257,1.61059398325212,2.27021768819884,3.26495498454544,7.67649987885381,"PCD_C2"
"TCGA-22-5485",1.57594340599472,0.818850560895434,0.949243721809028,1.52479793930275,0.265383456428492,3.94895769465332,2.82347523176254,2.86417698844323,2.93859039522099,6.23898172939618,"PCD_C2"
"TCGA-22-5489",2.67960617725329,1.50207595604579,1.69251090850641,4.91690840563038,0.638371026076485,3.97666514387646,2.70337983447856,1.60714517555737,2.96475611624763,7.6497429003759,"PCD_C1"
"TCGA-22-5491",1.73884332005437,1.5570914439987,1.41651667194635,2.75801700977406,0.369198830628384,2.82190228582938,2.95964506264497,2.28006660181434,2.20306444315931,4.33158096410275,"PCD_C2"
"TCGA-22-5492",2.76894463979464,2.20291916881709,1.97927188934314,4.34147100779334,1.09762595982368,4.29925310537841,4.2169502962491,2.89747630401941,3.23315445437111,6.42908899418152,"PCD_C1"
"TCGA-22-A5C4",1.79630544882717,0.83745889932575,1.14918338529743,3.22479228450478,0.437997937374641,3.0790104838229,2.38211289493243,2.68457004919566,3.20818415352661,5.88907080998661,"PCD_C1"
"TCGA-33-4532",1.48413931458355,0.703455126590561,1.71291416816952,2.19738593273696,0.146619603262962,2.7733580762996,1.72820691057164,2.51193596292275,2.12748206930276,5.07910653690567,"PCD_C2"
"TCGA-33-4533",1.68812522326873,3.14505785988821,2.22853803330817,2.44063466431693,0.244575133349198,2.87995391736476,2.83304298094548,1.90354295952905,3.19598725905687,7.80521350016789,"PCD_C1"
"TCGA-33-4538",1.68502320116537,1.20795530462032,1.26310610625581,3.04602571197079,0.410751977911092,2.97885991194249,2.82407090302991,2.54752083345203,2.49323423987523,5.28687681717863,"PCD_C2"
"TCGA-33-4547",1.78353073558108,2.41692078991942,0.938568477588062,3.63322637702039,0.374474592291194,3.13640257684045,2.78394207322817,2.59357659739153,2.70513050815817,7.16275198874849,"PCD_C2"
"TCGA-33-4566",1.98624418534343,2.28261772148135,2.08836881499659,2.60106717690911,0.641835490021537,4.14700586528246,1.94709557859332,1.5460742880218,2.3626405704409,5.69103641471348,"PCD_C2"
"TCGA-33-4582",0.92143626714295,2.83268751643953,0.79513475019447,2.58853638212256,0.0759665167531263,2.20480495141797,1.40508941712665,1.22634134430232,1.35661025368068,5.81073091983985,"PCD_C1"
"TCGA-33-4583",1.57620659657559,2.04365946941087,1.89907538542005,3.0123087315911,0.643070120207225,2.54476069362368,2.67900554602678,2.22487940564923,1.89455937676375,4.63470754875699,"PCD_C2"
"TCGA-33-4586",0.905728884495435,0.441589712419546,1.86502296030825,2.0854200743515,0.385597356564066,3.27542022753315,2.36824606904528,2.18507343404357,2.48168032528286,6.67254343641025,"PCD_C2"
"TCGA-33-4587",1.7092052574278,1.97530001233708,1.11285356111325,2.42686645518306,0.162878681874806,3.23582393840742,1.5203444371775,1.67137808085545,2.7947315057076,6.04871914463089,"PCD_C1"
"TCGA-33-4589",1.41147642293181,1.92918501428392,1.52321795729752,2.59433651736521,0.368195508646671,3.49170445370666,2.07876251047566,1.62825562576321,1.33543614091183,4.05033668077502,"PCD_C2"
"TCGA-33-6737",1.86374724990123,0.703366528006636,1.42431957254873,2.03243641729012,1.2463726436346,3.52686705999925,2.02990729367231,2.99916568926577,3.31590966023949,7.02427624312553,"PCD_C2"
"TCGA-33-6738",1.50375150634632,0.620023297626271,1.06158694043567,3.80611527057252,0.233639994664481,2.70481344073895,1.57764272166348,1.80473544140199,1.98534216274044,5.22970257414126,"PCD_C2"
"TCGA-33-A4WN",2.19448170396576,0.730052977523576,1.13988357654229,4.03017627114372,0.214242002903851,2.98582273036802,2.66355150736833,2.22042417462041,1.8801191188002,5.98301202913425,"PCD_C2"
"TCGA-33-A5GW",0.851565961711886,0.147567207094632,1.89873753493337,1.34209190634616,0.0978945011516871,2.0896588051097,2.03981505663201,2.52841686601749,2.39020059353718,3.89718597292985,"PCD_C2"
"TCGA-33-AAS8",1.64769925968936,0.498148726210151,1.05637322114334,4.14844724558405,0.223502128657045,2.29261265567383,2.00816677067949,2.39236423258242,2.11680626785676,4.8255323195593,"PCD_C2"
"TCGA-33-AASB",1.08567156470052,0.386590249662717,0.704669299305792,1.93555416320696,0.271373908291666,2.37177187827722,1.78241554062878,2.74425987194227,1.97724939085586,4.6621660476517,"PCD_C2"
"TCGA-33-AASD",1.23821981330956,0.534360472368164,2.23534395334484,1.22883600760945,0.405888562483952,3.39732707218386,1.72423951138625,1.97013366293037,1.97606564969274,6.74752661384422,"PCD_C2"
"TCGA-33-AASI",2.0632833531756,1.01863417413905,1.62759444200498,4.61667354692202,0.395621786716248,2.90936149841139,1.49631154387045,1.39630602254114,2.32545445821838,4.81375997141371,"PCD_C1"
"TCGA-33-AASJ",1.6988812066584,0.84020135969481,1.74172160726915,2.72592470614748,0.359433858024515,1.83344195522312,2.04707549792814,1.92140685001238,1.39212046338447,4.2908944275803,"PCD_C2"
"TCGA-33-AASL",1.69618671892805,0.658188627995861,1.28272091404536,2.48234863838501,0.476684598214317,2.63600461006879,2.48499352384596,1.7958385022014,1.51568040603267,4.25886916405382,"PCD_C2"
"TCGA-34-2596",2.33656055906589,0.829930721839643,2.0658093172458,5.25651653950878,0.520226863542483,3.49239152310885,1.66764856208469,2.72902981279599,2.82205343441217,6.77508854893832,"PCD_C2"
"TCGA-34-2600",1.78629312850803,2.13986236801564,1.11609678648009,2.54950084687928,0.32600834017088,2.17501781942872,2.02915491101543,2.47521808399331,2.89354426906035,5.00903072657881,"PCD_C1"
"TCGA-34-2608",2.31458052511669,1.41316077559081,1.99527502472939,4.48135576983753,0.517696247262633,4.21454176368475,3.67891697902647,2.67962902552296,3.10348431816602,8.47324795073669,"PCD_C2"
"TCGA-34-5231",2.20577477934487,1.99740080895204,1.89086062430049,3.52991289099802,0.384726005240633,2.96997416869838,2.48555889357277,1.88904487668317,2.65373355007787,6.59081216507565,"PCD_C1"
"TCGA-34-5232",3.61870093478395,1.60259940377065,1.54834288231006,5.57606832472085,0.416128585432664,3.73482428716328,4.93472807393656,2.23599383354498,2.53059964863333,5.58436754590881,"PCD_C1"
"TCGA-34-5234",2.53091697520007,2.98376888619273,1.87243659799037,3.75776879042526,0.39677020234678,4.10440252582028,4.14785269157117,2.21798567127219,2.77625986173191,7.46852599985527,"PCD_C1"
"TCGA-34-5236",1.89667781277924,1.06094662544774,2.34446818227361,3.61381036215075,0.20695071962167,4.12052740111729,3.11183831403235,2.14640452397822,2.84111130136373,8.45891806761258,"PCD_C2"
"TCGA-34-5239",3.05942012172993,2.61546338184181,2.17302649268608,3.77003419184759,0.948295455767095,4.04708319372521,4.28144671165572,2.05126667027889,3.01602973667304,8.32448757561106,"PCD_C1"
"TCGA-34-5240",1.82642406595263,0.950990899878276,2.28880799535538,3.00362529597347,0.186449132412682,3.38196709284079,2.20382661611261,2.03347899062836,2.41728169506585,6.63615421049821,"PCD_C2"
"TCGA-34-5241",2.65103089537929,2.17085443879323,2.02935731531105,2.83358489204531,0.728448786290116,3.83260746226453,3.69878791624559,2.32891923405764,3.45000407886909,7.66053388319256,"PCD_C1"
"TCGA-34-5927",1.77651639452397,0.668482249541329,2.311316157049,3.26246724117021,0.4616472463021,2.60737560472171,1.92267377058998,2.46888912593369,2.55354042724179,6.47010211014827,"PCD_C1"
"TCGA-34-5928",2.07350752411036,1.42835682246518,1.53655998909153,2.55457941369245,0.263356405758101,3.41052011441824,2.24078884507639,2.10062432121153,3.12302392022274,9.27732606707891,"PCD_C1"
"TCGA-34-5929",2.2489050139268,0.756425556723737,1.23660593264283,2.17498099299144,0.332739774487034,3.50399484527479,2.62510796668596,2.19058062113922,2.93907480703333,6.85542139397933,"PCD_C1"
"TCGA-34-7107",1.57864189175883,0.810730997150753,2.52107429894105,3.08943969752137,0.317217722081404,3.46610551533985,1.52809697684034,2.18208541015614,2.81641289072005,7.68286592780557,"PCD_C2"
"TCGA-34-8454",3.0260410789243,1.82879403819862,2.03467873366338,4.64879880127791,1.00358406374118,4.11560029887356,3.97072127937915,2.99953109816689,3.29967165995473,7.39481706979012,"PCD_C1"
"TCGA-34-8455",1.76727055450101,1.48640546680422,1.30976083804452,3.02817801417506,0.271590419778107,2.58562513644439,1.30965192132846,2.88443316261353,3.3666826499937,7.48216359711588,"PCD_C1"
"TCGA-34-8456",2.0422199888362,0.982436917767054,1.93373240578822,4.14446892763578,0.242265471808645,2.91394291665113,2.51456234346291,2.14944094197679,3.07910757124535,6.31169869882012,"PCD_C2"
"TCGA-34-A5IX",1.32439863862429,0.542505701478261,1.15063091127949,2.05638789516457,0.226689870281631,2.54168863748311,2.12058670842849,2.08900373393865,2.05836676570414,5.26600863959195,"PCD_C1"
"TCGA-37-3783",2.393708814981,2.97803084545689,2.29907757742941,3.37985503950278,0.684509508548397,3.75835713247897,2.97136341485205,3.02753732567618,2.24360904452765,5.83248056254158,"PCD_C1"
"TCGA-37-3789",2.54635072525773,3.01654980488008,2.16538504176915,2.14001552708901,0.791813595898131,3.55245119719409,2.95512869492323,2.68837956271165,2.69466480382103,6.19612038724375,"PCD_C1"
"TCGA-37-3792",2.9379874594608,2.27229198918124,2.71075610948761,2.48710999801276,0.851651835060679,6.15845797411639,3.09171797627846,3.362009200676,3.43268534423597,6.61902577093557,"PCD_C1"
"TCGA-37-4129",1.05532876063594,1.69514754008037,1.03535931978243,1.10921713567117,0.135710831263967,2.64352511204431,0.902761523512201,1.95050000473217,2.83825594058537,3.91079839337875,"PCD_C1"
"TCGA-37-4130",3.38771241419835,4.88073939270573,3.2047171224628,3.78947574517753,0.815421375012718,3.84151000467401,2.58734888628341,1.27615045095781,1.62064530684075,4.56796247242564,"PCD_C1"
"TCGA-37-4132",2.70771057075771,7.42468867243611,1.79433422883613,3.81426309412488,0.443979608944323,3.25029325766708,1.68589285717436,1.62136310662463,2.18109453522523,5.3209295953302,"PCD_C2"
"TCGA-37-4133",2.0434350327441,1.48186722665096,1.48429607884043,3.2413239714872,0.310857741858633,3.40573812431351,2.50964737532014,2.23583155503246,1.8935494031211,5.0509566909828,"PCD_C2"
"TCGA-37-4135",1.71281519760154,3.22944949120206,1.21986496501614,2.72451275973101,0.186555340592371,3.42373923814829,2.38226036553959,1.66727107622179,1.80368118540598,5.14833928303203,"PCD_C1"
"TCGA-37-4141",2.29449821096396,5.90139067072251,1.5275139191593,3.28504690120755,0.334497776978692,3.91859187182851,1.91519018172376,1.56321234605848,2.69357381292539,5.75279454476732,"PCD_C1"
"TCGA-37-5819",2.16319467576301,1.45396526539641,1.20936284350242,4.14538800405515,0.283863056883954,2.32803435046822,1.1546650186725,1.54645623263969,2.35321318367051,5.686600706262,"PCD_C1"
"TCGA-37-A5EL",1.59217679838459,0.729095908137104,1.56976047278298,1.75732408554778,0.650684654016831,2.13139080235638,0.873125531275236,2.13614156540211,2.11287583754685,5.40454094499537,"PCD_C2"
"TCGA-37-A5EM",2.67041773386006,1.5856356013623,1.86319628835339,2.72330520347298,0.701252648306801,4.23504414256784,3.79322103132395,1.82221069166592,3.32803085650024,8.16402443576816,"PCD_C1"
"TCGA-37-A5EN",2.15386005169747,4.95477792500507,1.59352847729395,4.58240707577939,0.307527425233094,2.83280898591306,3.27068053131616,2.07680139291178,2.41763486123512,5.41406436628544,"PCD_C2"
"TCGA-39-5011",2.85824980770685,2.37139158392421,2.46114649009024,3.65544870210337,1.61638906777431,5.24830751346743,3.94710181177345,2.66463838897993,2.37566274680062,5.59342249340664,"PCD_C1"
"TCGA-39-5016",2.71057028664009,2.33061576251032,2.29090906094395,4.26308394411018,0.643466630768274,4.1313396956514,2.31456407127278,2.16070998819192,2.13454701539304,5.20901637464048,"PCD_C2"
"TCGA-39-5019",2.68782919518121,2.15946772926677,1.83442773294332,4.31706141511771,0.298647858632428,3.54360249695218,3.55862240273492,2.02138033163779,2.78697753228045,7.19342851189222,"PCD_C1"
"TCGA-39-5021",2.56069580657548,1.5724531568317,2.44295769751289,3.950864823918,0.327841553580118,3.7621281021015,2.38364128139479,1.91434778202171,2.24834347761053,6.63047819595719,"PCD_C2"
"TCGA-39-5022",2.9391704051415,2.81099827521754,2.74027861918869,4.73501569082447,1.00640171496816,4.24670027782433,3.26376838067644,2.26462535883152,2.84675095482515,7.11205665649522,"PCD_C2"
"TCGA-39-5024",2.01967218352867,1.33696886223949,1.25576992993665,3.44684688695822,0.385042326524286,2.46032665674067,3.22200666516302,1.81236270349671,2.53262998658242,5.09288661577992,"PCD_C1"
"TCGA-39-5027",1.03250454301714,0.984042426097024,1.29093625757667,1.52528932007496,0.128863678146386,1.67174688060464,1.66451303275804,2.14572009842588,1.87907414922541,4.22252147487981,"PCD_C2"
"TCGA-39-5028",1.92902615984383,1.32860671742742,1.82444455913613,3.85057892688041,0.501933775237645,3.52721200284103,2.42598265288596,2.4299434636614,2.48376394022136,7.56448556103256,"PCD_C1"
"TCGA-39-5029",2.18708447518396,1.90095372924753,1.77796988213452,4.48660369251484,0.523372625599116,3.9344327539364,2.47657754821203,1.89312442787354,2.71198932287753,6.85067317022776,"PCD_C2"
"TCGA-39-5030",3.07913610123641,2.23777784291201,2.26550896972628,5.06919422044087,0.96608777411589,4.32887315705723,3.23904135779358,1.50349571690107,2.65197660966157,7.23838870867144,"PCD_C1"
"TCGA-39-5031",2.58386854074894,1.91945450183384,1.45722315817945,4.16458401988874,0.325679244343988,3.3174290434219,2.961898788293,2.2666209553716,2.90934586931227,7.23198178797602,"PCD_C1"
"TCGA-39-5034",1.96227000869348,1.38095104362585,1.55175241512271,3.98364093157236,0.493765319741405,3.10775972620002,1.77750884886906,1.81303334379354,2.54240811622507,7.09125515474338,"PCD_C2"
"TCGA-39-5035",2.55281875289004,2.54961988909773,2.12946465227919,4.1094083892975,1.29508190464288,3.39523315027473,2.80551248894865,1.40770996627363,2.13129066565822,6.40581864875649,"PCD_C1"
"TCGA-39-5036",1.3166769596471,1.26423615104355,2.45294270617011,2.96634539986439,0.467216728376294,2.42007395493061,2.52051198324276,2.27082112113986,1.7213005162497,4.3151535238349,"PCD_C2"
"TCGA-39-5037",0.862124219747472,0.664300785340037,1.18431082043383,1.59654413384245,0.0885699155657204,1.40936530417904,2.36060570694556,2.01369023328165,1.42686442465713,3.18747929964906,"PCD_C2"
"TCGA-39-5039",1.57178202393289,1.65475630776546,1.32513625784171,3.64260387760482,0.274002829045942,3.35939565691059,2.19775950919238,2.15926003982605,3.42974415432583,7.94849070954377,"PCD_C1"
"TCGA-39-5040",2.3529021468992,1.15840166259378,1.31237604399204,4.31065364939389,0.527226477564979,3.42546578079633,1.0997844797302,1.6776859225517,2.7986761839307,5.44531929994022,"PCD_C1"
"TCGA-43-2576",2.00915641785778,1.58149587100138,1.4525111791409,3.55181113416457,0.557298974167565,3.94604584858839,1.58286485085016,1.60139401362253,2.89333293615108,7.36773178914812,"PCD_C1"
"TCGA-43-2578",2.56378335133007,4.53190541458635,1.80808389223582,3.22101179144869,0.708138629172809,3.79205790040258,1.82617810247416,2.24419364519961,3.00394016372875,5.92722762569188,"PCD_C1"
"TCGA-43-2581",2.223790375063,1.2288494676618,1.79423516820805,4.11981693011721,0.982117610233588,5.07249304472698,3.22479701354378,3.2064666607065,3.11456081725595,6.89882125193181,"PCD_C1"
"TCGA-43-3394",1.64936730598099,2.44373924602935,0.980265860995841,2.70888059887499,0.172934326802717,3.28322593888438,2.18338881960188,2.32562177787373,2.69946842259768,6.68703354840815,"PCD_C2"
"TCGA-43-3920",2.17001462374654,2.79788455899235,2.1569540673176,3.12711408549666,0.536930059325377,3.25846911412499,2.53182885725861,2.30607498354173,2.22388507279384,7.37212758577417,"PCD_C1"
"TCGA-43-5668",3.22734810089554,2.54675867043477,2.35661785231421,5.33706532479721,1.30767750886842,4.67037704676069,2.97774206150376,1.95612390504781,2.60070246466391,6.11829611174424,"PCD_C1"
"TCGA-43-5670",0.998102505204101,0.26435627052581,0.645568358689255,1.67124934845014,0.0965540606968881,2.31736637955781,1.63855967424045,2.30269313735122,2.17228729786775,6.3766046184196,"PCD_C1"
"TCGA-43-6143",1.87604102500544,2.84014092044186,1.46640500397333,2.93780456802893,0.661989783282373,3.91578628562409,1.53861314743593,2.69905394537589,3.36067564504397,7.47405813946311,"PCD_C1"
"TCGA-43-6647",2.16723722604134,1.02672925048749,1.15720235058938,3.87057073141533,0.488576353437969,4.03900667345394,3.10847132447954,2.16024202851743,3.17501295963742,9.22240034270076,"PCD_C1"
"TCGA-43-6770",2.08578759117367,0.579566360160212,2.23351301783212,2.73430267395207,0.275241700477104,3.5087364674071,3.11555376204869,2.55607415638635,3.26235471594182,7.8828981395537,"PCD_C2"
"TCGA-43-6771",1.70355932645142,1.09767821070746,0.986963690599071,0.813146100197759,0.209294080806479,3.24492488284874,1.79884398004276,1.94277158908823,2.66943624285366,7.45764622320308,"PCD_C1"
"TCGA-43-6773",2.21136440911486,2.08440448293435,1.49281438360289,5.40068549216618,0.499331284161065,3.57084493429783,1.74546808858595,2.13179463610796,2.97433916931416,7.27276250140582,"PCD_C2"
"TCGA-43-7656",3.35203993281709,2.34995967231836,2.9293093731189,5.7723762584146,0.625803042007519,4.25562298966117,2.3435458152488,1.9690232892875,2.87750488965909,6.81345004549091,"PCD_C1"
"TCGA-43-7657",1.00666053931229,1.00050485491985,1.37702796761554,2.77380507134376,0.0680652842870292,2.67879769343499,1.68175613144913,1.72430849953412,2.7408036352283,7.51990697175653,"PCD_C2"
"TCGA-43-7658",3.17723295007472,3.13856875740703,2.28490951531057,3.09288455247316,0.631300221572746,3.8298033721726,2.54432795617247,2.11197170324509,2.16060376218194,5.05224764401976,"PCD_C1"
"TCGA-43-8115",3.39231326915923,2.43135552157352,2.40340145300217,4.08761125111236,0.739436651230112,4.6084507328721,3.37266380153812,2.12669726629136,3.33628157093168,8.54430273787922,"PCD_C1"
"TCGA-43-8116",2.39311184735681,1.05893985455623,1.55914766487654,4.74141956706052,0.631251101061001,3.10840309583633,2.39497139753591,1.79892752451285,2.58560352129679,6.99259724960893,"PCD_C1"
"TCGA-43-8118",2.09080249068235,0.897705111548611,1.15675015400044,2.14001484252097,0.339552080939032,4.27493085418655,2.60101096723258,2.98497458317051,3.34491702566675,7.08432956861294,"PCD_C1"
"TCGA-43-A474",1.33177638077332,0.0592168165537986,2.05698820578727,1.20074534164241,0.137977581622159,1.6070140255429,1.75989445101031,2.10455101954268,2.20246144093607,7.73179554329086,"PCD_C2"
"TCGA-43-A475",3.60288523951553,3.68857203796902,4.0116402438163,3.86921550272587,1.0107118901019,5.16799576342169,3.59628699971976,2.37883886936588,2.25591866960923,5.89557327080439,"PCD_C2"
"TCGA-43-A56U",3.06098484887416,1.40909218246896,1.93256487001968,6.40468249571683,0.619394383237912,3.40914934114587,2.46762054932935,2.21035850939545,2.63015954918403,6.17400197454592,"PCD_C1"
"TCGA-43-A56V",1.50710006099576,0.859094922525315,0.967340189429239,3.69249974815199,0.257372636258871,2.96254524576402,2.40000939266768,2.41114037522182,2.53819654116555,5.91753704760904,"PCD_C1"
"TCGA-46-3765",2.40539789056715,1.59774568541945,1.49382174273841,4.08486366484546,0.332819035946576,3.23510646775125,2.13298398438557,2.34423263434725,2.43724664701135,6.8255126987303,"PCD_C2"
"TCGA-46-3766",2.65183697066376,2.10514166032342,1.80065034184771,5.07364896705873,0.439343641803842,4.10798767567363,4.1540679116191,2.29224959506093,3.56770385059898,8.62906536089455,"PCD_C1"
"TCGA-46-3767",2.79755201365283,2.49249415167943,1.61952418274562,5.14390322464461,0.709404269013507,4.18436205833535,3.57665623434447,2.69633093682208,3.91846094607198,8.71524085140893,"PCD_C1"
"TCGA-46-3768",1.4159436319533,1.19503256501146,0.947675473333155,2.16019047038819,0.236278324939218,3.89724310280851,1.34049273702248,2.39277377120827,2.32731057594226,5.85752304896431,"PCD_C2"
"TCGA-46-3769",2.59216008545135,2.36723126284393,1.71401016882159,2.85235913554425,0.181440586961717,5.16278518050862,2.28394455874348,2.11931228876342,2.68814715585677,6.72771717385734,"PCD_C2"
"TCGA-46-6025",1.21727694177834,0.496820230594296,1.53777431349699,2.15639930086435,0.129219996265812,2.75043276812963,1.01978978871085,1.90964745452347,2.39382790557024,7.17229677948299,"PCD_C2"
"TCGA-46-6026",1.52750634266375,3.30525556067116,2.36822436372592,2.7683373427864,0.305790867504455,2.0531031298322,1.60910756123512,2.65484272295107,2.59898646418198,5.29307933206968,"PCD_C1"
"TCGA-51-4079",2.00721973157814,1.11503324294624,2.27259885287655,3.46490261254573,0.328168113010924,3.87740918129199,2.95936638912966,2.61825130614857,2.65071738178009,6.91693245702824,"PCD_C2"
"TCGA-51-4080",1.2205375798672,0.434348000692569,2.44102016366388,2.10736922083631,0.191328332621733,3.25047257935404,1.46660843977365,2.05867322462924,2.67780795143514,4.5320840502898,"PCD_C2"
"TCGA-51-4081",1.29509198453636,0.298071734933995,2.20477613242761,1.71828032314491,0.342216921699823,2.48922704424725,1.71211558097804,2.48764211454332,2.72302387393974,8.07676973479338,"PCD_C2"
"TCGA-51-6867",2.39564191004437,1.91701158447013,2.17407974356101,2.50447347247688,1.13545146536688,3.23737442598872,1.4811436381341,2.37414721491644,3.2818913877832,6.88423765040988,"PCD_C2"
"TCGA-52-7622",2.71766122363952,1.59206229778748,3.39623480813942,5.00657775625388,1.03999072007558,4.3495451544801,3.50277348288955,3.20616405067588,3.47658288052884,6.81544902845951,"PCD_C2"
"TCGA-52-7809",2.2941672639494,2.87231658575036,1.66828338069529,3.80342424186876,0.440041171758638,2.61404145888603,2.06361640088489,2.59175343903665,3.27308192996496,6.72317040300369,"PCD_C1"
"TCGA-52-7810",0.692538783539487,0.220577606590899,0.322070534368652,1.59146932446521,0.0741198664711233,2.19270077577463,2.61252650278972,1.54321953267376,1.87817771892409,6.88600642668241,"PCD_C1"
"TCGA-52-7811",1.68019931401744,0.874285490498035,2.39863997839323,2.86868474778108,0.381219036985655,4.18806111131852,2.37122894453689,2.41777496304358,3.98943832373079,6.87812161104446,"PCD_C2"
"TCGA-52-7812",2.58962830482814,2.24385184325508,1.85108678896253,3.22034251781789,0.494448302961702,4.69822372718135,2.59931549679378,2.07018365903755,2.50039784442715,6.29481386397063,"PCD_C1"
"TCGA-56-1622",1.51877026645824,0.449957483628004,1.02936928703279,2.1350077124905,0.370118926875785,2.39582200261151,1.62622148323286,2.2037566452093,2.44698201947653,6.6591392723555,"PCD_C1"
"TCGA-56-5897",2.24375736638287,1.62667275260599,1.76471096928185,4.08524078934197,0.397423749132836,4.6715606890467,2.57008159322962,2.37043723461825,2.84429073553448,8.33460318355906,"PCD_C2"
"TCGA-56-5898",1.96432424960004,1.06377902977057,1.9955049772583,2.77639896232377,0.328436489278549,3.43505648981796,3.30664981515477,2.44604547817044,3.36413514278156,7.6744294786705,"PCD_C1"
"TCGA-56-6545",2.51081997999438,1.33433943990693,1.75555817877602,4.02845189237879,0.973027275158085,4.54381540265737,2.85054432050991,2.56952165155639,3.53815494966247,9.01799926555225,"PCD_C1"
"TCGA-56-6546",2.62591611078229,2.43418784656846,2.24796105213202,4.37332837782532,0.37410548033121,4.25963296503618,2.21409084331616,1.78844726344879,2.31125079435855,7.17180230750024,"PCD_C1"
"TCGA-56-7221",1.37972615733533,0.24049751707326,1.8109447200428,2.60939003520543,0.111751270853428,2.49810486622767,1.93246503340874,2.16642561758234,1.92464711666386,5.23312347794581,"PCD_C2"
"TCGA-56-7222",0.975569171074277,0.0648828515848544,0.946786488738253,2.46904781834723,0.101361387820836,2.30822376593937,1.8838957078574,2.40106655320556,2.71057287100609,5.87641423088854,"PCD_C1"
"TCGA-56-7223",1.07517045938059,2.00773372004163,0.885261359223377,1.12841628434125,0.187223832804989,2.03116165472207,1.14360734906752,2.03263789702597,2.55366248141755,5.80048459333963,"PCD_C2"
"TCGA-56-7579",1.38071330200619,0.0870554345433757,0.478372825304281,1.89912498895034,0.223324341453303,3.53536842043076,3.04133751270596,2.29053768025008,2.59478200529954,6.02184782538068,"PCD_C2"
"TCGA-56-7580",1.67607352441437,0.540820830906168,1.13773556444252,3.54736883895693,0.306940883607326,2.69653027373021,1.75351800538536,1.91353956477782,2.13933251651456,6.64642238876972,"PCD_C1"
"TCGA-56-7582",1.675872886417,0.96908600652994,2.80716166835611,1.94275050189781,0.506104284545816,4.06473476831383,3.03110275158697,2.25840448954012,2.58299300646283,5.70339957721179,"PCD_C2"
"TCGA-56-7730",1.39559879566682,0.38714192839717,2.0849505787016,2.20469409485458,0.0967014243693465,2.11965250519368,1.60721506735208,2.51385485413566,2.64644902715152,4.35101272495109,"PCD_C2"
"TCGA-56-7731",2.02666349543681,1.10621429609097,1.07498815983321,3.99503043087858,0.285892424902059,3.41917473703314,3.03954270805814,2.82624882623512,3.50730039301012,7.44354392996542,"PCD_C1"
"TCGA-56-7822",1.60944856153139,1.05457067503243,1.16165030122277,2.02330440387439,0.199802393426505,3.37490318033944,2.52840902411276,2.59086185987401,3.00270522311176,6.38863720641575,"PCD_C1"
"TCGA-56-7823",1.55100393583293,0.2482919377391,2.46794393663332,1.38602372416382,0.431877647566376,2.70201944780496,1.96513306679841,2.22602454820914,2.39733986159768,5.62676396626176,"PCD_C2"
"TCGA-56-8082",1.50566809057983,0.22650852980868,0.959325551261332,2.46638145590484,0.142053903965443,2.84674187287515,2.4070897954881,2.74553918755452,2.60156060756125,6.25793869336345,"PCD_C1"
"TCGA-56-8083",1.41561101838584,3.53673677456944,2.24164910972277,2.3115159621396,0.349820201896279,2.54641571014948,0.738717288978955,2.16278485259428,3.30421954789632,6.67251989053875,"PCD_C1"
"TCGA-56-8201",3.17220905835099,2.73868138057431,2.4251746250334,3.58015926261945,0.768168314641025,5.46457729944838,3.25119247904787,2.29494798914488,2.93977622828689,8.01711864171114,"PCD_C1"
"TCGA-56-8304",2.08910978332314,1.18059346158936,1.5169199078611,3.62503396267709,0.245928648250013,2.34503927672611,2.15007406537511,1.50396609423296,1.90792406126677,4.7790569471585,"PCD_C1"
"TCGA-56-8305",1.55322537558394,0.346077534535597,1.66974152076384,3.39296941714681,0.210216458824534,2.97723703624816,1.22100938749706,2.16787569738394,2.54275104269971,6.94884397677092,"PCD_C2"
"TCGA-56-8307",2.4708364302424,1.65594710373983,1.68340073279069,2.89939547344617,1.01720233414428,3.35752125313889,2.74524289503274,1.66654060435548,2.39414416005904,6.16339246046995,"PCD_C1"
"TCGA-56-8308",2.03349867967319,0.94755395320741,2.27133996706204,4.49263937555844,0.245570992176602,3.18430057916462,2.69831885710261,2.2876567360886,3.02283703591733,7.27417892061855,"PCD_C2"
"TCGA-56-8309",3.91906645581104,2.55819415026373,2.39311562000803,4.10756024379696,0.69977381638976,4.80905918748492,3.70420073711424,2.25356016356246,3.4149573085885,7.91171283622531,"PCD_C1"
"TCGA-56-8503",2.51808887810977,1.60852540589573,1.57119549103293,3.6713422329552,0.527853674755019,4.22092266441652,2.97267615575336,2.58086536756381,3.25655492288545,8.5675027116564,"PCD_C1"
"TCGA-56-8504",2.26028813248653,1.81241607665794,1.78683883678683,3.00811875263172,0.540825146320992,3.86968499274552,1.86005714243846,2.47128638566919,2.73858904366958,6.97151005248625,"PCD_C2"
"TCGA-56-8622",1.42602567830491,0.179001399099244,1.27612517343603,3.77327747081208,0.287126495650455,3.14415781303803,2.08717136317584,2.25401054849043,2.98918703125557,7.46290265546198,"PCD_C1"
"TCGA-56-8623",2.89908092347007,2.03903308385611,2.75491825195391,3.0309305589996,1.00986776001942,4.63824761291893,3.21957308048106,3.5289897048986,4.59361250048324,6.1820290747918,"PCD_C1"
"TCGA-56-8624",1.95087366454423,1.11709656577113,0.950620619238268,3.84888029929861,0.290711266417167,3.02280775278002,2.11533789736297,2.59777073500958,3.10785909784887,6.97809988136376,"PCD_C1"
"TCGA-56-8625",3.6250740743051,2.34922371893827,2.89854307868826,4.28449189377819,1.85234038484348,5.15379000339951,2.88877826997031,2.30264782482831,2.91147788788071,8.17146715053398,"PCD_C1"
"TCGA-56-8626",1.79491101133745,1.03344062213263,1.08731129856849,2.85052519630291,0.299222901270906,3.24808449326226,2.81528843388101,2.63441317197645,3.86665896213137,7.91647258301827,"PCD_C1"
"TCGA-56-8628",2.88657328010934,2.60968405471037,1.75951273443487,4.45268685414527,0.518774567177081,4.46756815937425,3.90111478385622,2.64608393046618,4.07608742639589,7.48652657389769,"PCD_C1"
"TCGA-56-8629",1.50815181264332,0.863066228272598,1.38112363568386,2.35235458486671,0.396298544557675,3.44666757878125,1.98768737156158,2.29854416419458,2.172723582754,6.8269610986365,"PCD_C2"
"TCGA-56-A49D",2.81389448434967,2.69866299988588,2.61872274413688,3.13748655114349,0.560416177704276,3.71434759197722,2.51080646928791,2.48863814538917,3.10153098017693,5.74957134090657,"PCD_C1"
"TCGA-56-A4BW",1.99059215971508,1.55988333124832,1.57838630233171,2.70255867477445,0.506303091615279,3.20314845036666,2.45539740723395,2.31214721389743,2.18132538640773,6.65031998070803,"PCD_C1"
"TCGA-56-A4BX",1.22654742960833,1.67133866831809,1.98802152939522,1.5285715519192,0.0959660564073217,1.72355041136455,1.88555483626615,2.28730077265266,2.33533604853314,3.86089102903112,"PCD_C2"
"TCGA-56-A4BY",2.49582073486555,1.23768607912017,2.01084654254557,4.11608074557074,0.506847822760394,2.97439422993619,1.91065867630338,2.62604707556357,3.37412147791935,6.25084730766894,"PCD_C2"
"TCGA-56-A4ZJ",2.27499653952953,1.02403593545551,1.76133147453621,2.55403436002898,0.74531269117519,4.42750408871331,3.56829040133144,3.00728018787614,3.78061865182849,8.33162264841589,"PCD_C1"
"TCGA-56-A4ZK",2.66991706778757,1.72146015917608,2.96681214867286,3.09960779551379,0.484470365349574,4.35902561425145,3.44877306829395,2.54679817647744,2.38047072161828,6.29076238072941,"PCD_C2"
"TCGA-56-A5DR",1.82337888997609,0.810072870873324,1.39155355977923,2.57646351653701,0.294457489458931,3.7402135765272,1.95227948479946,1.99617193124045,1.8793854370621,7.09542185206758,"PCD_C2"
"TCGA-56-A5DS",2.37125397024496,1.53958069893295,1.44938787889489,4.87997369767968,0.458023083573825,3.02327564532878,2.99637090138084,3.17749339121297,2.71465141392006,6.47108868621996,"PCD_C1"
"TCGA-56-A62T",1.2820700660447,0.0858325236749548,1.19585899905653,2.72337140879772,0.764419620174266,4.32082227308958,2.35259831241715,2.25501696881938,2.29887629234432,7.47593481322319,"PCD_C2"
"TCGA-58-8386",1.98812652837337,0.773996325111173,1.89271209381065,2.87912139136681,0.505087353817559,4.68127896772037,1.8072792228537,3.48265053710488,4.03971205180798,6.68575374766018,"PCD_C1"
"TCGA-58-8387",2.42899403116373,1.45275355848589,1.87128781283754,4.61510578191742,0.391585305490069,2.70742005803641,2.74274272268169,1.63922574304686,1.67501000511432,5.28063940930115,"PCD_C1"
"TCGA-58-8388",3.09952425114536,2.2936647616236,2.32346924273631,2.89177650495092,0.785519067048956,4.30438262327338,2.51484793995585,2.42182223512793,3.91875455017524,7.38000788154052,"PCD_C1"
"TCGA-58-8390",2.0052136813946,1.38294386956899,1.7324952775164,2.059367120611,0.373736496216293,4.09589553263317,3.90703093367566,2.56377217474317,3.17977304076764,8.06316599381225,"PCD_C1"
"TCGA-58-8391",1.38270515704054,0.587268968104325,1.31052992335512,2.29694967588104,0.293512419372916,2.76983473762454,1.90366511986738,2.96238502612276,2.34561575541502,6.16052673494974,"PCD_C2"
"TCGA-58-8392",1.35548529381179,5.41548489078557,1.41458185560153,2.78247242745823,0.262999791861453,2.27943866045958,2.40764897670751,2.56212378618023,2.69977004678784,5.52870562387413,"PCD_C2"
"TCGA-58-8393",3.11582531565722,2.53558021581738,2.54293276787121,3.5206521934203,1.38684814309188,4.92678279708364,2.30641800968972,3.27694355611585,3.49305385580874,7.12771340683899,"PCD_C2"
"TCGA-58-A46J",2.33284826831947,1.19055165203227,1.28947478515665,3.56629422853284,0.234318392017499,3.33136617605909,2.39377192377113,2.66061506966645,3.39344668069768,5.77840692493465,"PCD_C1"
"TCGA-58-A46K",2.25969107912906,1.61847360308248,1.95441158535361,3.38760824101524,0.415422017830712,3.36718370931316,1.4158763239042,2.21247551556107,2.30719395792574,6.09534158538057,"PCD_C2"
"TCGA-58-A46L",2.74694723546688,1.94504579663449,2.12175413149739,3.25434067352761,0.933744406887729,3.97098387357429,2.22787524316158,1.59657725645635,2.67783875687031,6.76118505492412,"PCD_C1"
"TCGA-58-A46M",2.15771275052741,2.01760127347191,2.07364629709828,3.00218017479853,0.639688279132066,4.59399021643086,1.62666815166188,2.32204070829817,1.99117767763294,5.86553951517181,"PCD_C2"
"TCGA-58-A46N",1.37903853793641,0.652234072909237,2.20517306286546,1.8651481504298,0.311674381189363,2.00718243617122,2.49258596617894,2.25975179693365,2.18169206861204,5.37631211916285,"PCD_C2"
"TCGA-60-2695",2.63808411926265,2.49400591388673,2.05628128252362,3.93501690389558,0.932475630576324,3.4905401900162,2.2754659833349,2.83389557273974,3.26659154990335,6.49576527849995,"PCD_C1"
"TCGA-60-2696",2.28444008359453,1.48974843312034,1.7421127415185,3.65780146913953,0.515783754989788,3.87668210081016,3.14380892802399,2.93629659557721,3.34436280238047,6.58848949890986,"PCD_C1"
"TCGA-60-2697",3.42097433664006,2.54557305603503,1.92182155634352,6.68934416085382,0.610472591722477,4.00905550015345,3.05114138298282,3.02538311546585,4.10126501547959,6.824650464186,"PCD_C1"
"TCGA-60-2698",2.62136204663174,2.99304026980014,2.44905657217334,3.4326113273778,0.460225995840178,4.62190731430785,3.3570159345881,2.70072637373855,3.5294897482443,6.64241801196956,"PCD_C1"
"TCGA-60-2703",1.26768405489806,2.71670561851314,1.45471652819711,3.84496838601391,0.40939444889145,2.96515372877766,1.43688143417733,2.61601330741507,3.08406127442415,8.21567457257788,"PCD_C1"
"TCGA-60-2704",2.68470201750621,1.87841146477366,1.8066985387065,4.74866773917218,0.603057592734939,4.45780068012839,3.0558840291403,2.90070816081977,3.60127659332213,8.211546519505,"PCD_C1"
"TCGA-60-2706",2.81332551972312,3.51234067918098,1.98445266763763,3.95312542066248,0.807447049204117,4.74198442973318,2.35337931236482,2.72192675314594,2.72734775960862,6.27875755983312,"PCD_C2"
"TCGA-60-2707",1.48103273552116,0.84197311892718,1.14985488063593,2.608770254949,0.697651798963019,3.56533996840466,2.5410028921315,3.49231989554811,3.01378892565738,8.03063417737693,"PCD_C1"
"TCGA-60-2708",1.09128196148721,0.460061020977341,0.486400091266827,1.9515463011312,0.323468552400775,2.92563459866534,2.35409424703071,1.90865370843617,3.1746610330615,9.11541955790407,"PCD_C1"
"TCGA-60-2709",3.04874286878628,2.36171222233318,2.41168046228358,4.23554265410448,0.559645157679813,4.84217902352255,2.38516003505689,2.33056429310465,2.93938781752599,8.03644942258019,"PCD_C2"
"TCGA-60-2710",2.45186492517807,1.61239968342801,1.95807308178204,3.98350576837598,0.430786805019213,4.08518327903125,3.65633551562988,2.82967978246303,3.388450464259,7.33461903286756,"PCD_C2"
"TCGA-60-2711",2.24944423073349,1.76600142515282,1.63335750068755,3.46199251118078,0.566005520930102,2.74604387927348,2.77735055243185,1.95754977881483,2.7159284970575,5.70344294528591,"PCD_C1"
"TCGA-60-2712",2.87280341065627,1.89681433190821,2.24566814331526,4.92789731739839,0.5043772703455,4.15102017087268,3.25296292129847,1.71113324269206,2.79095512481822,7.16544760086573,"PCD_C1"
"TCGA-60-2713",2.79362784281436,2.11649784050175,1.92256686016995,3.1174184346277,0.559284875050258,4.51934703758566,2.49779060404921,1.88862615098106,2.97889001941539,8.20958124647381,"PCD_C1"
"TCGA-60-2714",2.35186189883219,1.5009040067013,1.97272393106504,3.94972247029133,0.505009846187633,3.85703649192046,2.5969174207779,2.20731106430069,2.82677237735952,7.11671900616924,"PCD_C1"
"TCGA-60-2715",3.04865694680422,1.49518347790833,1.89477582140395,4.1513231067575,0.845972078023303,4.49121391736582,3.18109993794701,3.05174143968267,4.42772862900358,8.40106612297312,"PCD_C1"
"TCGA-60-2716",1.30311780153187,0.684818737553223,0.511775947937543,1.66291153913218,0.315625344085259,1.97823835788681,1.8144652336778,2.22403910254551,2.53315150627296,5.13610302055692,"PCD_C1"
"TCGA-60-2719",2.10608433091293,2.21222691104331,1.60242219373435,2.93663025444657,0.32734970557701,3.61611959816576,1.83321525363301,2.35512201997622,2.90981765300854,5.53993846629993,"PCD_C1"
"TCGA-60-2720",2.03327579041587,1.55792467766588,1.24570662079653,3.90834714384277,0.19594300076663,2.83598020867618,3.08953391693511,1.8212609094299,2.45838376683525,6.66784581658377,"PCD_C1"
"TCGA-60-2721",3.06042129916811,3.09271486352265,2.23431597204784,3.74184953623915,1.0145677272351,3.74317558042201,3.07403790012888,2.39869195970308,2.50104790330923,7.741797005187,"PCD_C1"
"TCGA-60-2722",1.36302307681883,0.324580214560063,1.00153359695005,2.18233063899591,0.283512044513168,2.86638423682963,1.54600780899173,2.37019122285229,2.37072927457356,5.66807446900263,"PCD_C2"
"TCGA-60-2723",2.33775758583489,2.11280020061116,2.20680037057237,3.51572987131513,1.40324152348365,3.91906651097777,2.16015834622563,2.11653166527,2.5931791570236,7.31372707159834,"PCD_C2"
"TCGA-60-2724",1.44612511034131,0.201131966907887,0.936377533401659,1.50113751167862,0.269127679466004,2.95434848309944,2.45357185109829,2.46795447101674,3.1899010353956,9.20208185301816,"PCD_C1"
"TCGA-60-2725",2.88289090241261,2.57971116302163,2.0571939926072,4.17038601484284,0.637475794226748,4.59805821044949,3.8134882412122,3.11579705359226,3.4968304124099,7.7293575065942,"PCD_C1"
"TCGA-60-2726",2.67535753819228,2.12829340100982,1.753928523841,3.6319255195441,1.33135033834743,2.6259671319574,1.94420332971126,1.62554920592023,1.42753328075109,5.97627379167447,"PCD_C1"
"TCGA-63-5128",1.02503405574974,0.302874670365585,1.0805885739284,1.98416869287692,0.131761338101635,2.34911080432001,1.20202999700031,2.26498689762448,2.55721473405741,6.52196556162883,"PCD_C2"
"TCGA-63-5131",1.26113068703792,3.97477708233952,1.2085221909576,2.36990511016656,0.244455482589636,3.43254973581511,1.955000185808,2.76723875678938,2.80426810637934,6.46780869756495,"PCD_C1"
"TCGA-63-6202",2.83056156113118,2.6228600880871,2.2796173409348,3.22482936844511,0.844939848071512,4.86314016362988,3.67069459969795,2.42925696562197,3.39122999417584,7.23774126190223,"PCD_C1"
"TCGA-63-7020",2.22233569217174,1.75561401004188,2.22291458760296,3.22960367380425,1.12520368673326,3.51454900812115,1.96157217584771,2.7198361981509,2.9263228814351,6.22998863161227,"PCD_C1"
"TCGA-63-7021",2.180329639742,1.22989550083389,1.43518011446042,3.74951382044655,0.772109236431075,3.35751130707006,2.07370740604852,1.85068612210188,2.56278610206368,6.8349851612296,"PCD_C1"
"TCGA-63-7022",2.44940869109809,1.30170469621916,1.34612374370753,4.52389049066417,0.508947777624946,3.91258807618277,2.24243394178708,1.56695722966006,3.06894090761655,7.95496887231269,"PCD_C1"
"TCGA-63-7023",1.94119053089677,1.78404325202667,1.65571731330683,2.6424538048077,0.521773067755537,2.91606556554152,2.01056457504448,1.52011864590684,2.21615432822916,5.46573243911699,"PCD_C1"
"TCGA-63-A5M9",2.48192490188115,0.788268082866837,2.45687869744041,3.58405613437594,0.481166291814146,3.74012259227067,1.8978766236717,2.39940363956837,2.77137028329962,6.75029070116778,"PCD_C2"
"TCGA-63-A5MB",2.0117509513576,1.00626211318484,2.37600866364865,3.15766675821976,0.586798911977779,3.35888577495735,1.57112836386042,2.40078556477696,2.86807709744755,6.07848574092093,"PCD_C2"
"TCGA-63-A5MG",1.76682963615148,0.498148726210151,0.987180419117547,4.42510340167069,0.329238495436032,3.03614567167931,2.602439223682,2.4640379007669,2.39281025336151,6.05880759367622,"PCD_C1"
"TCGA-63-A5MH",1.78991281791026,4.13101321308385,1.46347310371106,2.25656144858872,0.314384094982898,2.6362526663803,2.23708399395493,2.03701143681263,2.38870184194987,7.08750305208396,"PCD_C1"
"TCGA-63-A5MI",1.20247664542224,0.481195592928954,0.907184621043001,3.09405501497759,0.164725521647702,1.99841016936132,1.43559249183798,2.20252316501797,2.19731666029774,6.49341002635331,"PCD_C1"
"TCGA-63-A5MJ",1.72945053251257,1.31039829262647,1.7644043717006,2.00380141818763,0.336852143285345,3.77864039925354,1.39462906546027,2.19877273278346,2.87556102113365,7.5105709953451,"PCD_C2"
"TCGA-63-A5ML",2.0795809407126,1.84775643734181,2.03446179019664,2.21226320986782,0.782522678380506,3.75130883426144,1.81841569277355,2.45260368647977,2.79324554970733,6.53929536710073,"PCD_C2"
"TCGA-63-A5MM",2.54193420548699,2.17625893516436,2.29320981755787,2.82482318414923,0.862779526989095,4.49429117558981,3.05825939783911,2.74183788744185,3.45574400715581,7.46611616439062,"PCD_C1"
"TCGA-63-A5MN",3.24283378350607,2.34582213754306,2.24718162158012,4.42560793523516,0.694309373369035,4.41420543738538,3.14260626380882,1.60583346241357,2.5014829456375,7.28266250941663,"PCD_C1"
"TCGA-63-A5MP",2.98952222979972,2.34953512964875,2.0007879946496,5.24852771158441,0.439772882827046,4.47635777348835,2.65702219439159,2.52511693221001,3.1348336554625,6.21452150520821,"PCD_C2"
"TCGA-63-A5MR",1.79549450549649,0.443712728093499,1.15863075249604,3.2370961286521,0.311597160895527,2.76159648825022,2.19959856534895,2.0863924853394,2.01229960308791,5.86183794882813,"PCD_C1"
"TCGA-63-A5MS",2.57539246421883,1.49098080367439,1.54864257729817,4.13168003924597,0.463946668457153,3.87455055068277,2.79366689270113,1.97712629990901,2.96261604095341,7.72690942539255,"PCD_C1"
"TCGA-63-A5MT",2.01513000046812,1.29113201200875,0.967327099821866,3.52279980540944,0.285859648478469,3.87997476875432,2.80237838061036,2.61737210410455,2.68941066379633,7.57428900489832,"PCD_C1"
"TCGA-63-A5MU",1.31523549545129,0.456701031008205,1.25117991196982,2.61746237758723,0.160238468469793,2.34670766933031,2.2610939037882,2.53192545388309,2.10095622002321,5.2243472997309,"PCD_C2"
"TCGA-63-A5MV",2.85933531144375,4.15689005170635,1.49118237115172,4.47806970493758,0.388319400718171,3.85171160843844,3.27360117606593,1.9238578638184,3.05247636819233,7.72161360102402,"PCD_C1"
"TCGA-63-A5MW",1.83565775809452,4.0512328723211,2.84619960064087,1.27338319854581,0.400777510750633,2.95879041460281,2.14332714229727,1.79682472034852,3.37715487170606,7.90393162697853,"PCD_C1"
"TCGA-63-A5MY",1.07275184206041,0.801075859167457,1.10451738796996,2.06051417858288,0.106412514578145,1.65482207560468,0.841758873456149,2.63844677307473,1.91391836111218,4.02996591272046,"PCD_C2"
"TCGA-66-2727",1.81245323595115,1.19993926779604,1.39312548498595,3.32083230301803,0.409476214182488,4.3120307400038,2.7748873448825,2.60132940352443,2.03616262515367,6.61783172679026,"PCD_C2"
"TCGA-66-2734",1.55338921681264,0.441483479582645,1.00877854295688,2.22552417879807,0.379674684845566,4.33138656710983,3.51090643805397,4.06856020038038,3.05545981058977,7.151255360397,"PCD_C1"
"TCGA-66-2737",2.37133119881467,1.57681234075926,2.33565285619076,3.49678172969642,0.558644183272477,4.44942852178058,2.52707646463371,2.38072977564871,2.92986578625104,8.60525357419339,"PCD_C2"
"TCGA-66-2742",1.72080759560241,1.62905347654775,1.20554857523686,3.96065433013014,0.387221045081991,3.6134715723343,2.59733814439157,3.20772657472541,2.88420038717413,6.64590103310286,"PCD_C1"
"TCGA-66-2744",2.77193267793757,3.05938989080583,2.68352178973303,4.93980894269822,1.14809627906585,4.74533335638907,2.15977438268797,2.41963906129926,3.47654524416892,6.74274977806355,"PCD_C1"
"TCGA-66-2753",1.8640478496504,0.886589164918182,1.12410768386633,3.94383030958762,0.285507258934687,3.4138004486268,2.32714654848868,3.01821039707797,3.11348237008588,7.09439011458217,"PCD_C1"
"TCGA-66-2754",1.26670273730057,0.4756037446846,1.16190584974499,2.75946543838805,0.156544378175304,3.08387794284427,1.0161507224059,2.40417831901767,2.41422510006798,5.10292765528581,"PCD_C2"
"TCGA-66-2755",3.18134110908399,1.6935873154028,1.64934775137302,3.76909275667324,0.574571951865079,5.38385845526104,4.78186368765865,2.51611665391822,3.1762785856958,7.34576557573669,"PCD_C1"
"TCGA-66-2756",1.73852107337123,1.05547333589843,1.21706299964301,3.24863491611511,0.453035894977728,3.17845046132957,1.18388798504689,1.96305560231816,2.48769242416717,6.2794804221966,"PCD_C1"
"TCGA-66-2757",2.47475608868315,3.09818371593024,2.60460032778732,3.19202302104588,0.3455819572544,4.22513610802956,2.37567464433637,1.9953971496319,3.11305877652512,6.74633773345447,"PCD_C1"
"TCGA-66-2758",2.77108614594297,3.31029649006206,2.99166823582362,3.64156810768561,1.39485326304431,4.26845753766902,2.54409270246655,2.59177459897938,2.12663684238573,5.94866083539801,"PCD_C2"
"TCGA-66-2759",2.31845612608102,1.33009941806848,1.59839825463418,3.86655363479625,0.55599675484198,4.31149761609001,3.19363472657431,2.20205554488784,2.64088088561428,6.82356756606851,"PCD_C2"
"TCGA-66-2763",1.74623509546047,2.33219233758349,1.93993538711783,3.90556761906131,0.711433280779925,3.35547861504819,2.33399578757826,2.46137658777557,2.6611954714684,6.12158095905341,"PCD_C1"
"TCGA-66-2765",2.05236901844025,1.06983962506863,1.2519311473853,3.19694913883491,0.305796622376091,3.93114272425441,4.07532490628617,2.07239080614009,2.8873928783037,6.92962754095222,"PCD_C1"
"TCGA-66-2766",1.65890183529554,1.56169272139831,2.07537632343986,2.52010525859452,0.329934680276498,2.78108631333727,1.40786965358935,2.02492057558946,2.49073609034411,6.4137482540709,"PCD_C2"
"TCGA-66-2767",3.3994638647163,2.79771858412479,2.36400262649985,4.93917018878525,0.806255714394728,4.58167887929163,3.90787739421104,2.12181677157564,3.16240174038978,6.63314867378791,"PCD_C1"
"TCGA-66-2768",1.98413914835394,1.47860946840451,1.70695585534451,2.03265219629057,0.716418611445307,4.08670168574363,2.58222458448288,2.79510015840112,2.74236152136549,5.71165510814495,"PCD_C1"
"TCGA-66-2769",2.41438514834633,1.35580563894407,1.69562556813265,4.30953231577653,0.494089235374781,4.24303872936517,4.11837244028905,2.32182993242482,2.98850935871479,8.06038943711258,"PCD_C1"
"TCGA-66-2770",2.35246411952081,1.88213434855422,3.42437977186347,3.71016571991155,0.921767487954025,4.17097314969662,2.74203107288537,2.67935405924051,2.83975199068259,7.72846637648683,"PCD_C2"
"TCGA-66-2771",2.53801626440415,2.54703023656092,1.85023576522946,4.65549546450125,0.652308317507502,4.40855248290557,3.53985234385452,3.13933083127257,2.29729736570021,5.78808790851048,"PCD_C1"
"TCGA-66-2773",2.56496578368137,2.34329410786244,1.71685809806722,2.91973617240532,0.543892677592573,4.91063731646718,2.80172544268832,3.20357179969747,2.88941113456795,6.62028701018565,"PCD_C2"
"TCGA-66-2777",2.20721973617938,2.38852020299317,1.27935804672583,3.38797299439451,0.238336694889955,4.48290683366696,3.61677069408926,2.99926126022268,3.25137729417198,7.22050659577859,"PCD_C2"
"TCGA-66-2778",1.31081938750717,1.17216745005327,0.864396036223563,2.80657784823243,0.140787559442571,3.31072653035895,3.75352255779935,3.02991610533597,2.01859110799495,5.25260189058418,"PCD_C1"
"TCGA-66-2780",1.66387140381564,0.761115033814441,1.09768612340038,3.43627799116238,0.370774767195437,2.94454045756979,1.97768321806386,2.19787997910687,2.56449774765413,7.77592669895327,"PCD_C1"
"TCGA-66-2781",1.42746209465209,3.54848594676032,1.17913353017335,3.67169739851585,0.312378593988883,2.9687317635712,1.90254589821231,3.2855432043056,2.3681417253867,7.17895011329567,"PCD_C2"
"TCGA-66-2782",2.30044401366623,1.47601869975782,1.63781797593772,3.59775830541067,0.749550508932997,4.42053816907695,1.97090481644857,3.05994710453824,2.37459650749957,7.00903029392848,"PCD_C1"
"TCGA-66-2783",1.85104360389482,1.2364620038381,1.18056952654772,3.94271288411695,0.373831304494977,3.019423960109,2.67506577365674,2.5926513074413,2.70043093838295,6.44858513190238,"PCD_C2"
"TCGA-66-2785",3.07454875575277,3.31350708075885,2.47402287960424,3.94401593822697,0.930075721643608,4.45523071130833,1.58127402815908,2.56416885156721,2.14092785635236,5.90532499023202,"PCD_C1"
"TCGA-66-2786",2.2234322590817,2.0621562587892,1.800837982973,3.50348995053779,0.725036478318647,3.98577495328757,3.04561651394051,2.60393170432025,2.96296804178546,6.31209695977569,"PCD_C1"
"TCGA-66-2787",2.64199609519429,2.58229104303452,2.43714985989396,4.23390461215097,0.53764891640877,4.53394678398126,2.67913679134144,2.36141459657989,2.82938273816691,6.16735498989553,"PCD_C2"
"TCGA-66-2788",2.38559752088723,2.27467912499797,1.74632858080319,4.33805182080323,0.478262417250382,3.78120637302452,1.7741420063952,2.79077179797255,2.97531469308161,8.11694219833097,"PCD_C1"
"TCGA-66-2789",1.81984384183044,1.78207301543385,1.47703373675679,3.86068337286443,0.475724269757494,3.60184829176293,2.95362147770143,2.34944709817141,3.53809229925517,8.277818162849,"PCD_C1"
"TCGA-66-2790",2.52023537169238,4.37792887873281,2.03838490780944,4.18578968223697,0.595832203869531,3.73038420970778,2.13746172506049,2.294964629733,3.17861822163222,7.1584504630344,"PCD_C1"
"TCGA-66-2791",2.76297003224206,2.52554273319505,3.02457787564204,4.44653299023767,1.48830961176304,4.33110792463363,2.11213676507617,2.17554930892133,2.53786258754616,7.43942955138922,"PCD_C2"
"TCGA-66-2792",1.85514142557173,0.838669450993192,1.41599600888862,2.88579652923428,0.455212639313864,3.3171979488735,2.35895852902472,2.06914594765419,2.55747161343897,7.45144445747562,"PCD_C2"
"TCGA-66-2793",1.37736180909776,4.0128546813428,1.03477041262958,2.30234104761071,0.1930790763731,2.03721027971424,1.2643307816297,2.40590387705016,2.4192862587751,4.98438167763235,"PCD_C1"
"TCGA-66-2794",2.99442835357844,3.76927453725649,3.57342409327026,3.58122658219533,2.10366652836937,4.52714703896802,3.61340386759054,2.14970618469369,2.05379564118379,5.36954122874269,"PCD_C2"
"TCGA-66-2795",1.87053656423712,1.30585381696872,1.31607950551878,3.33671123094301,0.242916167075501,4.53920419947869,1.9033549678979,2.53918686895739,2.61838273184387,7.44733896976825,"PCD_C2"
"TCGA-66-2800",2.21457375018564,1.01128093610049,2.19935840331019,3.61728462473348,0.322586940185986,4.35245637928513,2.66793003031882,3.12305508496595,3.11849038014339,6.78041836448441,"PCD_C2"
"TCGA-68-7755",1.61264381418389,0.719227257433423,2.75829479599699,2.35862861028833,0.328314182050416,3.09617948988825,1.45741792381818,2.07583585498497,2.93844457467389,6.96259104434995,"PCD_C2"
"TCGA-68-7756",1.59469897933145,0.668391476895822,0.929528060281351,3.1649625008118,0.216449346368316,3.69553383598513,2.8869583409782,2.68283542072652,3.07333328201209,7.26379108676808,"PCD_C2"
"TCGA-68-7757",1.82356769047709,0.393745670660825,0.675170387686247,3.22507687585415,0.504323928185387,2.88859107189614,2.78626350095747,2.46616615019575,2.57810368790598,8.10350905966847,"PCD_C1"
"TCGA-68-8250",2.30090828498724,1.74131596742751,1.76612254047598,3.69919387171253,0.40792381515162,3.79007182932041,2.62665880384849,2.8319000128701,3.60817678975745,6.46136817081101,"PCD_C1"
"TCGA-68-8251",2.49271028992011,1.61960081872017,1.69457972576347,3.55813024209434,0.702471635819587,3.44591836334923,3.08040764562759,1.76566595572623,2.81993846601621,8.35249471295711,"PCD_C1"
"TCGA-68-A59I",2.71095445879311,1.52852131124355,1.54301256383126,5.55789445712599,0.414266010888032,3.20427865877483,2.44433004023496,2.2007554105423,2.77263410276491,7.15946483704701,"PCD_C1"
"TCGA-68-A59J",2.42634645789234,1.5183337015285,2.40576711838215,2.9515328104353,0.698031667085096,3.6201976206127,2.72513833056327,2.80498934228008,3.19621688386727,5.89426346679405,"PCD_C2"
"TCGA-6A-AB49",1.27698413546499,0.400756503183251,0.93309858320643,0.461244599196704,0.204173611499065,2.02889430160845,1.16195862865602,1.51688427622714,1.46809480998262,3.54872485510098,"PCD_C1"
"TCGA-70-6722",2.19262539790861,0.975189937561848,1.30506757750707,3.51204420355327,0.520572929063617,3.98848086310287,2.6947175202411,2.15351001536041,3.39511227342629,7.92083408583447,"PCD_C1"
"TCGA-70-6723",1.41423069726855,0.945457882833256,1.46418476741672,1.42033469142802,0.550095130601373,1.82470826955306,1.2906319982725,2.32409008898943,2.56937222094482,5.27842193655653,"PCD_C2"
"TCGA-77-6842",3.01726145276372,2.53923327086604,2.77651785293387,4.00638406284066,2.01546002465952,4.62785562925922,3.64224392577688,2.41002338326052,3.55904419371395,7.24685586944869,"PCD_C1"
"TCGA-77-6843",1.42624432491145,0.307661669187727,1.89260990177447,1.99287953670766,0.180128636307964,2.74748067843442,1.98809241514366,2.32802441083092,2.76875752187498,4.22804794474158,"PCD_C2"
"TCGA-77-6844",1.85287600538574,2.28685158406228,1.27256012466786,3.35131846370733,0.372475985745177,2.94911698913803,2.36831318099192,2.71934938482275,3.2174308217016,5.81985623481359,"PCD_C1"
"TCGA-77-6845",0.993716766129012,0.246590502905181,0.512927000353815,2.10239199007003,0.177802709384651,2.51664528870695,1.14267411754167,2.47277396548361,2.73356810694473,5.78391871215038,"PCD_C2"
"TCGA-77-7138",1.24903941382384,0.181166174269977,0.842146321984925,2.48423198997402,0.218935163829598,2.44380780665409,1.90978123166473,2.15722438272527,2.28327515671352,5.6974169557068,"PCD_C1"
"TCGA-77-7139",1.75660563138258,1.68947808835962,2.93484304101742,3.37349074333255,0.256003250377118,3.54965752048554,2.5059149055657,1.79698309095743,2.71347078534487,5.4017033301345,"PCD_C2"
"TCGA-77-7140",1.37434656940518,0.272620454662992,1.72290597522109,1.67618552001274,0.484372255887083,2.37516951514199,1.8553880808998,1.86612076974259,2.18778168290304,6.74768858371259,"PCD_C2"
"TCGA-77-7141",1.60173236439567,0.706906234231557,1.54736600283404,3.25030808680694,0.311635441001163,3.25553673488335,1.61598403912416,2.46077838244445,3.01831990225798,5.54105792664437,"PCD_C2"
"TCGA-77-7142",1.67334246104292,0.867342995359762,1.71228294457385,2.28574094940068,0.493858892345707,3.76989428670515,2.96771330324251,2.62146567351414,3.5320498302486,5.79281051274079,"PCD_C1"
"TCGA-77-7335",3.19646503185112,3.29163302454012,2.42542785226282,3.02314695423882,0.492875624302546,4.62901537802365,2.52135255358445,1.45654792901745,3.07932342931631,8.18191171173214,"PCD_C1"
"TCGA-77-7337",1.81985753722685,1.82448274761927,1.65966771756388,2.95676320896549,0.535770148443014,3.62953212017014,2.83278428712211,2.44015778737214,3.15761581135529,7.94583897369358,"PCD_C1"
"TCGA-77-7338",1.91585629121665,1.04760818364211,2.62750416493986,3.7437410738242,0.370587479983144,3.8617635429198,3.29395494634202,2.8103182466135,3.27911860350375,7.7467061775952,"PCD_C2"
"TCGA-77-7463",1.24156811182388,0.191562650700756,0.975938611583997,2.47309524894225,0.336581705686608,3.44694497016836,3.07264359414773,2.4028686055582,2.20688432464623,5.09067092123413,"PCD_C2"
"TCGA-77-7465",3.12726252567714,2.64025072145402,2.58730637788045,3.62199087626415,0.685898943552775,4.10937228765884,3.0441029487281,1.77348220706062,2.36647813769167,5.89068318321395,"PCD_C1"
"TCGA-77-8007",2.79648761872449,2.2449479310478,1.97628790884177,3.55848583129655,0.468836969368612,4.77282770308932,2.18814719140244,2.39019127661003,3.1046547010531,7.85493289851261,"PCD_C1"
"TCGA-77-8008",2.19441039699917,1.28232118183243,1.28960999849214,3.33472773517924,0.431354496972542,4.15225058922726,1.99403384822659,2.28167234706857,2.86723739871627,9.59866847521281,"PCD_C1"
"TCGA-77-8009",1.60841024808592,0.58111017522555,1.71209022806564,1.67173211668763,0.498814491410499,4.20156970060974,1.58189536230297,1.96459777597958,2.41994291723487,6.74264817585333,"PCD_C2"
"TCGA-77-8128",1.30671836157191,0.693230455580099,2.19418771989484,2.01602457833907,0.157442134613888,2.1089089210546,1.31386650784322,1.96310415119106,2.79941647220707,8.2437240889826,"PCD_C2"
"TCGA-77-8130",1.14595708758485,0.242084170550013,0.842745068428867,2.4228845986665,0.164797096407474,2.38462811538533,2.18910932728656,1.84038559758708,2.67710432955256,8.91926057883071,"PCD_C1"
"TCGA-77-8131",2.99172949830465,1.8641366092102,2.0631804001756,4.55067257541669,0.644202495383132,4.77407514786897,3.56378476444923,2.29570732902396,3.3202704947084,6.89002972163547,"PCD_C1"
"TCGA-77-8133",3.32801162686721,1.27506666176574,1.94059184739156,7.0584419648771,0.49231459379547,3.99899901761716,3.89446759921978,2.08040562142184,2.80504664209354,6.17737416322092,"PCD_C1"
"TCGA-77-8136",3.18142732466798,2.41207693883269,2.37892060100919,3.54806542816612,0.787070165345352,4.57751972869671,1.95813901526724,2.13943365063864,2.7672837478208,8.37518597092412,"PCD_C1"
"TCGA-77-8138",1.59822931963853,1.18662732668292,1.1297799380926,3.02712770913827,0.520633270362844,3.47152326118707,2.21216875196446,2.29406363093803,2.90199115077576,8.0030644332398,"PCD_C2"
"TCGA-77-8139",1.89235492923052,0.846633717408972,1.61298884602447,3.77184316789858,0.354139065972103,2.57770887728477,1.61497639785494,1.73089322200318,2.38805552148682,7.68175879118194,"PCD_C1"
"TCGA-77-8140",1.56632061298433,0.843421123439057,1.06563039505091,3.66419648597986,0.294375769345692,2.51477416581348,2.14031032268495,2.1637430306434,2.64293854727553,5.73746034190183,"PCD_C1"
"TCGA-77-8143",1.88835771001412,0.835600745019295,1.04932489465469,2.27965928359409,0.295878805747586,2.7688171139987,1.9974998565515,1.73940596273114,1.84820582748783,4.99266743092453,"PCD_C1"
"TCGA-77-8144",1.49337901859692,0.591104905064779,1.22935297970754,1.69974348516002,0.318447963578545,3.12635338019587,2.31505758699813,1.89938568023663,2.38799979846294,5.76008073019167,"PCD_C1"
"TCGA-77-8145",1.86251839324937,0.47653722581771,0.984577008054507,2.88205088202906,0.274040509301554,2.70615353903827,1.75866660948865,1.8418963949283,2.6980857315207,8.93247737456881,"PCD_C1"
"TCGA-77-8146",1.71694874606935,1.00590295685824,1.12535731543623,3.27852491700192,0.14723990121111,3.28871679818212,2.26664846696418,3.04504521985751,2.97428311728855,6.98663078751613,"PCD_C2"
"TCGA-77-8148",1.99009882537146,3.62807365419614,2.44306011474818,3.5585476008972,0.26785422110965,3.20052655538136,1.69182863982817,1.77414992385329,2.64372642843846,7.34774772139592,"PCD_C2"
"TCGA-77-8150",2.61373744765989,1.84374270494853,2.01214982358171,3.45368267972451,0.342733482640423,3.57513688048544,2.11133419356366,2.47701197403652,2.88670386964807,6.03002854431521,"PCD_C2"
"TCGA-77-8153",1.46108780224396,0.59569460683892,1.50704777787703,3.03341186329675,0.152224674561269,1.70736941236547,1.41523698833746,2.32605356889699,2.31652544602276,6.01201513380014,"PCD_C2"
"TCGA-77-8154",1.16720057753256,1.40026466600854,1.60803968348609,2.92460600106851,0.179160055698664,2.57593217191006,1.33265341363878,2.12299506253269,3.03211730054388,7.23764944707361,"PCD_C2"
"TCGA-77-8156",3.3129213681734,2.58183327024072,3.69677039171704,4.6331844781184,0.930381026823556,4.36009262401114,2.10874463693106,1.86001255594907,2.94142598412798,7.61975940377452,"PCD_C2"
"TCGA-77-A5FZ",3.7189995177052,2.77799825566867,2.25481592035102,7.01508597662865,0.675048749498897,4.93507876770308,2.90972250491353,3.3948120246399,3.86594344457561,7.3588689612837,"PCD_C1"
"TCGA-77-A5G1",2.16959976380265,0.803392378827051,1.31767227129551,4.31184997651683,0.31018717313197,3.64471540497983,2.09014398195262,2.36113179864025,2.7871525682908,7.04947560086543,"PCD_C1"
"TCGA-77-A5G3",2.27510244451463,1.35287149595341,2.82511179401021,2.277633187742,0.29932593343175,2.88960896256664,1.98014948453466,1.93183179382664,2.30328525894878,6.74980160905138,"PCD_C2"
"TCGA-77-A5G6",1.56476997449138,0.765874164089725,1.04328732156405,3.41044330458312,0.216370591080761,2.66404691824661,2.74119571393275,2.29980693655834,2.76362165933374,5.62013993666604,"PCD_C1"
"TCGA-77-A5G7",1.62356665927393,0.910425672851666,1.56186355445259,3.19064454380445,0.158098700566589,1.96876838204131,1.76581808690072,1.60142538986666,2.25686179026657,4.69795545086274,"PCD_C1"
"TCGA-77-A5G8",1.41231621656012,0.877273088925582,2.04845427380382,2.96705559845184,0.222740855627916,2.91996735794823,2.61939648956463,1.85726300955663,2.16953828316218,6.26532646465698,"PCD_C2"
"TCGA-77-A5GA",1.65827449965758,0.385927956594824,0.855127284378919,3.74837090938165,0.326146428866996,2.68392694739293,1.98684613000996,2.13678025760087,2.33283983492159,5.2813085673098,"PCD_C2"
"TCGA-77-A5GB",2.10415039247581,1.21151066288354,1.80150305784179,3.76742859088415,0.511719279801821,3.54500887491674,1.89518591106301,1.97556345864375,2.21329533346146,7.10242862878897,"PCD_C1"
"TCGA-77-A5GF",2.09461557798907,1.05672224237454,2.10941254103021,4.07143775204999,0.452436536761724,3.57447458786591,1.732789840342,2.20421899149866,2.78878955008977,6.75137823719909,"PCD_C2"
"TCGA-77-A5GH",2.98040709110309,2.32774484092117,2.19925090227773,4.40207624594784,1.44719285762388,4.31659503343212,3.45844683947252,1.74524164293333,2.70328751320463,7.54193116071925,"PCD_C1"
"TCGA-79-5596",1.46660824052366,1.13211615953372,1.61816007286266,3.16576614731348,0.204332382112793,2.11300803054297,1.92217647220672,2.14150224897511,2.37802598760951,6.21541723116204,"PCD_C2"
"TCGA-85-6175",2.71797807504027,1.80990829238343,1.79605431852877,3.20426481102662,0.53671413379803,4.57670489842176,4.65756095271448,2.59745637531287,3.64761262721875,9.49046363868348,"PCD_C1"
"TCGA-85-6560",2.24816838953091,2.06660588420444,2.4139018015965,3.55080947317851,0.620133647633636,4.57381005386475,1.6594294827462,1.56954166703592,3.57517281296589,7.37969138790572,"PCD_C1"
"TCGA-85-6561",2.73298788477895,2.19531609808661,3.20542251234808,5.0604115798359,0.551586699051221,3.97325131280839,2.37618475976726,2.52687420785717,3.06060505407652,8.06113302648928,"PCD_C2"
"TCGA-85-6798",1.33856262960574,0.185486004128078,2.17125674028863,2.14356093586437,0.151153995325825,2.24500272995356,2.39699665991461,1.96442287835314,2.22188105340985,7.62221526729598,"PCD_C2"
"TCGA-85-7696",1.92690769627625,1.10601323762212,2.01821761768587,3.21015985363352,0.554517397153497,3.52363785165633,2.91672298299192,2.48948716909279,2.47188794157782,6.48131691999705,"PCD_C2"
"TCGA-85-7697",2.52903516485325,1.12240767587279,2.11561322976494,4.96945133987754,0.595868404730028,3.20715741479838,3.29019063469112,2.34079882180733,2.85273324422603,7.03683807951652,"PCD_C1"
"TCGA-85-7698",2.92477766442878,1.68315744808926,2.89737341630516,4.53354295667823,0.534213551587806,3.86829750248188,2.71827410897363,2.17378780343282,3.1193710874986,8.30992137791884,"PCD_C2"
"TCGA-85-7699",3.27807930157528,2.96154924705039,2.77294612964159,3.99218356283996,0.528257246435414,4.51514648349047,3.03663416704209,1.78592523749562,2.65260907822682,7.30153057002136,"PCD_C1"
"TCGA-85-7710",2.0690042521688,1.23143240844797,1.74498017761099,2.57803497303314,0.759997699775937,3.142559300499,2.34240540879564,2.66752462754252,2.84911226828584,6.06418674974288,"PCD_C1"
"TCGA-85-7843",1.90347909563124,1.33382442669844,1.22282073350626,3.45653261831884,0.287579136672776,3.7368802420561,2.63404849680306,2.31854605766005,3.16909409254129,7.26282231280438,"PCD_C2"
"TCGA-85-7844",2.1103514915359,1.16658691407045,1.82071777234941,3.68888777984191,0.935859311964238,3.97158118131103,2.37101695657427,2.72939490742082,3.60405073672261,8.32606522504544,"PCD_C2"
"TCGA-85-7950",3.83306291677944,2.03396913993936,2.53462976692071,3.38928566243092,1.22710558510408,4.07087759043082,2.98410786216753,2.05205397273752,3.01049515365497,8.67091807009383,"PCD_C1"
"TCGA-85-8048",3.45160016641421,3.41740698236647,2.34087306565467,5.42339072786437,1.05651748123742,4.27181069990199,3.19692678659955,2.28621626736549,3.88427700509704,7.94177873010831,"PCD_C1"
"TCGA-85-8049",2.89273413014497,1.95255722268219,2.2289453710307,5.34765599081083,0.637290553797393,4.33980813270152,2.89712931677314,2.87620882367335,3.25536851541368,7.76801223754559,"PCD_C2"
"TCGA-85-8052",2.03145887610234,0.90596697519228,1.62723328514184,3.81858139774404,0.164243735738777,3.45490812315612,2.42205052792207,2.4470080917185,3.08687232709217,6.46188035251967,"PCD_C2"
"TCGA-85-8070",1.23490223239627,0.335826223940496,1.01411185870847,2.53969764178717,0.211109362018528,2.10755805795653,0.946901996837339,2.26260794303813,1.55003855175348,4.67902281034292,"PCD_C2"
"TCGA-85-8071",2.12992092195467,1.13257684267001,3.36989068250905,2.5480476284299,1.22338120617759,1.97756255040921,2.74612781376703,2.65159203180215,2.39718995017442,6.85759353554018,"PCD_C2"
"TCGA-85-8072",2.21212271130738,1.25199170213171,2.39551770173809,3.99091097226884,0.656058436724161,4.02603129775909,2.87435541545768,2.65491920708649,3.01601011125867,6.26000475008459,"PCD_C2"
"TCGA-85-8276",2.71234644771146,1.95724601360168,1.90452538258349,4.64808312147539,0.449386572879483,3.57888647025613,1.8406246787555,1.7453872695969,2.67081559062663,7.97772665585121,"PCD_C1"
"TCGA-85-8277",1.93010147730237,1.0801118598616,2.42023766157469,3.28003883233275,0.646003384852481,3.87498982685202,1.75647097650362,2.18711858690299,2.20842491382094,6.55225743394022,"PCD_C2"
"TCGA-85-8287",2.89576842707851,2.26606688734343,2.10640110153893,5.34049466339535,0.667824556675918,3.71741705757637,2.46969060819103,2.00646777768702,3.15581226228778,8.29350718108407,"PCD_C1"
"TCGA-85-8288",2.38840507557453,1.43520185588707,1.84420318119474,3.02810100485491,0.680546150403584,2.97584207105669,3.19082400651283,1.6596303076427,3.15641636148325,8.62944120232965,"PCD_C1"
"TCGA-85-8350",2.39287172940281,3.34135958984935,2.13059905447794,3.91557386147466,0.46656773704332,3.3128979954887,3.55827273989219,2.24622808606301,3.49031531389048,7.93129613049647,"PCD_C1"
"TCGA-85-8351",1.30473424371602,0.609660418115207,1.6377388763364,1.92997680758164,0.835415220533256,3.6849577202359,2.4186467148382,2.50528611193685,3.87005900921411,6.63156406299485,"PCD_C1"
"TCGA-85-8352",1.05730830228247,1.01414101542524,1.07725050754816,2.0388854315071,0.296007486744574,2.39491958242767,0.956008457057268,1.33674594357561,1.91277329288753,3.53611549620855,"PCD_C1"
"TCGA-85-8353",2.61708241832283,1.21865719295879,1.60633610212315,4.69926531703437,0.516698351611268,3.44083552052811,1.49987595036429,2.18336277012724,3.37300711692425,8.41606344956747,"PCD_C1"
"TCGA-85-8354",1.549753467313,0.41435205632883,1.33914932773142,2.34564014915247,0.449587521116587,2.2752773584962,1.10771907690104,2.28796493448445,2.14136262630054,4.5604737643254,"PCD_C2"
"TCGA-85-8355",3.82905165626767,2.86012851412289,2.99058173013794,6.52593290949584,0.986740954450685,4.98672030855749,3.45342636808097,2.3609686922541,3.18493850036204,6.38902367102935,"PCD_C2"
"TCGA-85-8479",1.26218094807005,0.278698481668324,0.526621469515204,1.20296562232158,0.152432659179218,2.06881864040562,1.9830695848765,2.43754749528464,2.41371708660577,5.65267463646757,"PCD_C1"
"TCGA-85-8481",1.70767634608565,0.791605724704551,1.17860466651797,3.17040919571126,0.262215825624218,3.15044708829027,1.70260441219238,1.84069476855721,1.83941760672255,7.91233653085478,"PCD_C1"
"TCGA-85-8580",2.82001400524202,1.19282540355239,1.96421453559509,5.04114435284536,0.16977072643601,2.89530485989901,3.10538058284548,2.45760119427151,2.61264661500618,5.60426519343387,"PCD_C2"
"TCGA-85-8582",2.21036163853916,0.988266585426173,1.30890435964111,5.22537476402338,0.410318969598607,3.6403670600463,1.89736532766872,2.19746080096453,3.281226245078,9.51487034415893,"PCD_C1"
"TCGA-85-8584",3.03355165259453,2.60859637032606,2.42081838452071,4.66911296257188,0.891814740204245,3.57341913213894,1.74026156629267,2.25873073858883,2.58473217250475,6.73965493713222,"PCD_C2"
"TCGA-85-8664",1.32513421106775,1.29801306375154,0.911762997139733,2.012793455924,0.176101134902509,1.73670462440444,2.21035932412415,1.87619269013668,1.61605452241472,5.41493987115764,"PCD_C1"
"TCGA-85-8666",2.16575461469972,0.74536642658117,1.41383951480402,2.55902727787106,0.46587087228912,4.33383635100961,2.39079421674276,2.56845339465703,3.32215795462128,7.93892371599684,"PCD_C2"
"TCGA-85-A4CL",2.44539587346666,2.15500438185968,2.39025654293328,3.63221918173037,0.526788598581081,3.28866763129342,1.75632897131024,1.80522396038659,1.85353359320647,6.08202965792334,"PCD_C2"
"TCGA-85-A4CN",2.22549499771423,1.57782759123625,2.83305560043829,3.14109607428917,0.270542738541424,2.87393957071768,1.7444706005297,1.8350211460362,2.7387844443194,8.16605952105962,"PCD_C2"
"TCGA-85-A4JB",1.93323230540626,0.396488333440545,1.35806732511705,3.06571790230236,0.308890517629392,2.2673840875391,1.12717964394927,2.63535209737547,2.26005944421727,7.22089126284934,"PCD_C1"
"TCGA-85-A4JC",1.88178751197264,1.11249997620072,0.947002904061468,3.10041240288731,0.183412685175555,2.91969049213327,2.22574524669042,2.79245406140743,2.39262386758554,6.98953872405842,"PCD_C1"
"TCGA-85-A4PA",5.30558366891707,3.02547181462118,2.45747651024363,9.14965745347307,1.0595197265911,4.16449212155852,3.65070387421166,1.88167385454847,3.24056562054031,5.56985652151464,"PCD_C1"
"TCGA-85-A4QQ",1.40545029443158,0.439250781111409,1.04907902258992,2.08746436555889,0.257903919463868,2.38286257190502,2.71732593623097,1.78103822001454,1.69013491088899,4.75504538784868,"PCD_C1"
"TCGA-85-A4QR",1.08894037106,2.65014415876485,0.73167837142572,1.99928004945353,0.0898195386438305,1.1914676845591,1.14424646308113,1.67777518054469,1.54145012948462,4.11196596831563,"PCD_C1"
"TCGA-85-A50M",1.8203663854966,0.543099892195429,1.13274688862321,3.98766889025694,0.307074245812555,2.73143500496433,2.17147220458209,2.4065916329698,2.99934008198861,8.06131778734743,"PCD_C1"
"TCGA-85-A50Z",1.15740683945272,0.451118776394946,1.60331364040356,2.33819678264917,0.541540743584791,2.52679009467671,1.252166229598,3.32352061790931,2.2109698365,5.33678253659943,"PCD_C1"
"TCGA-85-A510",3.13849286491237,2.21840921134314,2.06790255201823,4.00310884117631,0.437201940369089,3.86950552806745,2.90132031424159,1.9731747076168,3.27821586949232,5.57820219524072,"PCD_C1"
"TCGA-85-A511",2.67887127562404,1.47123949533824,1.50564996502101,4.25445962568722,0.541902614053824,3.77803851689937,1.55983782373197,2.23836470590415,2.45434624179066,8.2155338132314,"PCD_C1"
"TCGA-85-A512",1.94778349193447,0.467696836372603,1.25083293257057,1.78888344448822,0.243697711739984,2.84990264227229,3.05142591066441,1.95976446759748,2.45719322200526,6.63967718287381,"PCD_C2"
"TCGA-85-A513",2.74934817614338,1.76438862163249,1.80725462881357,5.1612386631289,0.55422881772119,3.89817861033457,2.7390314124383,1.89838789412403,2.80012986268567,6.52580891193719,"PCD_C1"
"TCGA-85-A53L",1.68880774522104,0.726133673181897,1.08289318504727,4.2112927111107,0.189817933940343,2.43014498439859,1.30546473522859,1.79096747263694,2.10717635571983,6.48951566940492,"PCD_C1"
"TCGA-85-A5B5",1.6166878564695,0.782911742880816,0.911152337756788,3.5354262209626,0.289363142488839,2.60825699733158,1.27701342927925,2.03163642441525,2.18231219977513,6.46192411997171,"PCD_C2"
"TCGA-90-6837",2.04214043550208,0.948376576947387,1.45785570022284,3.39533438098786,0.523344649449694,3.89581085766669,1.96261057413962,2.01064244290178,2.53513126704541,7.55936191010634,"PCD_C1"
"TCGA-90-7766",2.48544118624848,1.16188768237689,1.54404775893199,5.19956235618002,0.680993660067078,3.7916585005839,3.24279887838322,2.36353732995579,2.16792896394201,4.90303833464897,"PCD_C1"
"TCGA-90-7767",2.9778971524274,2.24911155598934,2.21133089599998,3.22374635362607,0.780721807030282,3.86810519949575,3.95067206905064,1.61419410437984,2.84540750882405,8.66331480679693,"PCD_C1"
"TCGA-90-7769",1.13981113111849,0.255682002812213,0.75535400942405,2.07670969303415,0.184584997327106,2.43801925510969,2.55075917942148,2.22666364179687,1.79566990494147,5.27488946745418,"PCD_C2"
"TCGA-90-7964",1.28119115367177,0.348232419239271,1.27962653965373,2.73207600742602,0.565576284426619,3.97878583776113,2.34681582678543,3.0350981422946,3.16590936428334,6.88061517951484,"PCD_C2"
"TCGA-90-A4ED",1.66860784019399,1.29936189765156,1.45560952996759,4.24742613620619,0.27842993851672,2.45253111194826,1.0066141650433,1.61263341583293,2.92234639045636,6.7620596584021,"PCD_C1"
"TCGA-90-A4EE",3.93536690486432,3.65355306389992,3.21929083674181,4.37606583798821,1.33626785654878,4.97360460793128,3.57063242080447,1.8549682910517,2.69284463185532,7.48954275828437,"PCD_C1"
"TCGA-90-A59Q",2.91068002608972,2.40985252470055,2.23522470767806,3.80126215054222,1.22283165431481,3.69601396171584,2.33751355220991,3.31430560749893,2.05241718904074,6.41473532920503,"PCD_C1"
"TCGA-92-7340",2.3212675882313,1.46967762981719,1.55952399972192,3.47227669877577,0.524604869901632,3.93908678535778,3.06931552605189,2.24752076038577,3.12112956645996,8.24922712013698,"PCD_C1"
"TCGA-92-7341",1.77493741096186,0.533961965345151,2.07332361676721,2.56020079352473,0.342896004972495,3.46106014928696,1.50521750671314,2.01165605628212,2.53891077453818,7.65569010213057,"PCD_C2"
"TCGA-92-8063",1.87267883785132,0.870423905858192,1.25727169160058,2.8468210300489,0.367757538840467,4.13661667732033,1.49354663134473,2.81328588287644,2.84956613978849,7.79750205629042,"PCD_C2"
"TCGA-92-8064",3.36540077493169,3.18661148116228,3.15629789026723,4.4704351864106,1.33652105291631,4.43791910061531,1.62695256834746,2.30124169034201,2.48838202351553,7.3934226326274,"PCD_C2"
"TCGA-92-8065",2.3114602431442,1.22366967138825,1.39053320456312,3.6616839873653,0.758129040017413,3.67448728581034,3.11271518770435,1.8473706158043,2.11716650826572,6.06209232503633,"PCD_C1"
"TCGA-94-7033",1.24095841147697,1.1413673907597,1.04922592215821,2.6792210763194,0.398539708704132,1.68532538353549,1.26160190312223,1.44158818160321,1.65926653625973,4.27161666368742,"PCD_C1"
"TCGA-94-7557",1.59622428477884,1.7158933705476,1.29857727126254,2.66196621714872,0.462153041327788,4.31766819295771,2.88272786489275,2.74668897560858,2.87597138309216,7.03384470880469,"PCD_C2"
"TCGA-94-7943",1.95450918142442,1.17912882877215,1.13252184266794,3.24670370971978,0.232265102964359,3.69671003129222,2.3553082945823,2.57906240329124,2.62512138026067,5.85808488169338,"PCD_C2"
"TCGA-94-8035",1.31254467051624,0.465504369629506,0.969956107353344,2.73961837374954,0.194790842087239,2.69554313531971,2.26684223732875,2.723080989861,2.66148459449305,5.46462235617454,"PCD_C1"
"TCGA-94-8490",1.3833725549153,0.976143640046633,2.31088575831179,2.27804766433455,0.362866419167632,2.06045563361924,2.20974316517792,2.5063915045319,2.17773211948623,5.33739609279457,"PCD_C2"
"TCGA-94-8491",2.36682702937711,1.37545653587666,1.64188223761031,5.12998591062356,0.64677795539186,3.21402654683054,3.19018763244082,2.33564324037355,2.43362054785138,6.08717863545589,"PCD_C2"
"TCGA-94-A4VJ",1.78074735658609,1.55537444611063,1.26469615744104,2.26567198254483,0.254323905988408,3.2388776618564,3.12974121084166,2.20233512860275,2.37736732200826,7.34689411148905,"PCD_C1"
"TCGA-94-A5I4",1.90311247869699,0.330558400030802,0.721665731311856,2.78822324335931,0.206733251459709,2.95282096285348,2.21199953564606,2.59672322521181,2.44138524499458,6.20749901287467,"PCD_C2"
"TCGA-94-A5I6",1.61090159286755,0.446573852546897,1.47263884193453,2.10528805540026,0.238447023661673,3.26188397478536,2.34151478677212,2.11702491534228,1.95716237551046,6.86159254542061,"PCD_C2"
"TCGA-96-7544",2.04227987793262,1.05151131768571,1.7192521873244,3.65930470567593,0.770467841833852,4.37040362746691,3.12571327271168,2.26063640356148,2.96726193110103,7.50363345282434,"PCD_C1"
"TCGA-96-7545",2.49962741379476,1.44042072075677,1.85916812928078,4.8614225149971,0.636266755342705,3.97624931253416,3.24062951781122,3.19265932165926,4.34331066538781,6.61590816035169,"PCD_C2"
"TCGA-96-8169",1.66306405996368,1.07176266930009,1.14538485356658,3.57227852793403,0.357939030306686,3.65077503430289,2.7687090917622,2.50553219242032,2.69134216142861,7.65670764671969,"PCD_C2"
"TCGA-96-8170",1.99182328913967,0.885496273216524,0.882787146567239,3.97845521580487,0.469998392586238,3.72333069853072,3.07571842101911,3.15352481955789,3.09117319917475,6.4561736638847,"PCD_C1"
"TCGA-96-A4JK",2.41178959305684,1.03597574366513,3.18105998328597,3.75533195535618,0.921754466170286,3.37004044901925,1.64031676746307,2.14516414100461,2.34161395321674,6.69099574336868,"PCD_C2"
"TCGA-96-A4JL",3.49911291026429,2.83923402767608,2.69891994251119,5.22447364978215,1.42146918743668,4.4955523219413,4.56389465478464,2.14219732540115,3.34276457505445,6.60830138959416,"PCD_C1"
"TCGA-98-7454",2.88268980225809,1.59115278979323,2.20650908207254,5.4976720272283,1.00204207224965,5.22350252401538,2.95096407713626,2.81644224027881,4.04016648419897,7.9265155406782,"PCD_C1"
"TCGA-98-8020",2.19856082567297,0.881977789135628,1.70526496132712,2.70739819485632,0.62629926436846,3.65500362236566,2.50882679636593,2.31689605650728,3.24620047657871,7.79013160920538,"PCD_C1"
"TCGA-98-8021",1.83001815064628,0.867580222202505,1.41885378512866,4.03221992947624,0.399099765983641,3.0079034473162,2.94262657718666,2.58515157177192,3.29296525198799,7.5703349879775,"PCD_C1"
"TCGA-98-8022",2.38972592145244,1.88377719751621,1.78193822930997,3.95549438320846,0.551703292658547,3.65697910260257,2.85131186929282,2.57359848633734,3.17562670745877,7.01068124329377,"PCD_C1"
"TCGA-98-8023",2.80949739350725,1.54344639046565,1.73318095419758,3.89869397215513,0.831033086175648,3.74069145095451,2.53086770538698,1.68107456327567,2.59653544192551,8.00212259679776,"PCD_C1"
"TCGA-98-A538",1.88443946161757,0.751292318641787,1.28552202757166,3.46353304420463,0.24557905041782,3.25234277080813,1.76933855960495,1.97628313112164,2.52200239742114,6.79522592966195,"PCD_C1"
"TCGA-98-A539",1.49883520315586,0.487589248320862,0.884278777472365,3.42995559498309,0.208426810209214,3.68511131522856,2.32265920972634,2.60691030856826,3.0532815674512,6.27785490534461,"PCD_C2"
"TCGA-98-A53A",2.23382694921577,1.84414458105934,1.9782913584178,3.33112442904603,0.332742846169818,2.50082778743732,1.36773435228993,2.35416928859059,2.71416156831977,6.11487539236939,"PCD_C2"
"TCGA-98-A53B",2.41233370095886,3.26741594303495,1.77022468220618,3.79099295862069,0.872242427323573,3.77106788466695,1.96581868078427,2.33399090964182,3.02936031472469,7.30231531887125,"PCD_C1"
"TCGA-98-A53C",3.36608946967769,2.37989816352469,2.75727701974454,6.3431179587882,1.07558337184276,4.17832484777146,3.41751831363949,2.80716311412016,4.70113433116127,7.22063257284322,"PCD_C1"
"TCGA-98-A53D",2.77139375415654,1.51974317341817,1.81623889056971,5.57369606409868,0.777855742315704,4.44534140177634,2.53409221905771,3.39831857928498,4.36538381368207,8.25115289172941,"PCD_C1"
"TCGA-98-A53H",3.27810648564147,1.57356842403926,2.10106536329979,6.1859936543383,0.795123014042417,4.05958422987712,3.67098558860177,2.88737197338053,4.33212498015454,8.33647862430969,"PCD_C1"
"TCGA-98-A53I",2.75695251153005,1.84386327953657,1.88407828301613,6.09744271985828,0.761318755608473,4.39486770403813,2.772068737312,2.10801390022439,3.06570720164047,6.27525751134718,"PCD_C2"
"TCGA-98-A53J",1.71620104136146,0.385486258913337,0.892127441412022,2.08708018653604,0.188944173930799,2.45253078352696,2.00645038647071,2.61355670796174,1.95750077929272,5.00655459445647,"PCD_C2"
"TCGA-J1-A4AH",1.60166745040528,0.723776969623438,2.07114745734555,3.9478209116922,0.273671028577748,2.48929557746187,1.18243762510278,2.26206650343132,1.89262066539074,5.24899373529115,"PCD_C2"
"TCGA-L3-A4E7",2.10175203235574,0.945757507972628,1.29211446650046,3.45746195615531,0.37645907607656,3.26996773345209,2.19946659943053,3.13868516475629,3.17333736216447,6.49307222967606,"PCD_C1"
"TCGA-L3-A524",2.06678330703088,0.818441575764165,1.4095395387278,2.35647042785039,0.25176802786202,3.39153261177952,1.29959664823995,1.96120179150904,2.73029651382126,6.16353679803077,"PCD_C2"
"TCGA-LA-A446",1.91949939476462,0.88721330295123,1.7007602513039,3.89029385213256,0.276548096109257,2.70627339530331,2.40667027117628,2.62704035168712,2.76819839857058,5.46172157329853,"PCD_C2"
"TCGA-LA-A7SW",1.61516464890633,0.220825215797872,1.08059449103362,1.75720635082302,0.265221175952622,3.65388255950118,1.42585842632494,2.38514302063763,3.15737250554155,7.0591834206974,"PCD_C1"
"TCGA-MF-A522",1.51732091410994,0.842214553960944,1.96196315204212,1.10305936188041,0.373822768163706,2.36135415410691,1.24149073488673,2.20367511888581,1.52224596786768,4.99502721259173,"PCD_C2"
"TCGA-NC-A5HD",1.41992813950125,0.629473196786949,1.12125571784016,2.69940127524982,0.254001481712478,1.92076034075286,1.65703562705744,1.71969808048688,2.04761660812121,5.94035584559142,"PCD_C2"
"TCGA-NC-A5HE",3.80566261667148,3.76573628526887,2.81664517785675,3.24939409722679,0.703819708021071,4.9832659094712,3.42036618117201,2.07334944180625,2.29535224210319,6.79493608388333,"PCD_C2"
"TCGA-NC-A5HF",1.13763326098374,0.142348082144681,1.9622622385214,1.79731245554662,0.30173166134978,2.11765520547816,1.9193703533492,2.34878993966712,2.40451956845094,5.65121082150926,"PCD_C2"
"TCGA-NC-A5HG",0.933835925217064,0.779301750205619,0.537677889304724,1.68050643635962,0.0754697363223035,2.07591907454047,2.0025119154691,2.06831952820467,1.9101361012811,4.84819192239218,"PCD_C1"
"TCGA-NC-A5HH",1.9162637722596,4.14681811886676,2.05921295464162,2.39550210372984,0.590545670953538,2.45395060285177,2.0244419184292,1.52234255122645,2.11122950957722,5.72752190135217,"PCD_C1"
"TCGA-NC-A5HI",1.7863921838681,1.57676397767313,1.37265283372058,3.14780571240115,0.344937385673482,2.64574840512191,2.63002298233426,2.02649031284707,1.88868335059281,4.66164508072433,"PCD_C1"
"TCGA-NC-A5HJ",3.08459224560763,3.24313589201192,2.87079707690231,4.18318427126856,1.30402535280008,4.59207104635484,3.1108113959103,2.73526260602302,4.33089448304843,5.42825874186494,"PCD_C1"
"TCGA-NC-A5HK",1.86742414142866,0.935987696436856,1.4991577189148,2.55676848782744,0.446040054391834,2.88491853871851,1.47610129639267,2.05284457781842,2.06224689594571,6.28671136173036,"PCD_C1"
"TCGA-NC-A5HL",2.77347485723778,2.19896554558606,2.16066706956567,4.04204869154728,0.748415666344646,4.00431821003836,2.2476922952902,2.07071438491223,2.1449089433339,5.17087862918819,"PCD_C2"
"TCGA-NC-A5HM",1.74072782417869,1.36350752652396,1.47177870081794,2.79930269619804,0.301563934819447,2.30509788156585,0.938265711366806,2.09337536259571,2.08577600618342,5.3820946507369,"PCD_C1"
"TCGA-NC-A5HN",1.29387352137109,0.744591686542384,2.46940526016948,2.67170462463785,0.358704592757987,1.41885328225564,1.20088783637977,1.81634041136906,2.21673505707063,4.69620345372567,"PCD_C2"
"TCGA-NC-A5HO",2.11366771404905,1.06398606070167,1.30143379950623,2.29843917339335,0.559055720535557,3.18062019190618,2.97043368845894,2.57487085777773,1.93066697301944,5.35219167320847,"PCD_C2"
"TCGA-NC-A5HP",1.19799758050355,0.421155960662223,0.794039569373803,2.25247684013988,0.272436435151554,2.88445734284246,1.48061737499073,1.67471166365925,2.882310126635,8.51529793320214,"PCD_C1"
"TCGA-NC-A5HQ",2.75157140587113,1.24689447775742,1.65118095127942,5.11071878523609,0.647378829346669,3.14675985415415,2.57668895300069,1.98226847732413,2.33756096639677,5.0727638837476,"PCD_C1"
"TCGA-NC-A5HR",1.58107392609569,1.27112682678252,1.39411345734449,2.29363664713659,0.429164462485665,3.10766993152267,2.09339678369471,2.3164976922227,2.45211866080564,4.78898979564806,"PCD_C2"
"TCGA-NC-A5HT",1.19407062791024,0.179893170533548,1.30266032171614,2.25312250538104,0.15226610315133,1.33668096770084,1.33323050731724,1.74188306228481,2.98498100392836,6.85121731183911,"PCD_C2"
"TCGA-NK-A5CR",1.32863815685399,0.285579770402795,1.00631695663505,2.8947168304905,0.0788997273090018,2.00337330742901,1.49446036713929,2.13939653708905,1.98163545630783,5.43018734436449,"PCD_C2"
"TCGA-NK-A5CT",1.54105003251001,0.863700623947478,1.40853602293433,1.9916862275983,1.19295491580918,2.44780049092844,1.8184769923513,2.8535893054839,2.47221145763655,4.75696847987929,"PCD_C1"
"TCGA-NK-A5CX",2.26662761773619,1.42948206517701,1.62687360973414,3.15578891718576,0.460375665759648,3.27984256753663,2.63584620770395,2.16406326855235,2.50631588624976,6.94961912054993,"PCD_C1"
"TCGA-NK-A5D1",1.57833830695032,3.99899878297806,1.27174166278191,2.32509221653863,0.195498038377,2.40137685587407,1.19884279967452,1.79738983319656,2.63604900837557,5.53564777207602,"PCD_C1"
"TCGA-NK-A7XE",1.2825591115412,0.846954583696842,0.857296397189407,1.28058503646004,0.260223132742776,2.65808463214456,1.24398839421984,1.72315831274663,1.32782325124971,5.15405921859931,"PCD_C2"
"TCGA-O2-A52N",2.13911162068887,0.944408704532772,1.57981774505129,2.35421988401768,0.513745714535983,3.52086835203488,1.94784222227448,1.8136003337254,2.29901436151074,7.31899222941061,"PCD_C1"
"TCGA-O2-A52Q",3.00767733050302,2.09183521265671,1.86228090928979,2.67474404134172,0.495327923340411,5.43825757499649,2.81200161117741,1.97083235860025,2.53895242424245,6.59361602580734,"PCD_C1"
"TCGA-O2-A52S",2.35447255355867,1.42706975521079,1.79170701603336,3.51883142812047,0.586615595834706,4.25019113453141,2.79401337860709,2.36646142881327,2.18000065077971,5.68365122956626,"PCD_C2"
"TCGA-O2-A52V",1.9831429551695,0.485632911741821,0.615313294338806,4.16130098359205,0.288191942562622,3.6014342387333,3.84817821476842,2.22581183364707,2.4914454736561,6.77528346314931,"PCD_C2"
"TCGA-O2-A52W",1.40362751847184,0.862193478475599,0.955978163440782,2.14698962844599,0.111470697522678,2.76576855608371,2.9027313129033,1.70952331541838,2.05410576761768,4.15926167728314,"PCD_C1"
"TCGA-O2-A5IB",1.58054796754714,0.955238397449646,0.792878160433673,2.61444898223137,0.268254750198897,2.62435561940057,1.25927533385024,1.85663553088773,2.54089483663086,5.23785945089229,"PCD_C1"
"TCGA-XC-AA0X",3.05627367368047,0.785425003560933,1.71872093603777,5.01045893211874,0.450685128515176,4.02955633423711,3.59496117195872,2.99155183063539,3.26409902716981,6.96007938069567,"PCD_C2"
