"patient_id","StromalScore","ImmuneScore","ESTIMATEScore","PCD_cluster"
"TCGA-18-3406",838.692881197408,1847.22907549832,2685.92195669572,"PCD_C1"
"TCGA-18-3407",503.406267288239,914.330233236947,1417.73650052519,"PCD_C2"
"TCGA-18-3408",228.490224730849,1183.21136054675,1411.7015852776,"PCD_C2"
"TCGA-18-3409",1540.62366295072,1322.69009007602,2863.31375302674,"PCD_C1"
"TCGA-18-3410",-72.4341241680018,1940.63845972233,1868.20433555432,"PCD_C1"
"TCGA-18-3411",213.95527405783,1287.78244998396,1501.73772404179,"PCD_C2"
"TCGA-18-3412",-246.418302455364,782.469900076644,536.051597621281,"PCD_C2"
"TCGA-18-3414",-25.3926053363373,1069.81241925795,1044.41981392161,"PCD_C1"
"TCGA-18-3415",439.33574302763,1450.37164133428,1889.70738436191,"PCD_C2"
"TCGA-18-3416",-254.392491487728,2191.21077783049,1936.81828634276,"PCD_C2"
"TCGA-18-3417",1012.61607241143,1030.94854909062,2043.56462150205,"PCD_C1"
"TCGA-18-3419",-667.114085919898,1387.63469409536,720.520608175463,"PCD_C1"
"TCGA-18-3421",-190.264802658714,1363.59041211549,1173.32560945678,"PCD_C2"
"TCGA-18-4083",113.421271486357,610.517484108971,723.938755595328,"PCD_C1"
"TCGA-18-4086",443.925255446676,1227.05745991578,1670.98271536246,"PCD_C2"
"TCGA-18-4721",821.728171857597,1899.02886821466,2720.75704007225,"PCD_C2"
"TCGA-18-5592",-538.508710611232,375.921247341747,-162.587463269485,"PCD_C2"
"TCGA-18-5595",-947.954891329753,-330.315119079775,-1278.27001040953,"PCD_C2"
"TCGA-21-1070",310.820367181015,2299.16010770968,2609.98047489069,"PCD_C1"
"TCGA-21-1071",450.036382464909,1280.1337851522,1730.1701676171,"PCD_C1"
"TCGA-21-1072",-297.864607466096,213.639855599637,-84.2247518664585,"PCD_C2"
"TCGA-21-1075",-1079.907180531,-518.992297350738,-1598.89947788174,"PCD_C2"
"TCGA-21-1076",1346.79822853513,2609.18233891686,3955.98056745199,"PCD_C1"
"TCGA-21-1077",108.137990989643,988.630613919764,1096.76860490941,"PCD_C2"
"TCGA-21-1078",-1485.06250091937,-222.775426480375,-1707.83792739975,"PCD_C2"
"TCGA-21-1079",530.529324854083,616.108337196344,1146.63766205043,"PCD_C1"
"TCGA-21-1080",-554.993436492706,834.967452233617,279.974015740911,"PCD_C1"
"TCGA-21-1081",93.3862646629151,59.9891300081419,153.375394671057,"PCD_C2"
"TCGA-21-1082",161.684133177433,993.248322549052,1154.93245572648,"PCD_C1"
"TCGA-21-1083",103.300223757537,1208.15529545393,1311.45551921146,"PCD_C2"
"TCGA-21-5782",269.085775763574,903.107903491354,1172.19367925493,"PCD_C1"
"TCGA-21-5783",51.2840429653116,-28.4623593179715,22.8216836473401,"PCD_C1"
"TCGA-21-5784",278.103465838039,1721.22296308007,1999.32642891811,"PCD_C1"
"TCGA-21-5786",-41.8974815609481,539.552836283433,497.655354722485,"PCD_C1"
"TCGA-21-5787",351.124148229455,2009.11029091722,2360.23443914668,"PCD_C1"
"TCGA-21-A5DI",-649.312814222574,119.230388678679,-530.082425543895,"PCD_C1"
"TCGA-22-0940",574.563426405057,2152.70681291949,2727.27023932454,"PCD_C1"
"TCGA-22-0944",-825.772934630592,44.7714129735194,-781.001521657073,"PCD_C2"
"TCGA-22-1000",1661.60635759488,2343.44707144109,4005.05342903597,"PCD_C1"
"TCGA-22-1002",765.136322520593,1425.463366941,2190.5996894616,"PCD_C1"
"TCGA-22-1005",1019.24840321651,2683.55225260139,3702.80065581789,"PCD_C1"
"TCGA-22-1011",373.150374605748,1971.16067823793,2344.31105284367,"PCD_C1"
"TCGA-22-1012",-238.624588970301,913.269844060409,674.645255090108,"PCD_C2"
"TCGA-22-1016",983.646598430772,1677.35880408188,2661.00540251266,"PCD_C1"
"TCGA-22-1017",-356.595994956526,1323.82976997365,967.233775017123,"PCD_C1"
"TCGA-22-4591",-834.952537465482,343.314466313751,-491.638071151732,"PCD_C2"
"TCGA-22-4593",622.925881288215,274.78491277095,897.710794059164,"PCD_C1"
"TCGA-22-4594",715.607670078034,1923.84222536076,2639.44989543879,"PCD_C2"
"TCGA-22-4595",613.337448080951,1417.47617738178,2030.81362546273,"PCD_C1"
"TCGA-22-4596",1434.81324958184,2716.97361632017,4151.786865902,"PCD_C1"
"TCGA-22-4599",348.825444705086,2156.9113362068,2505.73678091188,"PCD_C2"
"TCGA-22-4601",-558.110950243298,404.426348276605,-153.684601966693,"PCD_C2"
"TCGA-22-4604",1181.28182981482,1804.65105798101,2985.93288779584,"PCD_C1"
"TCGA-22-4605",785.883867217873,1387.87504966102,2173.75891687889,"PCD_C2"
"TCGA-22-4607",321.645019607573,1058.51381254803,1380.15883215561,"PCD_C1"
"TCGA-22-4609",906.35395497434,2086.17414542838,2992.52810040272,"PCD_C1"
"TCGA-22-4613",-69.197044662545,1631.88304708018,1562.68600241763,"PCD_C1"
"TCGA-22-5471",14.6317575807279,1706.10335486913,1720.73511244985,"PCD_C1"
"TCGA-22-5472",-37.3662318755947,1186.71642605663,1149.35019418103,"PCD_C1"
"TCGA-22-5473",-140.446582734846,623.006987799352,482.560405064506,"PCD_C2"
"TCGA-22-5474",293.212016731538,2095.4900662405,2388.70208297204,"PCD_C2"
"TCGA-22-5477",-685.796259717103,470.024984693081,-215.771275024022,"PCD_C2"
"TCGA-22-5478",349.981603016733,881.008169193607,1230.98977221034,"PCD_C1"
"TCGA-22-5479",-106.832726371536,868.971338982089,762.138612610553,"PCD_C2"
"TCGA-22-5480",157.688645277326,1861.74076040633,2019.42940568366,"PCD_C1"
"TCGA-22-5481",-472.961919786304,1342.86316292366,869.901243137356,"PCD_C1"
"TCGA-22-5482",-156.324043741983,175.54314926668,19.2191055246967,"PCD_C2"
"TCGA-22-5483",530.343987087585,932.240890863764,1462.58487795135,"PCD_C2"
"TCGA-22-5485",-413.885156886587,510.457898070473,96.5727411838859,"PCD_C2"
"TCGA-22-5489",1292.27096475113,2133.32807136785,3425.59903611897,"PCD_C1"
"TCGA-22-5491",-1123.59630787936,448.306801677033,-675.289506202332,"PCD_C2"
"TCGA-22-5492",328.0494611046,1985.29963446104,2313.34909556564,"PCD_C1"
"TCGA-22-A5C4",-763.524274697613,390.966593295015,-372.557681402598,"PCD_C1"
"TCGA-33-4532",-1264.14098507705,-121.745001326833,-1385.88598640388,"PCD_C2"
"TCGA-33-4533",131.988094680119,112.870830624302,244.858925304421,"PCD_C1"
"TCGA-33-4538",-680.262644265981,490.153545437365,-190.109098828616,"PCD_C2"
"TCGA-33-4547",192.193961609522,931.016832502984,1123.21079411251,"PCD_C2"
"TCGA-33-4566",50.889913970867,1777.35096281979,1828.24087679066,"PCD_C2"
"TCGA-33-4582",-990.719918377356,-23.151252090688,-1013.87117046804,"PCD_C1"
"TCGA-33-4583",-977.936851463171,776.619523580583,-201.317327882589,"PCD_C2"
"TCGA-33-4586",-403.97698863398,190.457312990312,-213.519675643668,"PCD_C2"
"TCGA-33-4587",-744.12864591711,-96.1997757640313,-840.328421681141,"PCD_C1"
"TCGA-33-4589",-50.4359470549547,1734.9556752,1684.51972814505,"PCD_C2"
"TCGA-33-6737",231.072307888189,1161.71867986963,1392.79098775782,"PCD_C2"
"TCGA-33-6738",-912.528598636136,590.331855370794,-322.196743265342,"PCD_C2"
"TCGA-33-A4WN",-789.479849483213,416.968541550305,-372.511307932907,"PCD_C2"
"TCGA-33-A5GW",-1421.70852552865,-357.500734652882,-1779.20926018153,"PCD_C2"
"TCGA-33-AAS8",-1532.46782392093,10.7487670179461,-1521.71905690298,"PCD_C2"
"TCGA-33-AASB",-1797.30871898826,-410.009399029795,-2207.31811801805,"PCD_C2"
"TCGA-33-AASD",-691.111721163587,18.5497930091495,-672.561928154437,"PCD_C2"
"TCGA-33-AASI",-842.875266257478,1181.92928246323,339.054016205751,"PCD_C1"
"TCGA-33-AASJ",-1554.15106621039,-31.8364418894156,-1585.98750809981,"PCD_C2"
"TCGA-33-AASL",-1195.65702820304,776.67785943577,-418.979168767272,"PCD_C2"
"TCGA-34-2596",-32.8145975083049,1048.52670365678,1015.71210614847,"PCD_C2"
"TCGA-34-2600",-1176.88910658844,114.121400520328,-1062.76770606812,"PCD_C1"
"TCGA-34-2608",1378.38591884391,1968.80576327628,3347.19168212019,"PCD_C2"
"TCGA-34-5231",-392.569033068797,822.881942694348,430.312909625551,"PCD_C1"
"TCGA-34-5232",-305.756574951783,2149.13790086839,1843.38132591661,"PCD_C1"
"TCGA-34-5234",1552.68510359855,2392.75825194905,3945.4433555476,"PCD_C1"
"TCGA-34-5236",1016.76987613095,1135.39125141758,2152.16112754853,"PCD_C2"
"TCGA-34-5239",1226.80286195314,1939.32040844017,3166.1232703933,"PCD_C1"
"TCGA-34-5240",334.931006077321,703.676042964891,1038.60704904221,"PCD_C2"
"TCGA-34-5241",1013.92874828493,1887.59332934572,2901.52207763065,"PCD_C1"
"TCGA-34-5927",-666.526803698509,-105.197910067382,-771.72471376589,"PCD_C1"
"TCGA-34-5928",1242.95163028031,1081.06834579737,2324.01997607768,"PCD_C1"
"TCGA-34-5929",-254.352992801342,812.365635956901,558.012643155559,"PCD_C1"
"TCGA-34-7107",703.383089367099,702.651132368726,1406.03422173583,"PCD_C2"
"TCGA-34-8454",646.499683279779,2074.3652344488,2720.86491772858,"PCD_C1"
"TCGA-34-8455",137.791474609123,656.636705231928,794.428179841051,"PCD_C1"
"TCGA-34-8456",-287.570815457715,599.820552465138,312.249737007423,"PCD_C2"
"TCGA-34-A5IX",-799.816981184209,738.0063604624,-61.8106207218092,"PCD_C1"
"TCGA-37-3783",565.247692357289,2079.26502621536,2644.51271857265,"PCD_C1"
"TCGA-37-3789",-19.7829866697684,1545.02392400163,1525.24093733186,"PCD_C1"
"TCGA-37-3792",817.292098494182,2727.57231655599,3544.86441505017,"PCD_C1"
"TCGA-37-4129",-930.968422707991,-738.560226536103,-1669.52864924409,"PCD_C1"
"TCGA-37-4130",117.681226256047,2714.75068223713,2832.43190849318,"PCD_C1"
"TCGA-37-4132",41.7197924825671,1570.40426911036,1612.12406159293,"PCD_C2"
"TCGA-37-4133",-92.1942179114748,1252.52324592636,1160.32902801489,"PCD_C2"
"TCGA-37-4135",-298.757516643175,1040.43520647774,741.677689834569,"PCD_C1"
"TCGA-37-4141",-17.1878136980273,1154.4287266115,1137.24091291348,"PCD_C1"
"TCGA-37-5819",-298.050136809112,701.132447906216,403.082311097104,"PCD_C1"
"TCGA-37-A5EL",-1505.56252903913,29.124484745614,-1476.43804429351,"PCD_C2"
"TCGA-37-A5EM",920.03810994919,1513.88381096366,2433.92192091285,"PCD_C1"
"TCGA-37-A5EN",-739.933517303207,603.051261396285,-136.882255906922,"PCD_C2"
"TCGA-39-5011",174.04168670045,2419.27779344238,2593.31948014283,"PCD_C1"
"TCGA-39-5016",-592.363628334139,1607.35988272091,1014.99625438677,"PCD_C2"
"TCGA-39-5019",286.191198239449,1174.46514807573,1460.65634631518,"PCD_C1"
"TCGA-39-5021",192.007954459608,1384.17867107924,1576.18662553885,"PCD_C2"
"TCGA-39-5022",1112.31594528539,2602.61071898119,3714.92666426658,"PCD_C2"
"TCGA-39-5024",-732.889088086321,920.755613537072,187.866525450751,"PCD_C1"
"TCGA-39-5027",-1661.30655049406,-347.765056686942,-2009.071607181,"PCD_C2"
"TCGA-39-5028",598.572322763798,1403.73795687074,2002.31027963454,"PCD_C1"
"TCGA-39-5029",63.8645928479946,1368.6980774106,1432.56267025859,"PCD_C2"
"TCGA-39-5030",1227.9337058694,2688.86941635783,3916.80312222723,"PCD_C1"
"TCGA-39-5031",350.774059083754,1309.4655164349,1660.23957551865,"PCD_C1"
"TCGA-39-5034",617.289193625926,969.707036906887,1586.99623053281,"PCD_C2"
"TCGA-39-5035",114.660662677531,1882.39869726455,1997.05935994208,"PCD_C1"
"TCGA-39-5036",-1429.16175283823,517.34591645253,-911.815836385696,"PCD_C2"
"TCGA-39-5037",-1889.07537527252,-478.863529071232,-2367.93890434375,"PCD_C2"
"TCGA-39-5039",761.579257853219,1117.05395279312,1878.63321064634,"PCD_C1"
"TCGA-39-5040",-585.076709274163,286.443642664898,-298.633066609265,"PCD_C1"
"TCGA-43-2576",1061.78512914714,1969.99826908062,3031.78339822776,"PCD_C1"
"TCGA-43-2578",-286.204595402959,872.316469459365,586.111874056406,"PCD_C1"
"TCGA-43-2581",960.013966800155,2210.11109019284,3170.12505699299,"PCD_C1"
"TCGA-43-3394",-240.787061176883,379.754650461415,138.967589284532,"PCD_C2"
"TCGA-43-3920",877.108430178996,1384.56068614574,2261.66911632474,"PCD_C1"
"TCGA-43-5668",473.317284359496,2234.3370463245,2707.65433068399,"PCD_C1"
"TCGA-43-5670",-996.90520583268,-390.21748370044,-1387.12268953312,"PCD_C1"
"TCGA-43-6143",-52.0659433926032,136.673158949153,84.6072155565496,"PCD_C1"
"TCGA-43-6647",1476.32823750126,1762.08342707194,3238.4116645732,"PCD_C1"
"TCGA-43-6770",244.148250598909,672.736689010989,916.884939609898,"PCD_C2"
"TCGA-43-6771",362.823810587318,1073.69514210364,1436.51895269095,"PCD_C1"
"TCGA-43-6773",1349.37478355266,2386.52144376044,3735.8962273131,"PCD_C2"
"TCGA-43-7656",339.81682227462,1869.61242161481,2209.42924388943,"PCD_C1"
"TCGA-43-7657",-13.752520812672,-67.6893488105918,-81.4418696232638,"PCD_C2"
"TCGA-43-7658",-1127.77971550876,1181.90797592967,54.1282604209046,"PCD_C1"
"TCGA-43-8115",1502.86981139934,2128.22899169241,3631.09880309175,"PCD_C1"
"TCGA-43-8116",-354.241523634249,1097.93532336201,743.693799727765,"PCD_C1"
"TCGA-43-8118",138.056481588207,1245.34486791664,1383.40134950485,"PCD_C1"
"TCGA-43-A474",-447.169894863294,-604.782321313593,-1051.95221617689,"PCD_C2"
"TCGA-43-A475",151.432180892831,2577.80283009567,2729.2350109885,"PCD_C2"
"TCGA-43-A56U",549.621396809501,2695.57460578559,3245.19600259509,"PCD_C1"
"TCGA-43-A56V",-506.717920960193,457.575885326037,-49.1420356341559,"PCD_C1"
"TCGA-46-3765",119.551571675146,1160.38259234823,1279.93416402338,"PCD_C2"
"TCGA-46-3766",1923.70951306835,2499.82809254825,4423.5376056166,"PCD_C1"
"TCGA-46-3767",1699.12784900894,2045.16213367922,3744.28998268816,"PCD_C1"
"TCGA-46-3768",-441.729224204046,537.841714309814,96.1124901057685,"PCD_C2"
"TCGA-46-3769",527.60103338745,1735.23246464696,2262.83349803441,"PCD_C2"
"TCGA-46-6025",-417.805709255603,315.554321487819,-102.251387767784,"PCD_C2"
"TCGA-46-6026",-1284.40966234651,-128.650607473081,-1413.06026981959,"PCD_C1"
"TCGA-51-4079",81.3915161763002,996.289668277294,1077.68118445359,"PCD_C2"
"TCGA-51-4080",-940.2463678753,45.0698321860573,-895.176535689243,"PCD_C2"
"TCGA-51-4081",-18.285230992449,-364.944869419344,-383.230100411793,"PCD_C2"
"TCGA-51-6867",-114.386092431968,757.076773486464,642.690681054496,"PCD_C2"
"TCGA-52-7622",430.707566064933,1906.25411314765,2336.96167921258,"PCD_C2"
"TCGA-52-7809",-617.487414242724,279.22556588144,-338.261848361285,"PCD_C1"
"TCGA-52-7810",-534.478601020907,-49.6992469254873,-584.177847946394,"PCD_C1"
"TCGA-52-7811",231.093847274489,1069.89176840912,1300.98561568361,"PCD_C2"
"TCGA-52-7812",-206.611820582866,1748.23829699975,1541.62647641689,"PCD_C1"
"TCGA-56-1622",-646.661133108121,-174.213915413552,-820.875048521673,"PCD_C1"
"TCGA-56-5897",1493.09772912903,1957.53205464541,3450.62978377444,"PCD_C2"
"TCGA-56-5898",225.417852108865,1047.16582201687,1272.58367412573,"PCD_C1"
"TCGA-56-6545",1485.70395455886,1908.98382045324,3394.6877750121,"PCD_C1"
"TCGA-56-6546",486.865046432822,2056.49086932409,2543.35591575691,"PCD_C1"
"TCGA-56-7221",-1152.49083898091,-139.461620679781,-1291.95245966069,"PCD_C2"
"TCGA-56-7222",-1019.38232748831,24.0191837432324,-995.363143745075,"PCD_C1"
"TCGA-56-7223",-1169.38145174495,-1098.55305058243,-2267.93450232737,"PCD_C2"
"TCGA-56-7579",-188.843854732782,514.445176049541,325.601321316758,"PCD_C2"
"TCGA-56-7580",-427.832105138122,540.735410895876,112.903305757753,"PCD_C1"
"TCGA-56-7582",-125.912995662804,754.068171399197,628.155175736393,"PCD_C2"
"TCGA-56-7730",-1589.00439125015,-591.564503661858,-2180.56889491201,"PCD_C2"
"TCGA-56-7731",802.825305107651,1684.96312353205,2487.7884286397,"PCD_C1"
"TCGA-56-7822",-282.585958274693,676.487167466692,393.901209191999,"PCD_C1"
"TCGA-56-7823",-963.921923099014,113.967827103046,-849.954095995969,"PCD_C2"
"TCGA-56-8082",-844.746849203083,-66.9809379189629,-911.727787122046,"PCD_C1"
"TCGA-56-8083",-714.708209019429,-793.32121645542,-1508.02942547485,"PCD_C1"
"TCGA-56-8201",1245.94964607459,2584.55312965592,3830.50277573052,"PCD_C1"
"TCGA-56-8304",-949.012558247731,877.084320907579,-71.9282373401519,"PCD_C1"
"TCGA-56-8305",-151.04275769617,297.639759707422,146.597002011251,"PCD_C2"
"TCGA-56-8307",-510.102429326114,1533.96762409301,1023.86519476689,"PCD_C1"
"TCGA-56-8308",102.353039826274,854.647000386822,957.000040213096,"PCD_C2"
"TCGA-56-8309",883.946212137543,2788.89761617146,3672.843828309,"PCD_C1"
"TCGA-56-8503",1478.17187533835,1943.16028108059,3421.33215641894,"PCD_C1"
"TCGA-56-8504",128.983885240616,1082.6587265475,1211.64261178812,"PCD_C2"
"TCGA-56-8622",371.644870504297,795.140552377744,1166.78542288204,"PCD_C1"
"TCGA-56-8623",1294.38050631263,2878.50078733522,4172.88129364785,"PCD_C1"
"TCGA-56-8624",268.72207929971,778.438710502615,1047.16078980232,"PCD_C1"
"TCGA-56-8625",1392.9339847836,2683.99683197727,4076.93081676087,"PCD_C1"
"TCGA-56-8626",-38.9140413951997,748.23978821851,709.32574682331,"PCD_C1"
"TCGA-56-8628",816.737531597382,1911.34400339833,2728.08153499571,"PCD_C1"
"TCGA-56-8629",-404.860772710301,446.980173227691,42.1194005173907,"PCD_C2"
"TCGA-56-A49D",-140.047772619945,1731.19344096482,1591.14566834487,"PCD_C1"
"TCGA-56-A4BW",46.8398446182384,916.176260376063,963.016104994301,"PCD_C1"
"TCGA-56-A4BX",-1780.64272905136,-857.696443817364,-2638.33917286873,"PCD_C2"
"TCGA-56-A4BY",-540.43238279392,484.245692157076,-56.1866906368439,"PCD_C2"
"TCGA-56-A4ZJ",1242.06474483764,1862.2401527364,3104.30489757404,"PCD_C1"
"TCGA-56-A4ZK",-109.623980354205,1516.49371939792,1406.86973904372,"PCD_C2"
"TCGA-56-A5DR",-28.0345963558508,673.473816700437,645.439220344586,"PCD_C2"
"TCGA-56-A5DS",-226.990909184617,1339.35376380191,1112.36285461729,"PCD_C1"
"TCGA-56-A62T",-69.5819955530668,690.25437589406,620.672380340994,"PCD_C2"
"TCGA-58-8386",498.856829218689,1570.42208612215,2069.27891534083,"PCD_C1"
"TCGA-58-8387",-325.634665497977,1877.68712584664,1552.05246034867,"PCD_C1"
"TCGA-58-8388",538.469936590427,1455.79818624225,1994.26812283268,"PCD_C1"
"TCGA-58-8390",407.245971581607,743.441539169366,1150.68751075097,"PCD_C1"
"TCGA-58-8391",-904.209353564224,87.8869006515957,-816.322452912628,"PCD_C2"
"TCGA-58-8392",-1191.93665186807,-89.9309903961451,-1281.86764226422,"PCD_C2"
"TCGA-58-8393",327.985484118559,2145.85366353028,2473.83914764883,"PCD_C2"
"TCGA-58-A46J",-195.951177805948,1171.78345174353,975.832273937584,"PCD_C1"
"TCGA-58-A46K",-723.735624254287,410.335005272278,-313.400618982009,"PCD_C2"
"TCGA-58-A46L",73.6433678133958,1101.09265395909,1174.73602177249,"PCD_C1"
"TCGA-58-A46M",-539.107913412282,1202.78194017593,663.674026763649,"PCD_C2"
"TCGA-58-A46N",-1234.78351372211,-236.252702319931,-1471.03621604204,"PCD_C2"
"TCGA-60-2695",-119.177682234256,988.154902257009,868.977220022752,"PCD_C1"
"TCGA-60-2696",167.50215550906,1514.38520499698,1681.88736050604,"PCD_C1"
"TCGA-60-2697",1135.47225821678,2788.5304899526,3924.00274816938,"PCD_C1"
"TCGA-60-2698",363.172366209963,1960.27887297442,2323.45123918438,"PCD_C1"
"TCGA-60-2703",424.777837819122,284.577427286316,709.355265105438,"PCD_C1"
"TCGA-60-2704",1643.18324853304,2163.54554748368,3806.72879601672,"PCD_C1"
"TCGA-60-2706",119.725884945133,1717.5809132007,1837.30679814583,"PCD_C2"
"TCGA-60-2707",691.297049750096,1162.76893089694,1854.06598064703,"PCD_C1"
"TCGA-60-2708",908.55774198002,463.157308481515,1371.71505046153,"PCD_C1"
"TCGA-60-2709",1457.93222076872,2382.05829413242,3839.99051490113,"PCD_C2"
"TCGA-60-2710",373.384549558349,1364.51371282788,1737.89826238623,"PCD_C2"
"TCGA-60-2711",-794.661775523361,707.516220929768,-87.1455545935927,"PCD_C1"
"TCGA-60-2712",1060.64272252148,2503.85275005405,3564.49547257553,"PCD_C1"
"TCGA-60-2713",1143.28505686902,1892.53408670137,3035.81914357039,"PCD_C1"
"TCGA-60-2714",89.3103947795633,1529.58728470103,1618.8976794806,"PCD_C1"
"TCGA-60-2715",1536.22798331785,2270.1633020091,3806.39128532694,"PCD_C1"
"TCGA-60-2716",-1291.55352071412,-516.26034475936,-1807.81386547348,"PCD_C1"
"TCGA-60-2719",-549.72682599849,796.334646130278,246.607820131788,"PCD_C1"
"TCGA-60-2720",197.665784666983,1701.4264142534,1899.09219892038,"PCD_C1"
"TCGA-60-2721",495.131707937317,1836.83759756679,2331.96930550411,"PCD_C1"
"TCGA-60-2722",-747.814249732019,39.9117593926567,-707.902490339362,"PCD_C2"
"TCGA-60-2723",408.545914712184,1638.54643930427,2047.09235401646,"PCD_C2"
"TCGA-60-2724",648.261164227875,602.196695553947,1250.45785978182,"PCD_C1"
"TCGA-60-2725",939.340053537435,2263.71660854961,3203.05666208704,"PCD_C1"
"TCGA-60-2726",-657.337905684158,1159.53407197161,502.196166287447,"PCD_C1"
"TCGA-63-5128",-404.570888000167,-74.3149302242811,-478.885818224448,"PCD_C2"
"TCGA-63-5131",-536.221555411587,539.283129798905,3.06157438731759,"PCD_C1"
"TCGA-63-6202",914.265539535216,2457.37616398151,3371.64170351672,"PCD_C1"
"TCGA-63-7020",-134.386235355552,1405.5695828881,1271.18334753255,"PCD_C1"
"TCGA-63-7021",365.125443763288,1496.67397354217,1861.79941730546,"PCD_C1"
"TCGA-63-7022",1734.26487432349,2382.13838808447,4116.40326240795,"PCD_C1"
"TCGA-63-7023",-581.275591330131,528.208226017544,-53.0673653125863,"PCD_C1"
"TCGA-63-A5M9",-178.395538748791,799.669224622475,621.273685873684,"PCD_C2"
"TCGA-63-A5MB",-646.130459298301,572.192511455983,-73.9379478423181,"PCD_C2"
"TCGA-63-A5MG",102.4291902319,1333.29019271883,1435.71938295073,"PCD_C1"
"TCGA-63-A5MH",-580.688522049896,-23.8421965317989,-604.530718581695,"PCD_C1"
"TCGA-63-A5MI",-883.514073591502,-232.742451638206,-1116.25652522971,"PCD_C1"
"TCGA-63-A5MJ",454.203989908576,596.419264578449,1050.62325448703,"PCD_C2"
"TCGA-63-A5ML",-201.412195522281,644.829062014801,443.41686649252,"PCD_C2"
"TCGA-63-A5MM",917.822947823544,2093.76358737064,3011.58653519419,"PCD_C1"
"TCGA-63-A5MN",1207.85689827029,2713.55063603177,3921.40753430207,"PCD_C1"
"TCGA-63-A5MP",-65.7286926018628,1722.76498217046,1657.0362895686,"PCD_C2"
"TCGA-63-A5MR",-753.366419626502,551.406776847559,-201.959642778943,"PCD_C1"
"TCGA-63-A5MS",730.305120588106,1816.22149996342,2546.52662055153,"PCD_C1"
"TCGA-63-A5MT",401.182155339965,1359.99396836651,1761.17612370647,"PCD_C1"
"TCGA-63-A5MU",-1384.22390395047,-251.968097877921,-1636.19200182839,"PCD_C2"
"TCGA-63-A5MV",500.243511601171,1486.01154133513,1986.2550529363,"PCD_C1"
"TCGA-63-A5MW",395.55937412177,41.7112626210125,437.270636742783,"PCD_C1"
"TCGA-63-A5MY",-1829.29573944698,-691.544816924043,-2520.84055637102,"PCD_C2"
"TCGA-66-2727",-98.2605224819082,1027.04983261564,928.789310133732,"PCD_C2"
"TCGA-66-2734",615.947638336171,1573.64180721283,2189.589445549,"PCD_C1"
"TCGA-66-2737",1332.86850865794,1419.60576256805,2752.47427122599,"PCD_C2"
"TCGA-66-2742",120.605332642654,1116.07151724021,1236.67684988287,"PCD_C1"
"TCGA-66-2744",825.628133964452,2562.85677230815,3388.4849062726,"PCD_C1"
"TCGA-66-2753",217.036223400585,952.992024090901,1170.02824749149,"PCD_C1"
"TCGA-66-2754",-963.118832820806,-205.061986329491,-1168.1808191503,"PCD_C2"
"TCGA-66-2755",687.50600164679,2354.6202609575,3042.12626260429,"PCD_C1"
"TCGA-66-2756",-356.762647860447,408.068264905475,51.3056170450281,"PCD_C1"
"TCGA-66-2757",10.5431405184354,1109.17943878305,1119.72257930148,"PCD_C1"
"TCGA-66-2758",-22.3874285940631,1854.12442374681,1831.73699515274,"PCD_C2"
"TCGA-66-2759",200.941942112294,1411.40109554636,1612.34303765866,"PCD_C2"
"TCGA-66-2763",-243.699353702961,921.087391494373,677.388037791412,"PCD_C1"
"TCGA-66-2765",296.125597088723,1616.15114685094,1912.27674393966,"PCD_C1"
"TCGA-66-2766",-224.100599926186,588.714935446686,364.6143355205,"PCD_C2"
"TCGA-66-2767",781.076567506129,2567.93126059847,3349.0078281046,"PCD_C1"
"TCGA-66-2768",-296.206612689615,1465.03873833225,1168.83212564263,"PCD_C1"
"TCGA-66-2769",1033.64264402199,2035.07784882315,3068.72049284514,"PCD_C1"
"TCGA-66-2770",548.772573452798,1401.8596040048,1950.63217745759,"PCD_C2"
"TCGA-66-2771",423.793794074689,2345.68148512759,2769.47527920228,"PCD_C1"
"TCGA-66-2773",165.880594330913,1622.97549541584,1788.85608974675,"PCD_C2"
"TCGA-66-2777",308.420015030557,1584.08047069763,1892.50048572818,"PCD_C2"
"TCGA-66-2778",-249.621085927873,1443.75030088948,1194.12921496161,"PCD_C1"
"TCGA-66-2780",519.81459705012,1113.41422845415,1633.22882550427,"PCD_C1"
"TCGA-66-2781",64.3274407672347,905.865672790288,970.193113557523,"PCD_C2"
"TCGA-66-2782",571.682884431217,1774.23017390763,2345.91305833884,"PCD_C1"
"TCGA-66-2783",99.131529122535,1071.96717016364,1171.09869928617,"PCD_C2"
"TCGA-66-2785",285.181468495392,2255.88174556466,2541.06321406005,"PCD_C1"
"TCGA-66-2786",133.372660089571,1508.15738747441,1641.53004756398,"PCD_C1"
"TCGA-66-2787",321.767140169336,1530.90986546443,1852.67700563377,"PCD_C2"
"TCGA-66-2788",1057.8638228564,1698.13605746253,2755.99988031893,"PCD_C1"
"TCGA-66-2789",724.963620851628,991.950284999742,1716.91390585137,"PCD_C1"
"TCGA-66-2790",352.637158997723,1238.05007790063,1590.68723689835,"PCD_C1"
"TCGA-66-2791",760.190388841572,2061.43945672575,2821.62984556732,"PCD_C2"
"TCGA-66-2792",23.7382949328202,507.166582714965,530.904877647785,"PCD_C2"
"TCGA-66-2793",-1497.69913207885,-601.818623743748,-2099.51775582259,"PCD_C1"
"TCGA-66-2794",-315.207181449881,1993.79516124096,1678.58797979108,"PCD_C2"
"TCGA-66-2795",862.076637255031,1427.27431797912,2289.35095523416,"PCD_C2"
"TCGA-66-2800",342.025466876488,1489.57169570757,1831.59716258405,"PCD_C2"
"TCGA-68-7755",0.86909073716621,-8.97687762854255,-8.10778689137634,"PCD_C2"
"TCGA-68-7756",65.5494331058453,665.33341371096,730.882846816805,"PCD_C2"
"TCGA-68-7757",574.648757046303,946.923985916719,1521.57274296302,"PCD_C1"
"TCGA-68-8250",-71.9278574061984,1277.31972229729,1205.39186489109,"PCD_C1"
"TCGA-68-8251",719.135902972068,1340.80027525333,2059.9361782254,"PCD_C1"
"TCGA-68-A59I",573.843069312833,1461.14705409751,2034.99012341034,"PCD_C1"
"TCGA-68-A59J",-190.485583700457,1343.54953865939,1153.06395495893,"PCD_C2"
"TCGA-6A-AB49",-1900.5674301029,-160.049578452567,-2060.61700855546,"PCD_C1"
"TCGA-70-6722",826.641624853809,1456.48342021905,2283.12504507286,"PCD_C1"
"TCGA-70-6723",-1341.03479209478,-333.563813421509,-1674.59860551629,"PCD_C2"
"TCGA-77-6842",478.933861439316,2278.52613424311,2757.45999568243,"PCD_C1"
"TCGA-77-6843",-1150.14882945935,-402.166327800969,-1552.31515726032,"PCD_C2"
"TCGA-77-6844",-609.559060692396,675.936712568772,66.3776518763763,"PCD_C1"
"TCGA-77-6845",-833.879195620121,-479.966335014617,-1313.84553063474,"PCD_C2"
"TCGA-77-7138",-724.719729491784,393.97733445041,-330.742395041374,"PCD_C1"
"TCGA-77-7139",-424.792534967523,403.718912449723,-21.0736225177998,"PCD_C2"
"TCGA-77-7140",-187.605878125754,77.8614095244607,-109.744468601294,"PCD_C2"
"TCGA-77-7141",-617.321430277997,194.048209811317,-423.27322046668,"PCD_C2"
"TCGA-77-7142",-40.7179424175227,690.294197738308,649.576255320786,"PCD_C1"
"TCGA-77-7335",1944.07455812732,2501.77207446565,4445.84663259297,"PCD_C1"
"TCGA-77-7337",883.487725570623,929.02560540718,1812.5133309778,"PCD_C1"
"TCGA-77-7338",629.328996903977,933.693887847259,1563.02288475124,"PCD_C2"
"TCGA-77-7463",-760.891051031653,607.553142392208,-153.337908639445,"PCD_C2"
"TCGA-77-7465",96.4332742667388,1898.59883174384,1995.03210601058,"PCD_C1"
"TCGA-77-8007",902.916754538413,2115.55939069124,3018.47614522965,"PCD_C1"
"TCGA-77-8008",1661.90595939057,1704.97641209679,3366.88237148736,"PCD_C1"
"TCGA-77-8009",-250.6523565538,281.528507939121,30.8761513853218,"PCD_C2"
"TCGA-77-8128",52.8768226238202,-509.219008144118,-456.342185520298,"PCD_C2"
"TCGA-77-8130",532.803509900901,379.164235988502,911.967745889403,"PCD_C1"
"TCGA-77-8131",1072.78069865203,2707.58697037612,3780.36766902815,"PCD_C1"
"TCGA-77-8133",-170.043467639315,1785.81382267887,1615.77035503956,"PCD_C1"
"TCGA-77-8136",923.458717318857,2062.95639283956,2986.41511015841,"PCD_C1"
"TCGA-77-8138",474.352793812313,1291.30240773519,1765.6552015475,"PCD_C2"
"TCGA-77-8139",149.946602742917,675.229451745933,825.17605448885,"PCD_C1"
"TCGA-77-8140",-1035.62129448677,128.887019612107,-906.734274874658,"PCD_C1"
"TCGA-77-8143",-1111.48351134145,364.079883738708,-747.403627602746,"PCD_C1"
"TCGA-77-8144",-815.56653343751,489.624476582675,-325.942056854834,"PCD_C1"
"TCGA-77-8145",714.653105504629,444.469749775863,1159.12285528049,"PCD_C1"
"TCGA-77-8146",-121.042915849839,789.44691657974,668.404000729901,"PCD_C2"
"TCGA-77-8148",93.9904281055896,525.56020414065,619.55063224624,"PCD_C2"
"TCGA-77-8150",-257.75009911158,1199.88049206476,942.130392953178,"PCD_C2"
"TCGA-77-8153",-1048.05285042661,-464.736486302929,-1512.78933672954,"PCD_C2"
"TCGA-77-8154",-757.513331669765,-386.038824067316,-1143.55215573708,"PCD_C2"
"TCGA-77-8156",698.141197533936,2107.12983867891,2805.27103621285,"PCD_C2"
"TCGA-77-A5FZ",1673.3199454508,3359.68326956792,5033.00321501872,"PCD_C1"
"TCGA-77-A5G1",144.765763327835,1401.58597875477,1546.35174208261,"PCD_C1"
"TCGA-77-A5G3",-512.392137963728,399.066109417736,-113.326028545992,"PCD_C2"
"TCGA-77-A5G6",-989.080323287383,39.3138234605351,-949.766499826848,"PCD_C1"
"TCGA-77-A5G7",-1252.06296151038,-9.1980975053902,-1261.26105901577,"PCD_C1"
"TCGA-77-A5G8",-200.040984865332,821.709769087213,621.668784221882,"PCD_C2"
"TCGA-77-A5GA",-720.665327769278,449.437914890335,-271.227412878943,"PCD_C2"
"TCGA-77-A5GB",420.969942276941,1468.35380809122,1889.32375036816,"PCD_C1"
"TCGA-77-A5GF",-200.370200230516,680.831990605283,480.461790374767,"PCD_C2"
"TCGA-77-A5GH",685.023096489968,2262.97888536264,2948.00198185261,"PCD_C1"
"TCGA-79-5596",-820.195182282291,-86.2213035626218,-906.416485844913,"PCD_C2"
"TCGA-85-6175",1795.78704858038,1959.3063305385,3755.09337911888,"PCD_C1"
"TCGA-85-6560",787.52121017716,1439.54027453254,2227.0614847097,"PCD_C1"
"TCGA-85-6561",1509.80367641784,1997.04629417695,3506.84997059479,"PCD_C2"
"TCGA-85-6798",50.6559897666472,-65.4273253520596,-14.7713355854124,"PCD_C2"
"TCGA-85-7696",-153.776555892787,624.806479916111,471.029924023324,"PCD_C2"
"TCGA-85-7697",-11.1221097527693,1009.31770773261,998.195597979846,"PCD_C1"
"TCGA-85-7698",618.080013246373,1245.22256717516,1863.30258042153,"PCD_C2"
"TCGA-85-7699",755.146766142711,2037.15921264644,2792.30597878915,"PCD_C1"
"TCGA-85-7710",-514.619085091855,937.475611749561,422.856526657706,"PCD_C1"
"TCGA-85-7843",403.829403329886,908.52419814975,1312.35360147964,"PCD_C2"
"TCGA-85-7844",657.570396973575,953.660016836888,1611.23041381046,"PCD_C2"
"TCGA-85-7950",720.80125209125,1633.46563584844,2354.26688793969,"PCD_C1"
"TCGA-85-8048",1001.11279360968,2393.23985228781,3394.35264589749,"PCD_C1"
"TCGA-85-8049",1229.49847291401,2264.31266332267,3493.81113623669,"PCD_C2"
"TCGA-85-8052",-354.670564903552,602.093986921876,247.423422018325,"PCD_C2"
"TCGA-85-8070",-1689.60077237128,-619.564835021727,-2309.16560739301,"PCD_C2"
"TCGA-85-8071",-927.601659869613,233.125526936685,-694.476132932928,"PCD_C2"
"TCGA-85-8072",-457.883921766242,1009.60641129668,551.722489530443,"PCD_C2"
"TCGA-85-8276",1053.80611945732,1821.96747228172,2875.77359173904,"PCD_C1"
"TCGA-85-8277",-536.845640186724,764.822491825716,227.976851638992,"PCD_C2"
"TCGA-85-8287",1228.65629131361,2013.03706701985,3241.69335833346,"PCD_C1"
"TCGA-85-8288",641.992296867442,1065.10201448757,1707.09431135502,"PCD_C1"
"TCGA-85-8350",298.717243850939,1057.93363153849,1356.65087538943,"PCD_C1"
"TCGA-85-8351",-304.692131995402,653.905401879612,349.213269884209,"PCD_C1"
"TCGA-85-8352",-1683.21345310002,-462.8782973127,-2146.09175041272,"PCD_C1"
"TCGA-85-8353",955.453607726185,1495.64840739043,2451.10201511661,"PCD_C1"
"TCGA-85-8354",-1175.97508645074,104.947999584521,-1071.02708686622,"PCD_C2"
"TCGA-85-8355",574.212764424751,2780.17269620295,3354.3854606277,"PCD_C2"
"TCGA-85-8479",-939.152318774146,-196.103110925856,-1135.2554297,"PCD_C1"
"TCGA-85-8481",628.27404169563,1176.26493087119,1804.53897256682,"PCD_C1"
"TCGA-85-8580",-999.218556033399,701.712571366472,-297.505984666927,"PCD_C2"
"TCGA-85-8582",1129.97778539764,1105.32038189863,2235.29816729628,"PCD_C1"
"TCGA-85-8584",38.0253595064377,1894.68926013421,1932.71461964065,"PCD_C2"
"TCGA-85-8664",-1616.34614615688,-158.782014857121,-1775.128161014,"PCD_C1"
"TCGA-85-8666",660.323248638789,1262.82358772883,1923.14683636762,"PCD_C2"
"TCGA-85-A4CL",-86.6535857310432,1592.51809801076,1505.86451227971,"PCD_C2"
"TCGA-85-A4CN",401.567753862526,699.127936614621,1100.69569047715,"PCD_C2"
"TCGA-85-A4JB",-235.802696273698,353.75903781686,117.956341543162,"PCD_C1"
"TCGA-85-A4JC",369.145293503069,1285.68467923487,1654.82997273794,"PCD_C1"
"TCGA-85-A4PA",325.207750015472,3435.7653147114,3760.97306472688,"PCD_C1"
"TCGA-85-A4QQ",-1072.62062159081,286.006804311365,-786.613817279444,"PCD_C1"
"TCGA-85-A4QR",-2089.18951235335,-691.979996460293,-2781.16950881364,"PCD_C1"
"TCGA-85-A50M",94.9069145676371,580.736093505936,675.643008073573,"PCD_C1"
"TCGA-85-A50Z",-653.865315110316,1223.68597063747,569.820655527158,"PCD_C1"
"TCGA-85-A510",-232.340902728144,1319.91205979764,1087.5711570695,"PCD_C1"
"TCGA-85-A511",805.26746968636,1298.989355255,2104.25682494136,"PCD_C1"
"TCGA-85-A512",-371.697877905301,342.967147358541,-28.7307305467601,"PCD_C2"
"TCGA-85-A513",975.300326562905,2570.63605413087,3545.93638069378,"PCD_C1"
"TCGA-85-A53L",-550.568604683426,351.919269570145,-198.649335113281,"PCD_C1"
"TCGA-85-A5B5",-579.390982409951,70.7988074575657,-508.592174952385,"PCD_C2"
"TCGA-90-6837",1044.31414767505,1777.01967974556,2821.33382742062,"PCD_C1"
"TCGA-90-7766",-663.826496575791,1553.9616170289,890.135120453114,"PCD_C1"
"TCGA-90-7767",812.248560729369,1610.08213764372,2422.33069837308,"PCD_C1"
"TCGA-90-7769",-945.234979563069,-213.225962298345,-1158.46094186141,"PCD_C2"
"TCGA-90-7964",189.262410314586,1043.11195706068,1232.37436737527,"PCD_C2"
"TCGA-90-A4ED",56.888755423562,647.281034261105,704.169789684667,"PCD_C1"
"TCGA-90-A4EE",861.442395073678,2746.36621425863,3607.80860933231,"PCD_C1"
"TCGA-90-A59Q",544.253542909993,2467.96853960303,3012.22208251302,"PCD_C1"
"TCGA-92-7340",1357.21742237626,1466.01668154864,2823.2341039249,"PCD_C1"
"TCGA-92-7341",344.284105173263,532.978280618135,877.262385791398,"PCD_C2"
"TCGA-92-8063",65.9736815463714,698.984398105558,764.958079651929,"PCD_C2"
"TCGA-92-8064",881.577139206484,2286.63857269461,3168.2157119011,"PCD_C2"
"TCGA-92-8065",115.47617791108,1635.44913120994,1750.92530912102,"PCD_C1"
"TCGA-94-7033",-1348.46003177253,353.022189706453,-995.437842066076,"PCD_C1"
"TCGA-94-7557",-56.9233166524083,749.389624468839,692.46630781643,"PCD_C2"
"TCGA-94-7943",-524.475911160919,689.152298872014,164.676387711095,"PCD_C2"
"TCGA-94-8035",-932.638529818205,237.453210070276,-695.185319747928,"PCD_C1"
"TCGA-94-8490",-1164.61605968776,-358.035177263709,-1522.65123695147,"PCD_C2"
"TCGA-94-8491",-465.799297079396,1400.06695787851,934.267660799112,"PCD_C2"
"TCGA-94-A4VJ",-150.074935430047,774.202309335854,624.127373905807,"PCD_C1"
"TCGA-94-A5I4",-778.295163002074,268.891378280673,-509.403784721402,"PCD_C2"
"TCGA-94-A5I6",-366.047073116348,207.802210520474,-158.244862595874,"PCD_C2"
"TCGA-96-7544",1097.55188606199,1329.31435049885,2426.86623656084,"PCD_C1"
"TCGA-96-7545",634.286134378288,1665.9472593319,2300.23339371018,"PCD_C2"
"TCGA-96-8169",216.58985291777,1181.24109102216,1397.83094393993,"PCD_C2"
"TCGA-96-8170",29.3119805407302,1148.1726611894,1177.48464173013,"PCD_C1"
"TCGA-96-A4JK",-212.062543495315,991.040104700268,778.977561204953,"PCD_C2"
"TCGA-96-A4JL",562.148819600104,2512.4754495669,3074.624269167,"PCD_C1"
"TCGA-98-7454",1766.18324651432,2503.49325322397,4269.67649973829,"PCD_C1"
"TCGA-98-8020",539.642657988621,1291.92952089538,1831.572178884,"PCD_C1"
"TCGA-98-8021",127.624055251883,538.487350487898,666.11140573978,"PCD_C1"
"TCGA-98-8022",193.267114038525,1480.38755496578,1673.65466900431,"PCD_C1"
"TCGA-98-8023",874.985464874786,1909.54586608339,2784.53133095818,"PCD_C1"
"TCGA-98-A538",-103.83089087056,779.276489382152,675.445598511592,"PCD_C1"
"TCGA-98-A539",-123.52146900381,821.95666873576,698.43519973195,"PCD_C2"
"TCGA-98-A53A",-1043.88131196923,233.47048761103,-810.410824358204,"PCD_C2"
"TCGA-98-A53B",-233.567084689182,1091.06301424402,857.49592955484,"PCD_C1"
"TCGA-98-A53C",1520.63211361049,2881.73474924425,4402.36686285474,"PCD_C1"
"TCGA-98-A53D",1479.56327367031,2268.74453575652,3748.30780942683,"PCD_C1"
"TCGA-98-A53H",1289.98397178954,2335.57165395453,3625.55562574407,"PCD_C1"
"TCGA-98-A53I",53.3354422993286,1704.33917029318,1757.67461259251,"PCD_C2"
"TCGA-98-A53J",-955.438940576978,130.429977769927,-825.008962807051,"PCD_C2"
"TCGA-J1-A4AH",-1083.05592587761,121.611344133425,-961.444581744182,"PCD_C2"
"TCGA-L3-A4E7",-206.2480190362,1136.30675257549,930.058733539287,"PCD_C1"
"TCGA-L3-A524",-404.298170036964,74.6150610102853,-329.683109026678,"PCD_C2"
"TCGA-LA-A446",-1067.45947457592,341.164631651792,-726.29484292413,"PCD_C2"
"TCGA-LA-A7SW",-526.747739574014,439.953872608605,-86.7938669654085,"PCD_C1"
"TCGA-MF-A522",-1227.9398686568,-45.8274532541362,-1273.76732191094,"PCD_C2"
"TCGA-NC-A5HD",-1114.04432809907,-474.790874988701,-1588.83520308777,"PCD_C2"
"TCGA-NC-A5HE",457.818592787132,2761.3449319763,3219.16352476343,"PCD_C2"
"TCGA-NC-A5HF",-1315.30750361924,-432.835151491903,-1748.14265511115,"PCD_C2"
"TCGA-NC-A5HG",-1345.83827456215,-160.124010434774,-1505.96228499692,"PCD_C1"
"TCGA-NC-A5HH",-1008.27719231816,95.4693158077467,-912.807876510415,"PCD_C1"
"TCGA-NC-A5HI",-1279.20796274261,335.112093410195,-944.095869332419,"PCD_C1"
"TCGA-NC-A5HJ",343.275012823478,2401.34062769666,2744.61564052014,"PCD_C1"
"TCGA-NC-A5HK",-1209.79591142622,402.524185641147,-807.271725785078,"PCD_C1"
"TCGA-NC-A5HL",-528.822116946739,1584.71388550171,1055.89176855497,"PCD_C2"
"TCGA-NC-A5HM",-1042.58606803832,728.377368707561,-314.208699330755,"PCD_C1"
"TCGA-NC-A5HN",-1223.35028167726,-43.0774758774832,-1266.42775755475,"PCD_C2"
"TCGA-NC-A5HO",-844.039132497392,647.863474038767,-196.175658458625,"PCD_C2"
"TCGA-NC-A5HP",280.460949654351,50.7250754924472,331.186025146798,"PCD_C1"
"TCGA-NC-A5HQ",-807.084466883688,1244.82781314982,437.743346266128,"PCD_C1"
"TCGA-NC-A5HR",-1187.39217614435,181.372665750239,-1006.01951039411,"PCD_C2"
"TCGA-NC-A5HT",-1036.35464983672,-783.325997589895,-1819.68064742661,"PCD_C2"
"TCGA-NK-A5CR",-1177.04370536041,-267.926436641739,-1444.97014200215,"PCD_C2"
"TCGA-NK-A5CT",-1082.06543991645,649.302783025047,-432.762656891398,"PCD_C1"
"TCGA-NK-A5CX",234.796961806509,1309.42660718449,1544.223568991,"PCD_C1"
"TCGA-NK-A5D1",-1080.65519997012,-114.092895054325,-1194.74809502445,"PCD_C1"
"TCGA-NK-A7XE",-1302.3723454673,456.62427586776,-845.748069599539,"PCD_C2"
"TCGA-O2-A52N",-405.345103000106,995.945973917532,590.600870917426,"PCD_C1"
"TCGA-O2-A52Q",408.952954397967,2261.82703192516,2670.77998632313,"PCD_C1"
"TCGA-O2-A52S",-771.842780593053,1026.08859459362,254.245814000571,"PCD_C2"
"TCGA-O2-A52V",-34.8544807188297,1061.43479476095,1026.58031404212,"PCD_C2"
"TCGA-O2-A52W",-1062.56594639664,422.752729825134,-639.813216571504,"PCD_C1"
"TCGA-O2-A5IB",-1330.83145749499,-793.641210190775,-2124.47266768577,"PCD_C1"
"TCGA-XC-AA0X",131.824940870102,1657.72882906346,1789.55376993356,"PCD_C2"
