"gene","training_mean_log2TPM1","training_SD_log2TPM1"
"SLC39A8",5.52191034809972,1.08966008486363
"MAP1LC3C",2.17514134070792,1.2973923800531
"DAPK2",2.25408670037401,0.900286705043869
"TLR4",2.43881794314089,0.840392613671283
"BMX",0.981102557177106,0.851036930299389
"SEPTIN4",1.70149500808325,0.575606875045324
"CYBB",5.89676522708173,1.35015278623427
"DAPK1",4.81381764311689,1.05519285330739
"PRKCQ",2.2811640383755,0.938609901839233
"CAMK2A",0.35404108146213,0.354755582308083
"VIM",7.7950155877037,0.929586082304168
"KAT2B",3.73516613296354,0.733680224625918
"CASP5",0.886473492210926,0.573471031779644
"ACSL4",5.37255203961965,0.946681130444908
"UACA",3.55809444686634,0.79844024007104
"IL1B",2.86829937897474,1.15949911654792
"DSG3",0.391424299646079,1.02000785247768
"AKR1C2",3.7965799347374,3.35217769624109
"PKP1",2.55705945236065,2.23486317400646
"PSAT1",4.91332998798023,1.42545334814
"H1-5",0.708401721963256,1.27211742763417
"CDKN2A",3.07106756726499,1.91369378120107
"AKR1C1",3.78132361956232,2.81194551865821
"H1-3",1.02533471076118,1.33204272388155
"SLC7A11",3.00228739738605,1.66759181909559
"DSG1",0.116750215605744,0.323617445327686
"EGLN3",4.11652895770698,1.64082214226447
"H1-4",1.47193497672122,1.38934578371215
"DSP",6.32025183259978,1.60143082225903
"NQO1",7.26645970938522,1.72791025553779
"CLSPN",2.03172391099032,0.973822263871847
"GCLC",4.31177919493481,1.64256005035323
"AKR1C3",5.32589776077267,2.31033123955802
"H1-1",0.122335906992749,0.581495812984776
"TF",0.771262308865681,1.30822794627923
"CP",6.31645262674731,1.9526570153111
"LMNB1",5.21427778314041,1.0399454313559
"PMAIP1",4.57177492881966,1.33777931985352
"DSG2",6.40173673071715,1.12346244658947
"GCLM",4.68937416266721,1.02978369141726
"E2F1",4.58366948817902,1.12793573965083
"H1-2",7.42357601298521,1.29079365596612
"TXNRD1",6.83386027746925,1.50613485180372
"ADGRG1",5.88563083945575,1.06191699430855
"CBS",0.582086116830207,0.556888225933607
"NOX4",1.72845094630289,0.823590910985156
"H1-0",8.76496235472743,0.815144107583484
