"patient_id","OS_status","fold","cv_seed"
"TCGA-55-8204",0,9,33002
"TCGA-MN-A4N1",0,2,33002
"TCGA-55-7724",0,4,33002
"TCGA-78-7633",1,1,33002
"TCGA-73-7499",1,1,33002
"TCGA-05-4405",0,9,33002
"TCGA-55-7903",0,8,33002
"TCGA-78-7156",1,2,33002
"TCGA-44-A47A",0,9,33002
"TCGA-50-5935",1,7,33002
"TCGA-55-8207",0,8,33002
"TCGA-44-7667",0,5,33002
"TCGA-55-8302",0,6,33002
"TCGA-44-8120",0,5,33002
"TCGA-73-4677",1,7,33002
"TCGA-78-7540",1,10,33002
"TCGA-44-6148",0,3,33002
"TCGA-NJ-A55O",0,1,33002
"TCGA-49-4505",1,1,33002
"TCGA-MP-A5C7",0,6,33002
"TCGA-38-4625",0,9,33002
"TCGA-44-A47B",0,9,33002
"TCGA-55-8089",1,3,33002
"TCGA-99-8028",0,2,33002
"TCGA-91-6847",0,7,33002
"TCGA-50-5049",0,1,33002
"TCGA-91-6829",1,1,33002
"TCGA-49-AARQ",0,4,33002
"TCGA-MP-A4SW",1,4,33002
"TCGA-50-6591",1,2,33002
"TCGA-49-AARR",0,9,33002
"TCGA-97-8552",0,6,33002
"TCGA-86-A4P7",0,2,33002
"TCGA-50-5944",0,6,33002
"TCGA-75-5146",0,9,33002
"TCGA-44-5644",0,6,33002
"TCGA-05-4417",0,5,33002
"TCGA-69-7764",0,5,33002
"TCGA-83-5908",0,9,33002
"TCGA-NJ-A4YI",1,3,33002
"TCGA-78-7149",0,6,33002
"TCGA-44-7662",0,10,33002
"TCGA-86-8585",0,5,33002
"TCGA-S2-AA1A",0,2,33002
"TCGA-05-4433",0,5,33002
"TCGA-97-A4M6",0,3,33002
"TCGA-55-8097",0,4,33002
"TCGA-L4-A4E5",0,9,33002
"TCGA-44-6777",1,7,33002
"TCGA-55-8096",1,7,33002
"TCGA-86-8673",0,8,33002
"TCGA-71-8520",1,8,33002
"TCGA-97-A4M1",0,9,33002
"TCGA-55-A492",0,6,33002
"TCGA-55-A57B",0,3,33002
"TCGA-75-6206",0,3,33002
"TCGA-49-4494",1,8,33002
"TCGA-50-5946",0,3,33002
"TCGA-05-4420",0,8,33002
"TCGA-55-A4DG",0,3,33002
"TCGA-NJ-A4YP",0,3,33002
"TCGA-44-2656",0,3,33002
"TCGA-35-4122",0,3,33002
"TCGA-99-AA5R",0,4,33002
"TCGA-86-8358",0,7,33002
"TCGA-50-8457",0,1,33002
"TCGA-86-8056",0,6,33002
"TCGA-55-6642",0,5,33002
"TCGA-86-8074",0,10,33002
"TCGA-38-4627",1,4,33002
"TCGA-49-4488",1,2,33002
"TCGA-05-4249",0,9,33002
"TCGA-78-7536",1,8,33002
"TCGA-55-7728",0,10,33002
"TCGA-55-8092",1,1,33002
"TCGA-78-7159",0,2,33002
"TCGA-97-A4M0",0,2,33002
"TCGA-44-5645",0,4,33002
"TCGA-50-6593",1,10,33002
"TCGA-78-7143",1,9,33002
"TCGA-44-2666",1,5,33002
"TCGA-55-8087",0,5,33002
"TCGA-97-A4LX",0,2,33002
"TCGA-55-8620",1,2,33002
"TCGA-55-A493",0,6,33002
"TCGA-62-A472",0,2,33002
"TCGA-97-A4M3",0,1,33002
"TCGA-NJ-A4YF",0,6,33002
"TCGA-55-6543",0,3,33002
"TCGA-78-7163",0,8,33002
"TCGA-62-8395",0,3,33002
"TCGA-78-7148",1,3,33002
"TCGA-MP-A4T6",1,3,33002
"TCGA-93-7347",0,3,33002
"TCGA-MP-A4TI",1,3,33002
"TCGA-44-2657",0,10,33002
"TCGA-78-7537",1,1,33002
"TCGA-MP-A4TK",1,5,33002
"TCGA-62-A46V",0,3,33002
"TCGA-55-8514",0,10,33002
"TCGA-55-8094",0,6,33002
"TCGA-97-7937",0,6,33002
"TCGA-78-7220",1,2,33002
"TCGA-78-7167",1,7,33002
"TCGA-73-4662",0,5,33002
"TCGA-78-8660",1,7,33002
"TCGA-55-6978",1,6,33002
"TCGA-80-5611",0,6,33002
"TCGA-93-8067",0,8,33002
"TCGA-55-8091",0,7,33002
"TCGA-73-4658",1,7,33002
"TCGA-38-4630",1,10,33002
"TCGA-55-1592",1,10,33002
"TCGA-95-7043",1,1,33002
"TCGA-78-7166",1,4,33002
"TCGA-38-4631",1,10,33002
"TCGA-55-7726",0,10,33002
"TCGA-50-5932",1,8,33002
"TCGA-50-6597",1,8,33002
"TCGA-44-7661",1,2,33002
"TCGA-55-8511",0,4,33002
"TCGA-55-8090",1,6,33002
"TCGA-55-7725",0,8,33002
"TCGA-38-4629",1,10,33002
"TCGA-95-7947",0,4,33002
"TCGA-95-8494",0,1,33002
"TCGA-91-6836",0,9,33002
"TCGA-05-4382",0,10,33002
"TCGA-55-7573",0,4,33002
"TCGA-55-8208",0,8,33002
"TCGA-MP-A4TH",0,6,33002
"TCGA-44-8119",0,1,33002
"TCGA-NJ-A55R",0,6,33002
"TCGA-86-8359",1,5,33002
"TCGA-50-7109",1,7,33002
"TCGA-44-3917",0,1,33002
"TCGA-NJ-A4YG",0,10,33002
"TCGA-44-A479",0,4,33002
"TCGA-55-6986",0,9,33002
"TCGA-95-8039",0,5,33002
"TCGA-86-A456",0,2,33002
"TCGA-J2-A4AD",1,8,33002
"TCGA-91-A4BD",0,4,33002
"TCGA-55-8510",0,1,33002
"TCGA-49-AAQV",1,3,33002
"TCGA-MP-A4TA",1,2,33002
"TCGA-50-5931",1,6,33002
"TCGA-78-7162",1,7,33002
"TCGA-78-8640",0,3,33002
"TCGA-69-7763",0,10,33002
"TCGA-55-7911",0,8,33002
"TCGA-55-8512",1,9,33002
"TCGA-38-4626",0,9,33002
"TCGA-05-4389",0,8,33002
"TCGA-69-7979",0,4,33002
"TCGA-L9-A5IP",1,9,33002
"TCGA-55-8614",0,3,33002
"TCGA-78-8655",0,5,33002
"TCGA-91-6835",0,3,33002
"TCGA-95-7944",0,1,33002
"TCGA-95-7039",0,10,33002
"TCGA-69-7980",0,7,33002
"TCGA-97-7941",0,10,33002
"TCGA-78-7152",1,2,33002
"TCGA-44-7659",0,8,33002
"TCGA-49-4514",0,6,33002
"TCGA-86-8055",1,9,33002
"TCGA-55-A4DF",1,7,33002
"TCGA-44-2668",1,3,33002
"TCGA-05-4426",0,9,33002
"TCGA-49-4487",1,5,33002
"TCGA-44-A4SU",1,3,33002
"TCGA-86-8672",1,1,33002
"TCGA-78-7153",0,7,33002
"TCGA-62-A46R",1,6,33002
"TCGA-L9-A443",1,9,33002
"TCGA-55-6972",1,4,33002
"TCGA-97-A4M7",0,5,33002
"TCGA-44-6775",0,2,33002
"TCGA-55-7913",1,10,33002
"TCGA-50-5055",1,1,33002
"TCGA-55-8506",0,5,33002
"TCGA-44-7672",0,2,33002
"TCGA-67-6216",0,7,33002
"TCGA-86-8073",0,7,33002
"TCGA-49-AARE",1,5,33002
"TCGA-62-8402",1,1,33002
"TCGA-MP-A4T7",1,9,33002
"TCGA-91-6840",0,7,33002
"TCGA-55-8507",0,7,33002
"TCGA-49-AAR9",1,6,33002
"TCGA-75-7027",0,4,33002
"TCGA-50-8460",0,1,33002
"TCGA-62-A46O",1,6,33002
"TCGA-49-6761",0,8,33002
"TCGA-78-7145",1,2,33002
"TCGA-49-AARO",0,7,33002
"TCGA-NJ-A4YQ",0,8,33002
"TCGA-91-8499",0,3,33002
"TCGA-86-7953",0,10,33002
"TCGA-55-7816",1,6,33002
"TCGA-J2-A4AG",0,1,33002
"TCGA-69-8255",0,4,33002
"TCGA-55-6985",0,4,33002
"TCGA-49-AAR3",0,2,33002
"TCGA-62-A470",1,5,33002
"TCGA-91-6830",0,4,33002
"TCGA-78-8648",1,6,33002
"TCGA-80-5608",0,1,33002
"TCGA-93-7348",0,10,33002
"TCGA-78-7147",1,9,33002
"TCGA-55-8085",0,7,33002
"TCGA-97-A4M5",0,3,33002
"TCGA-69-8254",0,2,33002
"TCGA-49-4486",1,4,33002
"TCGA-4B-A93V",1,5,33002
"TCGA-62-8399",0,2,33002
"TCGA-91-8496",0,5,33002
"TCGA-75-7025",0,4,33002
"TCGA-50-5044",1,7,33002
"TCGA-64-1676",0,9,33002
"TCGA-64-5774",0,2,33002
"TCGA-44-3918",0,6,33002
"TCGA-62-8394",1,3,33002
"TCGA-78-7150",1,10,33002
"TCGA-69-7973",0,3,33002
"TCGA-55-6979",1,1,33002
"TCGA-75-6212",1,4,33002
"TCGA-95-7567",0,1,33002
"TCGA-44-3396",0,7,33002
"TCGA-64-1677",1,4,33002
"TCGA-L9-A743",0,5,33002
"TCGA-62-A46U",0,2,33002
"TCGA-44-7670",0,5,33002
"TCGA-69-7974",0,4,33002
"TCGA-J2-8194",0,6,33002
"TCGA-86-7713",0,8,33002
"TCGA-05-4402",1,9,33002
"TCGA-44-2659",0,1,33002
"TCGA-64-5775",1,9,33002
"TCGA-64-1678",0,7,33002
"TCGA-69-8253",0,4,33002
"TCGA-55-6968",1,8,33002
"TCGA-99-8025",0,7,33002
"TCGA-NJ-A7XG",0,7,33002
"TCGA-78-7161",1,5,33002
"TCGA-44-6774",0,6,33002
"TCGA-97-8174",1,5,33002
"TCGA-97-8177",0,9,33002
"TCGA-55-7576",0,6,33002
"TCGA-44-7660",0,2,33002
"TCGA-49-AAR4",1,2,33002
"TCGA-86-A4D0",1,7,33002
"TCGA-50-5933",1,4,33002
"TCGA-55-A48Y",0,7,33002
"TCGA-55-6983",0,1,33002
"TCGA-55-5899",0,10,33002
"TCGA-55-6970",1,8,33002
"TCGA-93-A4JN",0,4,33002
"TCGA-05-4432",0,3,33002
"TCGA-69-8453",0,5,33002
"TCGA-50-5051",1,5,33002
"TCGA-97-7546",0,10,33002
"TCGA-91-6848",0,6,33002
"TCGA-97-7547",0,9,33002
"TCGA-38-4632",1,6,33002
"TCGA-49-6743",0,10,33002
"TCGA-86-8075",1,5,33002
"TCGA-86-7701",0,1,33002
"TCGA-53-7626",1,9,33002
"TCGA-05-4424",0,5,33002
"TCGA-55-8505",0,1,33002
"TCGA-44-5643",0,1,33002
"TCGA-55-6981",1,3,33002
"TCGA-44-7669",1,5,33002
"TCGA-44-4112",1,2,33002
"TCGA-99-8033",1,10,33002
"TCGA-55-7995",0,10,33002
"TCGA-49-4490",1,5,33002
"TCGA-73-4675",1,4,33002
"TCGA-97-7554",0,7,33002
"TCGA-50-5066",0,3,33002
"TCGA-53-7813",0,6,33002
"TCGA-97-8176",1,4,33002
"TCGA-55-A48X",0,7,33002
"TCGA-55-7910",0,2,33002
"TCGA-95-7562",1,6,33002
"TCGA-53-7624",1,7,33002
"TCGA-55-8508",0,7,33002
"TCGA-50-5930",1,2,33002
"TCGA-49-6745",0,5,33002
"TCGA-38-7271",1,1,33002
"TCGA-MP-A4TD",1,4,33002
"TCGA-86-A4P8",0,7,33002
"TCGA-78-7160",1,1,33002
"TCGA-55-8513",0,2,33002
"TCGA-50-5936",1,10,33002
"TCGA-55-6984",1,8,33002
"TCGA-38-6178",0,2,33002
"TCGA-73-4670",0,8,33002
"TCGA-64-1681",1,4,33002
"TCGA-05-4384",0,9,33002
"TCGA-50-6590",1,3,33002
"TCGA-62-8398",1,10,33002
"TCGA-50-5072",1,6,33002
"TCGA-MP-A4TC",1,2,33002
"TCGA-73-4668",0,1,33002
"TCGA-55-8301",0,2,33002
"TCGA-71-6725",0,1,33002
"TCGA-86-6562",1,3,33002
"TCGA-62-A46S",1,3,33002
"TCGA-97-8171",0,8,33002
"TCGA-86-7955",0,5,33002
"TCGA-86-8671",0,9,33002
"TCGA-05-4427",0,8,33002
"TCGA-49-6744",0,8,33002
"TCGA-50-6595",1,8,33002
"TCGA-86-7711",1,9,33002
"TCGA-64-1680",0,1,33002
"TCGA-64-5815",0,8,33002
"TCGA-49-6742",1,4,33002
"TCGA-86-7954",0,8,33002
"TCGA-55-7281",0,4,33002
"TCGA-55-7994",0,10,33002
"TCGA-44-2665",0,10,33002
"TCGA-L9-A7SV",0,3,33002
"TCGA-62-A46Y",1,9,33002
"TCGA-67-6217",0,10,33002
"TCGA-91-7771",0,7,33002
"TCGA-69-A59K",0,1,33002
"TCGA-93-A4JP",0,4,33002
"TCGA-J2-8192",0,8,33002
"TCGA-55-A48Z",0,10,33002
"TCGA-50-8459",0,5,33002
"TCGA-99-7458",0,9,33002
"TCGA-86-8279",0,4,33002
"TCGA-35-5375",0,5,33002
"TCGA-67-3772",0,8,33002
"TCGA-05-4434",1,6,33002
"TCGA-78-7542",1,6,33002
"TCGA-67-4679",0,2,33002
"TCGA-05-4403",0,3,33002
"TCGA-05-4397",1,10,33002
"TCGA-05-4250",1,8,33002
"TCGA-67-3774",0,4,33002
"TCGA-35-4123",0,2,33002
"TCGA-05-4418",1,8,33002
"TCGA-05-4422",0,1,33002
"TCGA-35-3615",0,7,33002
"TCGA-05-4425",0,9,33002
"TCGA-05-5423",0,5,33002
"TCGA-67-3773",0,10,33002
