"sample_id","cor_PCD_C1","cor_PCD_C2","correlation_margin","projected_PCD_cluster"
"GSM1672281",-0.00405577396584217,0.00405577396584201,0.00811154793168418,"PCD_C2"
"GSM1672282",0.387392352263396,-0.387392352263396,0.774784704526791,"PCD_C1"
"GSM1672283",0.277573029261103,-0.277573029261103,0.555146058522206,"PCD_C1"
"GSM1672284",0.386683931112508,-0.386683931112508,0.773367862225016,"PCD_C1"
"GSM1672285",0.205148762696144,-0.205148762696144,0.410297525392288,"PCD_C1"
"GSM1672286",-0.38812343427597,0.38812343427597,0.77624686855194,"PCD_C2"
"GSM1672287",0.122038324415429,-0.122038324415429,0.244076648830857,"PCD_C1"
"GSM1672288",0.390134012637474,-0.390134012637474,0.780268025274947,"PCD_C1"
"GSM1672289",0.220235935532099,-0.220235935532099,0.440471871064198,"PCD_C1"
"GSM1672290",0.285692381657764,-0.285692381657764,0.571384763315529,"PCD_C1"
"GSM1672291",0.197935599085711,-0.197935599085711,0.395871198171421,"PCD_C1"
"GSM1672292",0.583021940538201,-0.583021940538201,1.1660438810764,"PCD_C1"
"GSM1672293",-0.261313643042807,0.261313643042808,0.522627286085615,"PCD_C2"
"GSM1672294",-0.0325250206614278,0.0325250206614277,0.0650500413228555,"PCD_C2"
"GSM1672295",-0.261979411838439,0.261979411838439,0.523958823676877,"PCD_C2"
"GSM1672296",-0.220199723399251,0.220199723399251,0.440399446798501,"PCD_C2"
"GSM1672297",-0.412523004017422,0.412523004017422,0.825046008034844,"PCD_C2"
"GSM1672298",0.234514447896073,-0.234514447896072,0.469028895792145,"PCD_C1"
"GSM1672299",0.12846361997357,-0.12846361997357,0.25692723994714,"PCD_C1"
"GSM1672300",0.0547182710088914,-0.0547182710088915,0.109436542017783,"PCD_C1"
"GSM1672301",0.368837030113786,-0.368837030113786,0.737674060227572,"PCD_C1"
"GSM1672302",0.0586195394739867,-0.0586195394739868,0.117239078947974,"PCD_C1"
"GSM1672303",-0.45679152377013,0.45679152377013,0.913583047540259,"PCD_C2"
"GSM1672304",0.0677192859476322,-0.0677192859476323,0.135438571895265,"PCD_C1"
"GSM1672305",-0.0399196101074802,0.03991961010748,0.0798392202149602,"PCD_C2"
"GSM1672306",0.216778006304234,-0.216778006304234,0.433556012608468,"PCD_C1"
"GSM1672307",-0.388761487264583,0.388761487264583,0.777522974529165,"PCD_C2"
"GSM1672308",-0.000740034582639735,0.000740034582639886,0.00148006916527962,"PCD_C2"
"GSM1672309",-0.492036553898519,0.492036553898519,0.984073107797038,"PCD_C2"
"GSM1672310",0.0133392583926341,-0.0133392583926341,0.0266785167852682,"PCD_C1"
"GSM1672311",0.521191713411511,-0.521191713411511,1.04238342682302,"PCD_C1"
"GSM1672312",0.183252237818965,-0.183252237818965,0.36650447563793,"PCD_C1"
"GSM1672313",-0.0120513970971641,0.0120513970971643,0.0241027941943284,"PCD_C2"
"GSM1672314",0.291800225401027,-0.291800225401027,0.583600450802054,"PCD_C1"
"GSM1672315",-0.67392012537242,0.67392012537242,1.34784025074484,"PCD_C2"
"GSM1672316",0.00538408951960299,-0.00538408951960274,0.0107681790392057,"PCD_C1"
"GSM1672317",0.128644428461938,-0.128644428461937,0.257288856923875,"PCD_C1"
"GSM1672318",-0.52233046143887,0.52233046143887,1.04466092287774,"PCD_C2"
"GSM1672319",0.568508044764558,-0.568508044764558,1.13701608952912,"PCD_C1"
"GSM1672320",-0.313007438900975,0.313007438900975,0.626014877801949,"PCD_C2"
"GSM1672321",0.248664325584021,-0.248664325584022,0.497328651168043,"PCD_C1"
"GSM1672322",0.291598994014375,-0.291598994014375,0.58319798802875,"PCD_C1"
"GSM1672323",0.552221851957988,-0.552221851957988,1.10444370391598,"PCD_C1"
"GSM1672324",-0.220932462081266,0.220932462081265,0.441864924162531,"PCD_C2"
"GSM1672325",0.490353355787241,-0.490353355787241,0.980706711574482,"PCD_C1"
"GSM1672326",0.307486537343981,-0.307486537343981,0.614973074687962,"PCD_C1"
"GSM1672327",0.261565676210151,-0.261565676210151,0.523131352420302,"PCD_C1"
"GSM1672328",0.26485224526303,-0.26485224526303,0.529704490526059,"PCD_C1"
"GSM1672329",0.280052901721236,-0.280052901721236,0.560105803442472,"PCD_C1"
"GSM1672330",0.591425541483619,-0.591425541483619,1.18285108296724,"PCD_C1"
"GSM1672331",0.000534557794815211,-0.000534557794814984,0.0010691155896302,"PCD_C1"
"GSM1672332",-0.0727664639548558,0.0727664639548559,0.145532927909712,"PCD_C2"
"GSM1672333",0.310512448150824,-0.310512448150824,0.621024896301648,"PCD_C1"
"GSM1672334",0.221132115883165,-0.221132115883165,0.442264231766329,"PCD_C1"
"GSM1672335",0.176356633805884,-0.176356633805884,0.352713267611768,"PCD_C1"
"GSM1672336",-0.112635314109191,0.112635314109191,0.225270628218382,"PCD_C2"
"GSM1672337",-0.262432311717163,0.262432311717163,0.524864623434326,"PCD_C2"
"GSM1672338",-0.130431685453078,0.130431685453078,0.260863370906156,"PCD_C2"
"GSM1672339",-0.198512399098245,0.198512399098245,0.397024798196491,"PCD_C2"
"GSM1672340",-0.0726732220909421,0.0726732220909423,0.145346444181884,"PCD_C2"
"GSM1672341",0.0297773847679423,-0.0297773847679422,0.0595547695358845,"PCD_C1"
"GSM1672342",0.415568452192726,-0.415568452192726,0.831136904385452,"PCD_C1"
"GSM1672343",-0.112323570750468,0.112323570750468,0.224647141500935,"PCD_C2"
"GSM1672344",0.0652378204663106,-0.0652378204663106,0.130475640932621,"PCD_C1"
"GSM1672345",-0.311441642110257,0.311441642110257,0.622883284220513,"PCD_C2"
"GSM1672346",-0.466548168008639,0.466548168008639,0.933096336017278,"PCD_C2"
"GSM1672347",0.231076444556882,-0.231076444556882,0.462152889113764,"PCD_C1"
"GSM1672348",0.525961461269951,-0.525961461269951,1.0519229225399,"PCD_C1"
"GSM1672349",-0.499174417341436,0.499174417341436,0.998348834682872,"PCD_C2"
"GSM1672350",-0.291270929961448,0.291270929961448,0.582541859922896,"PCD_C2"
"GSM1672351",0.255849924892469,-0.255849924892469,0.511699849784938,"PCD_C1"
"GSM1672352",-0.357616295056605,0.357616295056605,0.71523259011321,"PCD_C2"
"GSM1672353",-0.410203331371231,0.410203331371231,0.820406662742462,"PCD_C2"
"GSM1672354",0.232155871497347,-0.232155871497347,0.464311742994693,"PCD_C1"
"GSM1672355",-0.00126229252494184,0.00126229252494197,0.00252458504988381,"PCD_C2"
"GSM1672356",-0.176980584687803,0.176980584687804,0.353961169375607,"PCD_C2"
"GSM1672357",0.10277172510386,-0.102771725103859,0.205543450207719,"PCD_C1"
"GSM1672358",0.0854102728968862,-0.0854102728968862,0.170820545793772,"PCD_C1"
"GSM1672359",0.145543019779758,-0.145543019779758,0.291086039559516,"PCD_C1"
"GSM1672360",0.273024853206175,-0.273024853206175,0.54604970641235,"PCD_C1"
"GSM1672361",-0.03066839585617,0.0306683958561699,0.0613367917123399,"PCD_C2"
"GSM1672362",-0.638481150397739,0.638481150397739,1.27696230079548,"PCD_C2"
"GSM1672363",-0.401254380531495,0.401254380531496,0.802508761062991,"PCD_C2"
"GSM1672364",0.128417096616981,-0.128417096616981,0.256834193233962,"PCD_C1"
"GSM1672365",-0.17951926771334,0.179519267713341,0.359038535426681,"PCD_C2"
"GSM1672366",-0.305169506556404,0.305169506556404,0.610339013112809,"PCD_C2"
"GSM1672367",0.513594848693247,-0.513594848693247,1.02718969738649,"PCD_C1"
"GSM1672368",-0.528787345490955,0.528787345490955,1.05757469098191,"PCD_C2"
"GSM1672369",-0.264729677676573,0.264729677676573,0.529459355353147,"PCD_C2"
"GSM1672370",-0.568003344139689,0.56800334413969,1.13600668827938,"PCD_C2"
"GSM1672371",0.393408968737887,-0.393408968737887,0.786817937475774,"PCD_C1"
"GSM1672372",0.442169101647071,-0.442169101647071,0.884338203294142,"PCD_C1"
"GSM1672373",0.355557017048318,-0.355557017048318,0.711114034096636,"PCD_C1"
"GSM1672374",-0.0235540594889991,0.023554059488999,0.0471081189779982,"PCD_C2"
"GSM1672375",-0.131782211306475,0.131782211306475,0.263564422612949,"PCD_C2"
"GSM1672376",-0.136567878949722,0.136567878949722,0.273135757899444,"PCD_C2"
"GSM1672377",-0.601465596823855,0.601465596823855,1.20293119364771,"PCD_C2"
"GSM1672378",0.0415816467688518,-0.0415816467688519,0.0831632935377038,"PCD_C1"
"GSM1672379",0.00293881806869921,-0.00293881806869899,0.0058776361373982,"PCD_C1"
"GSM1672380",-0.410081349442896,0.410081349442896,0.820162698885792,"PCD_C2"
"GSM1672381",0.0267804556311922,-0.0267804556311919,0.0535609112623841,"PCD_C1"
"GSM1672382",0.240191764937741,-0.240191764937741,0.480383529875482,"PCD_C1"
"GSM1672383",0.424985946194591,-0.424985946194591,0.849971892389182,"PCD_C1"
"GSM1672384",0.214580619124215,-0.214580619124214,0.429161238248429,"PCD_C1"
"GSM1672385",-0.172636658355643,0.172636658355643,0.345273316711286,"PCD_C2"
"GSM1672386",0.303600652118078,-0.303600652118077,0.607201304236155,"PCD_C1"
"GSM1672387",0.299912673377677,-0.299912673377677,0.599825346755354,"PCD_C1"
"GSM1672388",0.207418403816696,-0.207418403816697,0.414836807633393,"PCD_C1"
"GSM1672389",0.155472061234151,-0.155472061234151,0.310944122468302,"PCD_C1"
"GSM1672390",0.128688563647962,-0.128688563647962,0.257377127295925,"PCD_C1"
"GSM1672391",0.227122599235504,-0.227122599235504,0.454245198471007,"PCD_C1"
"GSM1672392",0.168857616190123,-0.168857616190123,0.337715232380246,"PCD_C1"
"GSM1672393",-0.48985133792214,0.48985133792214,0.979702675844281,"PCD_C2"
"GSM1672394",0.459748022574372,-0.459748022574372,0.919496045148744,"PCD_C1"
"GSM1672395",-0.468905146468635,0.468905146468635,0.93781029293727,"PCD_C2"
"GSM1672396",0.352159903860707,-0.352159903860707,0.704319807721413,"PCD_C1"
"GSM1672397",-0.00592175463433707,0.00592175463433708,0.0118435092686742,"PCD_C2"
"GSM1672398",0.0864235675113556,-0.0864235675113556,0.172847135022711,"PCD_C1"
"GSM1672399",0.305930111571341,-0.305930111571341,0.611860223142681,"PCD_C1"
"GSM1672400",0.310040907644599,-0.310040907644599,0.620081815289198,"PCD_C1"
"GSM1672401",0.294830076208918,-0.294830076208918,0.589660152417836,"PCD_C1"
"GSM1672402",-0.186119537904805,0.186119537904805,0.372239075809609,"PCD_C2"
"GSM1672403",0.52928410605561,-0.52928410605561,1.05856821211122,"PCD_C1"
"GSM1672404",0.343752070809188,-0.343752070809188,0.687504141618376,"PCD_C1"
"GSM1672405",0.581434612432288,-0.581434612432288,1.16286922486458,"PCD_C1"
"GSM1672406",0.486317726529588,-0.486317726529588,0.972635453059175,"PCD_C1"
"GSM1672407",0.199712410734157,-0.199712410734157,0.399424821468314,"PCD_C1"
"GSM1672408",-0.345084462939678,0.345084462939678,0.690168925879356,"PCD_C2"
"GSM1672409",0.271711223946826,-0.271711223946826,0.543422447893652,"PCD_C1"
"GSM1672410",-0.0768220485825379,0.0768220485825379,0.153644097165076,"PCD_C2"
"GSM1672411",-0.163430621237925,0.163430621237925,0.32686124247585,"PCD_C2"
"GSM1672412",0.332350209109231,-0.332350209109231,0.664700418218462,"PCD_C1"
"GSM1672413",0.160894908249397,-0.160894908249397,0.321789816498794,"PCD_C1"
"GSM1672414",0.0701255596926057,-0.0701255596926058,0.140251119385212,"PCD_C1"
"GSM1672415",0.400114678051681,-0.400114678051681,0.800229356103362,"PCD_C1"
"GSM1672416",0.317948256566175,-0.317948256566175,0.635896513132349,"PCD_C1"
"GSM1672417",0.213556814759613,-0.213556814759613,0.427113629519226,"PCD_C1"
"GSM1672418",-0.565670070054874,0.565670070054874,1.13134014010975,"PCD_C2"
"GSM1672419",0.501740538358519,-0.501740538358519,1.00348107671704,"PCD_C1"
"GSM1672420",0.556025623103532,-0.556025623103532,1.11205124620706,"PCD_C1"
"GSM1672421",-0.475856158190109,0.475856158190109,0.951712316380217,"PCD_C2"
"GSM1672422",-0.305719215942589,0.305719215942589,0.611438431885177,"PCD_C2"
"GSM1672423",0.225691937534906,-0.225691937534906,0.451383875069812,"PCD_C1"
"GSM1672424",0.671785160949611,-0.671785160949611,1.34357032189922,"PCD_C1"
"GSM1672425",0.425290843879326,-0.425290843879326,0.850581687758652,"PCD_C1"
"GSM1672426",0.0377402511124567,-0.0377402511124567,0.0754805022249135,"PCD_C1"
"GSM1672427",0.411966763662579,-0.411966763662579,0.823933527325158,"PCD_C1"
"GSM1672428",0.493358816627425,-0.493358816627425,0.986717633254849,"PCD_C1"
"GSM1672429",0.322550678274799,-0.322550678274799,0.645101356549598,"PCD_C1"
"GSM1672430",0.346128651242752,-0.346128651242752,0.692257302485504,"PCD_C1"
"GSM1672431",-0.042964193359371,0.042964193359371,0.085928386718742,"PCD_C2"
"GSM1672432",-0.648483882227069,0.648483882227069,1.29696776445414,"PCD_C2"
"GSM1672433",-0.321554696547392,0.321554696547392,0.643109393094784,"PCD_C2"
"GSM1672434",-0.0856620655517864,0.0856620655517862,0.171324131103573,"PCD_C2"
"GSM1672435",-0.154875048415122,0.154875048415122,0.309750096830243,"PCD_C2"
"GSM1672436",-0.0614459680562024,0.0614459680562022,0.122891936112405,"PCD_C2"
"GSM1672437",-0.338830546762437,0.338830546762437,0.677661093524873,"PCD_C2"
"GSM1672438",0.132362508975058,-0.132362508975058,0.264725017950116,"PCD_C1"
"GSM1672439",-0.382563504897178,0.382563504897178,0.765127009794356,"PCD_C2"
"GSM1672440",-0.509322407020262,0.509322407020262,1.01864481404052,"PCD_C2"
"GSM1672441",-0.0864542646386096,0.0864542646386095,0.172908529277219,"PCD_C2"
"GSM1672442",0.494329904913117,-0.494329904913117,0.988659809826234,"PCD_C1"
"GSM1672443",-0.0123384541820464,0.0123384541820466,0.024676908364093,"PCD_C2"
"GSM1672444",-0.10685494782179,0.10685494782179,0.21370989564358,"PCD_C2"
"GSM1672445",-0.375252505556272,0.375252505556272,0.750505011112544,"PCD_C2"
"GSM1672446",-0.00885999265967141,0.00885999265967147,0.0177199853193429,"PCD_C2"
"GSM1672447",0.067304695341072,-0.0673046953410721,0.134609390682144,"PCD_C1"
"GSM1672448",0.376097534395422,-0.376097534395422,0.752195068790845,"PCD_C1"
"GSM1672449",0.323879906600427,-0.323879906600427,0.647759813200854,"PCD_C1"
"GSM1672450",0.3678491671546,-0.3678491671546,0.7356983343092,"PCD_C1"
"GSM1672451",0.152997213734152,-0.152997213734152,0.305994427468304,"PCD_C1"
"GSM1672452",-0.0343889282579949,0.0343889282579949,0.0687778565159897,"PCD_C2"
"GSM1672453",0.337260314397223,-0.337260314397223,0.674520628794447,"PCD_C1"
"GSM1672454",-0.716763530527553,0.716763530527553,1.43352706105511,"PCD_C2"
"GSM1672455",-0.389472582043481,0.389472582043481,0.778945164086962,"PCD_C2"
"GSM1672456",0.0707221656038169,-0.0707221656038171,0.141444331207634,"PCD_C1"
"GSM1672457",-0.53424864156859,0.53424864156859,1.06849728313718,"PCD_C2"
"GSM1672458",0.611334830134161,-0.611334830134162,1.22266966026832,"PCD_C1"
"GSM1672459",-0.379124000346123,0.379124000346123,0.758248000692247,"PCD_C2"
"GSM1672460",0.202256681902701,-0.202256681902701,0.404513363805402,"PCD_C1"
"GSM1672461",0.314890871560184,-0.314890871560185,0.629781743120369,"PCD_C1"
"GSM1672462",0.0734206745924183,-0.0734206745924181,0.146841349184836,"PCD_C1"
"GSM1672463",0.331577065420829,-0.331577065420829,0.663154130841658,"PCD_C1"
"GSM1672464",0.242096157618134,-0.242096157618134,0.484192315236268,"PCD_C1"
"GSM1672465",0.133014549436013,-0.133014549436013,0.266029098872027,"PCD_C1"
"GSM1672466",0.355978028385734,-0.355978028385734,0.711956056771469,"PCD_C1"
"GSM1672467",-0.319301752769571,0.319301752769571,0.638603505539142,"PCD_C2"
"GSM1672468",0.176923225907219,-0.176923225907219,0.353846451814439,"PCD_C1"
"GSM1672469",0.371961464575539,-0.371961464575539,0.743922929151079,"PCD_C1"
"GSM1672470",0.436700575764939,-0.436700575764939,0.873401151529878,"PCD_C1"
"GSM1672471",0.365424217237152,-0.365424217237152,0.730848434474305,"PCD_C1"
"GSM1672472",-0.1251197678251,0.1251197678251,0.250239535650199,"PCD_C2"
"GSM1672473",-0.147798462248406,0.147798462248406,0.295596924496812,"PCD_C2"
"GSM1672474",0.0150679457956267,-0.0150679457956268,0.0301358915912535,"PCD_C1"
"GSM1672475",-0.494163295461915,0.494163295461915,0.988326590923831,"PCD_C2"
"GSM1672476",0.721712980947502,-0.721712980947502,1.443425961895,"PCD_C1"
"GSM1672477",-0.518065919485764,0.518065919485764,1.03613183897153,"PCD_C2"
"GSM1672478",-0.392189823917869,0.392189823917869,0.784379647835739,"PCD_C2"
"GSM1672479",0.404230450913699,-0.404230450913699,0.808460901827398,"PCD_C1"
"GSM1672480",0.200024949605355,-0.200024949605355,0.40004989921071,"PCD_C1"
"GSM1672481",0.236315017961458,-0.236315017961458,0.472630035922916,"PCD_C1"
"GSM1672482",0.325066888389989,-0.32506688838999,0.650133776779979,"PCD_C1"
"GSM1672483",0.401998174224082,-0.401998174224082,0.803996348448164,"PCD_C1"
"GSM1672484",0.142822011143925,-0.142822011143925,0.28564402228785,"PCD_C1"
"GSM1672485",0.29380425707597,-0.29380425707597,0.58760851415194,"PCD_C1"
"GSM1672486",0.14511147350408,-0.14511147350408,0.29022294700816,"PCD_C1"
"GSM1672487",0.090343192568794,-0.0903431925687937,0.180686385137588,"PCD_C1"
"GSM1672488",0.144580130005469,-0.144580130005469,0.289160260010939,"PCD_C1"
"GSM1672489",-0.645960850627592,0.645960850627592,1.29192170125518,"PCD_C2"
"GSM1672490",0.0677490113288283,-0.0677490113288281,0.135498022657656,"PCD_C1"
"GSM1672491",0.13674573792924,-0.13674573792924,0.27349147585848,"PCD_C1"
"GSM1672492",-0.42964291266605,0.42964291266605,0.859285825332099,"PCD_C2"
"GSM1672493",0.214554565444332,-0.214554565444332,0.429109130888663,"PCD_C1"
"GSM1672494",-0.524969534709793,0.524969534709793,1.04993906941959,"PCD_C2"
"GSM1672495",0.330341406834176,-0.330341406834176,0.660682813668352,"PCD_C1"
"GSM1672496",0.0230480895162105,-0.0230480895162106,0.0460961790324211,"PCD_C1"
"GSM1672497",0.562327419108034,-0.562327419108034,1.12465483821607,"PCD_C1"
"GSM1672498",0.559304935788536,-0.559304935788536,1.11860987157707,"PCD_C1"
"GSM1672499",0.347585577668802,-0.347585577668802,0.695171155337604,"PCD_C1"
"GSM1672500",-0.470619987510983,0.470619987510983,0.941239975021967,"PCD_C2"
"GSM1672501",0.2054433139422,-0.2054433139422,0.4108866278844,"PCD_C1"
"GSM1672502",-0.237061977785687,0.237061977785687,0.474123955571373,"PCD_C2"
"GSM1672503",0.152709357851498,-0.152709357851498,0.305418715702996,"PCD_C1"
"GSM1672504",0.214173348895899,-0.214173348895899,0.428346697791797,"PCD_C1"
"GSM1672505",0.147271810854357,-0.147271810854357,0.294543621708714,"PCD_C1"
"GSM1672506",-0.16398308302452,0.16398308302452,0.327966166049041,"PCD_C2"
"GSM1672507",0.437269954540077,-0.437269954540078,0.874539909080155,"PCD_C1"
"GSM1672508",0.621553627514066,-0.621553627514066,1.24310725502813,"PCD_C1"
"GSM1672509",0.183160309886916,-0.183160309886916,0.366320619773831,"PCD_C1"
"GSM1672510",0.107102410647191,-0.107102410647191,0.214204821294383,"PCD_C1"
"GSM1672511",0.325777236349296,-0.325777236349296,0.651554472698592,"PCD_C1"
"GSM1672512",0.467844171880207,-0.467844171880207,0.935688343760414,"PCD_C1"
"GSM1672513",-0.0250634771738494,0.0250634771738494,0.0501269543476988,"PCD_C2"
"GSM1672514",0.397064103640057,-0.397064103640057,0.794128207280114,"PCD_C1"
"GSM1672515",0.0905552874600689,-0.0905552874600691,0.181110574920138,"PCD_C1"
"GSM1672516",-0.170144125288278,0.170144125288278,0.340288250576556,"PCD_C2"
"GSM1672517",0.0292594964403652,-0.0292594964403653,0.0585189928807306,"PCD_C1"
"GSM1672518",0.179945608166537,-0.179945608166537,0.359891216333074,"PCD_C1"
"GSM1672519",0.294102009265799,-0.294102009265799,0.588204018531597,"PCD_C1"
"GSM1672520",0.163668121724946,-0.163668121724945,0.327336243449891,"PCD_C1"
"GSM1672521",0.388674719699224,-0.388674719699224,0.777349439398447,"PCD_C1"
"GSM1672522",0.421769883435454,-0.421769883435455,0.843539766870909,"PCD_C1"
"GSM1672523",0.485154110779645,-0.485154110779645,0.97030822155929,"PCD_C1"
"GSM1672524",-0.590146123867349,0.590146123867349,1.1802922477347,"PCD_C2"
"GSM1672525",0.435527583199976,-0.435527583199977,0.871055166399953,"PCD_C1"
"GSM1672526",0.0301757956616465,-0.0301757956616465,0.060351591323293,"PCD_C1"
"GSM1672527",0.130269875306759,-0.130269875306759,0.260539750613518,"PCD_C1"
"GSM1672528",0.305449108339961,-0.305449108339961,0.610898216679922,"PCD_C1"
"GSM1672529",0.116763013807741,-0.116763013807741,0.233526027615483,"PCD_C1"
"GSM1672530",-0.498208355013517,0.498208355013517,0.996416710027034,"PCD_C2"
"GSM1672531",0.400413723465641,-0.400413723465642,0.800827446931283,"PCD_C1"
"GSM1672532",0.305292901449432,-0.305292901449432,0.610585802898863,"PCD_C1"
"GSM1672533",0.446756558560069,-0.44675655856007,0.893513117120139,"PCD_C1"
"GSM1672534",0.219343824988461,-0.219343824988461,0.438687649976922,"PCD_C1"
"GSM1672535",0.105453216510156,-0.105453216510156,0.210906433020312,"PCD_C1"
"GSM1672536",0.0128541218219476,-0.0128541218219477,0.0257082436438952,"PCD_C1"
"GSM1672537",-0.0713372655717727,0.0713372655717727,0.142674531143545,"PCD_C2"
"GSM1672538",-0.451522852581996,0.451522852581996,0.903045705163992,"PCD_C2"
"GSM1672539",-0.342812179677802,0.342812179677801,0.685624359355603,"PCD_C2"
"GSM1672540",0.134078520048368,-0.134078520048368,0.268157040096736,"PCD_C1"
"GSM1672541",-0.228096083626524,0.228096083626524,0.456192167253048,"PCD_C2"
"GSM1672542",0.0886568385623092,-0.0886568385623092,0.177313677124618,"PCD_C1"
"GSM1672543",0.199722925089934,-0.199722925089934,0.399445850179868,"PCD_C1"
"GSM1672544",-0.438126891702992,0.438126891702992,0.876253783405984,"PCD_C2"
"GSM1672545",0.0879847227896078,-0.0879847227896077,0.175969445579216,"PCD_C1"
"GSM1672546",-0.635035373042612,0.635035373042613,1.27007074608523,"PCD_C2"
"GSM1672547",-0.396863580378127,0.396863580378127,0.793727160756254,"PCD_C2"
"GSM1672548",0.357295839937867,-0.357295839937867,0.714591679875733,"PCD_C1"
"GSM1672549",0.166569030141731,-0.166569030141731,0.333138060283461,"PCD_C1"
"GSM1672550",-0.294617357454489,0.294617357454489,0.589234714908977,"PCD_C2"
"GSM1672551",0.0885503507677712,-0.0885503507677713,0.177100701535542,"PCD_C1"
"GSM1672552",0.718500993393779,-0.718500993393779,1.43700198678756,"PCD_C1"
"GSM1672553",0.171981345717445,-0.171981345717446,0.343962691434891,"PCD_C1"
"GSM1672554",0.29229099666784,-0.292290996667841,0.584581993335681,"PCD_C1"
"GSM1672555",-0.279078811488078,0.279078811488078,0.558157622976155,"PCD_C2"
"GSM1672556",-0.179455510295698,0.179455510295698,0.358911020591397,"PCD_C2"
"GSM1672557",-0.0501022469196234,0.0501022469196233,0.100204493839247,"PCD_C2"
"GSM1672558",0.113986893546361,-0.113986893546361,0.227973787092721,"PCD_C1"
"GSM1672559",0.0435806638086899,-0.04358066380869,0.0871613276173799,"PCD_C1"
"GSM1672560",-0.00535137544938868,0.00535137544938856,0.0107027508987772,"PCD_C2"
"GSM1672561",-0.405930990394049,0.405930990394049,0.811861980788098,"PCD_C2"
"GSM1672562",-0.159496137117945,0.159496137117945,0.31899227423589,"PCD_C2"
"GSM1672563",-0.436114276283939,0.436114276283939,0.872228552567877,"PCD_C2"
"GSM1672564",-0.370218262565082,0.370218262565082,0.740436525130164,"PCD_C2"
"GSM1672565",-0.327310966676702,0.327310966676702,0.654621933353404,"PCD_C2"
"GSM1672566",-0.514199170450785,0.514199170450785,1.02839834090157,"PCD_C2"
"GSM1672567",-0.66309925062562,0.66309925062562,1.32619850125124,"PCD_C2"
"GSM1672568",-0.344583861258688,0.344583861258688,0.689167722517376,"PCD_C2"
"GSM1672569",-0.248933061046386,0.248933061046386,0.497866122092771,"PCD_C2"
"GSM1672570",0.519344398358989,-0.519344398358989,1.03868879671798,"PCD_C1"
"GSM1672571",0.213720637405077,-0.213720637405077,0.427441274810155,"PCD_C1"
"GSM1672572",0.429966705964384,-0.429966705964384,0.859933411928769,"PCD_C1"
"GSM1672573",-0.281396550177499,0.281396550177499,0.562793100354998,"PCD_C2"
"GSM1672574",0.355799747339473,-0.355799747339473,0.711599494678946,"PCD_C1"
"GSM1672575",0.3643656414634,-0.3643656414634,0.7287312829268,"PCD_C1"
"GSM1672576",0.216072271744081,-0.216072271744081,0.432144543488163,"PCD_C1"
"GSM1672577",0.0808402229766443,-0.0808402229766444,0.161680445953289,"PCD_C1"
"GSM1672578",-0.0709979770905597,0.0709979770905593,0.141995954181119,"PCD_C2"
"GSM1672579",-0.100792153997504,0.100792153997504,0.201584307995007,"PCD_C2"
"GSM1672580",0.148557829889466,-0.148557829889466,0.297115659778932,"PCD_C1"
"GSM1672581",0.145796850805195,-0.145796850805194,0.291593701610389,"PCD_C1"
"GSM1672582",-0.230927000163655,0.230927000163655,0.46185400032731,"PCD_C2"
"GSM1672583",0.0331840734257631,-0.033184073425763,0.066368146851526,"PCD_C1"
"GSM1672584",-0.387132571128234,0.387132571128234,0.774265142256468,"PCD_C2"
"GSM1672585",-0.219843040920264,0.219843040920264,0.439686081840528,"PCD_C2"
"GSM1672586",-0.0471644574222487,0.0471644574222487,0.0943289148444974,"PCD_C2"
"GSM1672587",0.324625396494083,-0.324625396494083,0.649250792988165,"PCD_C1"
"GSM1672588",0.644579894625078,-0.644579894625078,1.28915978925016,"PCD_C1"
"GSM1672589",0.00908921530838216,-0.00908921530838193,0.0181784306167641,"PCD_C1"
"GSM1672590",-0.359391831857106,0.359391831857106,0.718783663714212,"PCD_C2"
"GSM1672591",0.321933681163411,-0.321933681163412,0.643867362326823,"PCD_C1"
"GSM1672592",0.468350891646952,-0.468350891646952,0.936701783293904,"PCD_C1"
"GSM1672593",0.0804861747662925,-0.0804861747662926,0.160972349532585,"PCD_C1"
"GSM1672594",0.162302260331914,-0.162302260331914,0.324604520663829,"PCD_C1"
"GSM1672595",0.386326167953656,-0.386326167953656,0.772652335907312,"PCD_C1"
"GSM1672596",0.0287718585397112,-0.0287718585397114,0.0575437170794226,"PCD_C1"
"GSM1672597",0.359672549738859,-0.359672549738859,0.719345099477717,"PCD_C1"
"GSM1672598",0.169128274583846,-0.169128274583846,0.338256549167692,"PCD_C1"
"GSM1672599",-0.0916322425495802,0.0916322425495804,0.183264485099161,"PCD_C2"
"GSM1672600",0.380183906429207,-0.380183906429207,0.760367812858414,"PCD_C1"
"GSM1672601",0.361972350322512,-0.361972350322512,0.723944700645024,"PCD_C1"
"GSM1672602",-0.181271364018961,0.181271364018962,0.362542728037923,"PCD_C2"
"GSM1672603",-0.263855617168118,0.263855617168118,0.527711234336236,"PCD_C2"
"GSM1672604",0.297700336099877,-0.297700336099877,0.595400672199754,"PCD_C1"
"GSM1672605",0.381917095218052,-0.381917095218052,0.763834190436104,"PCD_C1"
"GSM1672606",0.0131818164504799,-0.01318181645048,0.0263636329009599,"PCD_C1"
"GSM1672607",0.25466743871091,-0.25466743871091,0.50933487742182,"PCD_C1"
"GSM1672608",0.0290688384491158,-0.0290688384491156,0.0581376768982314,"PCD_C1"
"GSM1672609",-0.0921147318722795,0.0921147318722796,0.184229463744559,"PCD_C2"
"GSM1672610",-0.597349194083965,0.597349194083965,1.19469838816793,"PCD_C2"
"GSM1672611",0.377835471442028,-0.377835471442028,0.755670942884056,"PCD_C1"
"GSM1672612",0.252409082785361,-0.252409082785361,0.504818165570722,"PCD_C1"
"GSM1672613",-0.167707910757343,0.167707910757343,0.335415821514686,"PCD_C2"
"GSM1672614",-0.110611318544552,0.110611318544553,0.221222637089105,"PCD_C2"
"GSM1672615",0.306194725517353,-0.306194725517353,0.612389451034705,"PCD_C1"
"GSM1672616",0.144989393620808,-0.144989393620808,0.289978787241617,"PCD_C1"
"GSM1672617",0.191116722450624,-0.191116722450624,0.382233444901248,"PCD_C1"
"GSM1672618",0.530209127952683,-0.530209127952683,1.06041825590537,"PCD_C1"
"GSM1672619",0.254619828292694,-0.254619828292694,0.509239656585388,"PCD_C1"
"GSM1672620",-0.051428519722436,0.0514285197224361,0.102857039444872,"PCD_C2"
"GSM1672621",-0.249130721809421,0.249130721809421,0.498261443618842,"PCD_C2"
"GSM1672622",-0.595006209142879,0.595006209142879,1.19001241828576,"PCD_C2"
"GSM1672623",-0.137466861592494,0.137466861592494,0.274933723184987,"PCD_C2"
"GSM1672624",0.198800202539408,-0.198800202539409,0.397600405078817,"PCD_C1"
"GSM1672625",0.155928797609011,-0.155928797609011,0.311857595218022,"PCD_C1"
"GSM1672626",-0.0374502842956521,0.0374502842956524,0.0749005685913045,"PCD_C2"
"GSM1672627",-0.459203217186888,0.459203217186888,0.918406434373776,"PCD_C2"
"GSM1672628",0.201760960349735,-0.201760960349735,0.403521920699471,"PCD_C1"
"GSM1672629",-0.195736822528064,0.195736822528064,0.391473645056129,"PCD_C2"
"GSM1672630",0.0406612406901317,-0.0406612406901316,0.0813224813802634,"PCD_C1"
"GSM1672631",0.014054357708367,-0.014054357708367,0.028108715416734,"PCD_C1"
"GSM1672632",-0.170864578118371,0.170864578118371,0.341729156236742,"PCD_C2"
"GSM1672633",-0.0491845577643184,0.0491845577643183,0.0983691155286366,"PCD_C2"
"GSM1672634",-0.766076447525381,0.766076447525381,1.53215289505076,"PCD_C2"
"GSM1672635",-0.210090538976139,0.210090538976139,0.420181077952278,"PCD_C2"
"GSM1672636",-0.242771152786524,0.242771152786524,0.485542305573048,"PCD_C2"
"GSM1672637",0.320531607604107,-0.320531607604107,0.641063215208215,"PCD_C1"
"GSM1672638",-0.0407006128788103,0.0407006128788103,0.0814012257576206,"PCD_C2"
"GSM1672639",0.00433923577939369,-0.00433923577939379,0.00867847155878749,"PCD_C1"
"GSM1672640",-0.23585945651814,0.23585945651814,0.47171891303628,"PCD_C2"
"GSM1672641",0.442617042899725,-0.442617042899725,0.88523408579945,"PCD_C1"
"GSM1672642",-0.35426728420313,0.35426728420313,0.70853456840626,"PCD_C2"
"GSM1672643",0.0153722146664592,-0.0153722146664591,0.0307444293329183,"PCD_C1"
"GSM1672644",-0.455534688229941,0.455534688229941,0.911069376459882,"PCD_C2"
"GSM1672645",0.0589647925619007,-0.0589647925619004,0.117929585123801,"PCD_C1"
"GSM1672646",-0.0109970244320048,0.0109970244320048,0.0219940488640096,"PCD_C2"
"GSM1672647",0.247916899096617,-0.247916899096617,0.495833798193234,"PCD_C1"
"GSM1672648",-0.561482811216258,0.561482811216258,1.12296562243252,"PCD_C2"
"GSM1672649",-0.365942482498606,0.365942482498606,0.731884964997211,"PCD_C2"
"GSM1672650",0.0697785200482902,-0.06977852004829,0.13955704009658,"PCD_C1"
"GSM1672651",-0.609932761200027,0.609932761200027,1.21986552240005,"PCD_C2"
"GSM1672652",-0.384776171533833,0.384776171533833,0.769552343067665,"PCD_C2"
"GSM1672653",0.0524506815341566,-0.0524506815341564,0.104901363068313,"PCD_C1"
"GSM1672654",-0.323942795621495,0.323942795621495,0.64788559124299,"PCD_C2"
"GSM1672655",0.412346263888713,-0.412346263888713,0.824692527777426,"PCD_C1"
"GSM1672656",0.380416764069018,-0.380416764069018,0.760833528138036,"PCD_C1"
"GSM1672657",0.174447852971968,-0.174447852971968,0.348895705943936,"PCD_C1"
"GSM1672658",0.000214156494267654,-0.00021415649426765,0.000428312988535304,"PCD_C1"
"GSM1672659",0.460539280018594,-0.460539280018595,0.921078560037189,"PCD_C1"
"GSM1672660",-0.345259635232074,0.345259635232074,0.690519270464147,"PCD_C2"
"GSM1672661",0.281740215842592,-0.281740215842592,0.563480431685183,"PCD_C1"
"GSM1672662",0.0126501557281543,-0.012650155728154,0.0253003114563083,"PCD_C1"
"GSM1672663",-0.250408373185719,0.25040837318572,0.500816746371439,"PCD_C2"
"GSM1672664",-0.240420859290507,0.240420859290507,0.480841718581014,"PCD_C2"
"GSM1672665",0.0995230055201873,-0.0995230055201872,0.199046011040374,"PCD_C1"
"GSM1672666",-0.0343361675043585,0.0343361675043587,0.0686723350087172,"PCD_C2"
"GSM1672667",-0.567128014755388,0.567128014755388,1.13425602951078,"PCD_C2"
"GSM1672668",-0.467553606910447,0.467553606910447,0.935107213820894,"PCD_C2"
"GSM1672669",0.326405838497144,-0.326405838497144,0.652811676994287,"PCD_C1"
"GSM1672670",-0.620805494266664,0.620805494266665,1.24161098853333,"PCD_C2"
"GSM1672671",-0.21532143901492,0.21532143901492,0.43064287802984,"PCD_C2"
"GSM1672672",-0.113172943630044,0.113172943630044,0.226345887260088,"PCD_C2"
"GSM1672673",-0.253288049205468,0.253288049205469,0.506576098410937,"PCD_C2"
"GSM1672674",-0.370532153475401,0.370532153475401,0.741064306950801,"PCD_C2"
"GSM1672675",-0.635989463848456,0.635989463848456,1.27197892769691,"PCD_C2"
"GSM1672676",-0.638454962213526,0.638454962213526,1.27690992442705,"PCD_C2"
"GSM1672677",0.0019337593758302,-0.00193375937583,0.0038675187516602,"PCD_C1"
"GSM1672678",-0.339224854948052,0.339224854948052,0.678449709896104,"PCD_C2"
"GSM1672679",-0.369227538670581,0.369227538670581,0.738455077341162,"PCD_C2"
"GSM1672680",-0.0318202904846924,0.0318202904846924,0.0636405809693847,"PCD_C2"
"GSM1672681",0.0507366041727655,-0.0507366041727653,0.101473208345531,"PCD_C1"
"GSM1672682",-0.167003808732271,0.167003808732271,0.334007617464542,"PCD_C2"
"GSM1672683",-0.195189067736818,0.195189067736818,0.390378135473637,"PCD_C2"
"GSM1672684",-0.139492314339579,0.139492314339579,0.278984628679158,"PCD_C2"
"GSM1672685",-0.441639209511013,0.441639209511014,0.883278419022027,"PCD_C2"
"GSM1672686",0.292102404272851,-0.292102404272851,0.584204808545703,"PCD_C1"
"GSM1672687",0.08047383570444,-0.08047383570444,0.16094767140888,"PCD_C1"
"GSM1672688",-0.0721803227209655,0.0721803227209656,0.144360645441931,"PCD_C2"
"GSM1672689",0.271474898284444,-0.271474898284444,0.542949796568887,"PCD_C1"
"GSM1672690",0.0278390654717046,-0.0278390654717047,0.0556781309434094,"PCD_C1"
"GSM1672691",0.0623408947892684,-0.0623408947892682,0.124681789578537,"PCD_C1"
"GSM1672692",0.0648100143070445,-0.0648100143070443,0.129620028614089,"PCD_C1"
"GSM1672693",-0.249717887659718,0.249717887659718,0.499435775319435,"PCD_C2"
"GSM1672694",-0.175380923625004,0.175380923625003,0.350761847250007,"PCD_C2"
"GSM1672695",0.0296932453411402,-0.0296932453411401,0.0593864906822803,"PCD_C1"
"GSM1672696",-0.398835001165767,0.398835001165767,0.797670002331534,"PCD_C2"
"GSM1672697",-0.137454336306044,0.137454336306044,0.274908672612087,"PCD_C2"
"GSM1672698",0.188110289557482,-0.188110289557482,0.376220579114964,"PCD_C1"
"GSM1672699",0.507658320628872,-0.507658320628872,1.01531664125774,"PCD_C1"
"GSM1672700",0.423489206843803,-0.423489206843803,0.846978413687606,"PCD_C1"
"GSM1672701",0.453002876337847,-0.453002876337847,0.906005752675694,"PCD_C1"
"GSM1672702",0.495863846915046,-0.495863846915047,0.991727693830093,"PCD_C1"
"GSM1672703",-0.0959131255588522,0.0959131255588522,0.191826251117704,"PCD_C2"
"GSM1672704",0.00350543762563436,-0.00350543762563433,0.00701087525126868,"PCD_C1"
"GSM1672705",0.16853801443019,-0.16853801443019,0.33707602886038,"PCD_C1"
"GSM1672706",-0.063796903718231,0.0637969037182311,0.127593807436462,"PCD_C2"
"GSM1672707",-0.463295026848118,0.463295026848118,0.926590053696236,"PCD_C2"
"GSM1672708",-0.0283478547169938,0.0283478547169939,0.0566957094339877,"PCD_C2"
"GSM1672709",-0.409474059978729,0.409474059978729,0.818948119957458,"PCD_C2"
"GSM1672710",0.119845187119253,-0.119845187119253,0.239690374238506,"PCD_C1"
"GSM1672711",0.130844603645602,-0.130844603645602,0.261689207291204,"PCD_C1"
"GSM1672712",-0.669544466027311,0.669544466027311,1.33908893205462,"PCD_C2"
"GSM1672713",-0.323604699279854,0.323604699279854,0.647209398559708,"PCD_C2"
"GSM1672714",-0.140336552766927,0.140336552766927,0.280673105533853,"PCD_C2"
"GSM1672715",-0.227736470264697,0.227736470264697,0.455472940529394,"PCD_C2"
"GSM1672716",-0.110571880259964,0.110571880259965,0.221143760519929,"PCD_C2"
"GSM1672717",-0.343341470906371,0.343341470906371,0.686682941812741,"PCD_C2"
"GSM1672718",0.038604862030631,-0.0386048620306308,0.0772097240612618,"PCD_C1"
"GSM1672719",0.241280730372839,-0.241280730372839,0.482561460745678,"PCD_C1"
"GSM1672720",-0.168143506970608,0.168143506970608,0.336287013941217,"PCD_C2"
"GSM1672721",0.156664370706421,-0.156664370706421,0.313328741412843,"PCD_C1"
"GSM1672722",0.14733769993217,-0.14733769993217,0.294675399864341,"PCD_C1"
"GSM1672723",-0.585574437012857,0.585574437012857,1.17114887402571,"PCD_C2"
