"metric","value"
"External cohort","GSE73403"
"External samples","69"
"PCD genes used for projection","46"
"PCD projection gene coverage percent","97.872"
"Full PCD genes available","288"
"Full PCD catalogue coverage percent","97.297"
"Projected PCD_C1","32"
"Projected PCD_C2","37"
"Mean correlation margin","0.65913"
"Median correlation margin","0.67688"
"Mean silhouette width","0.10354"
"Mechanisms directionally concordant","4"
"Mechanisms tested","5"
"Directional concordance percent","80"
"Strict FDR-replicated mechanisms","1"
"Replicated mechanism","Ferroptosis"
"Log-rank p value","0.54895"
"Unadjusted subtype HR C2 vs C1","0.79902"
"Unadjusted subtype p value","0.55506"
"Stage-adjusted subtype HR C2 vs C1","0.83518"
"Stage-adjusted subtype p value","0.64779"
"Stage-subtype association p value","0.35606"
