"sample_id","projected_PCD_cluster","silhouette_width"
"GSM1892818","PCD_C2",0.156116924959429
"GSM1892819","PCD_C1",0.191730527080327
"GSM1892820","PCD_C2",0.135587767723999
"GSM1892821","PCD_C2",0.24470731357772
"GSM1892822","PCD_C1",0.0926109638131919
"GSM1892823","PCD_C1",-0.0433341579470102
"GSM1892824","PCD_C2",0.25419083004445
"GSM1892825","PCD_C1",0.0214197426233989
"GSM1892826","PCD_C2",0.118395620255445
"GSM1892827","PCD_C1",-0.0419705045126908
"GSM1892828","PCD_C2",0.166390927873352
"GSM1892829","PCD_C1",0.0294261326140832
"GSM1892830","PCD_C2",0.173051615545941
"GSM1892831","PCD_C1",-0.0675932192206378
"GSM1892832","PCD_C2",0.175124462392838
"GSM1892833","PCD_C2",0.0873347731709908
"GSM1892834","PCD_C2",0.170992056103981
"GSM1892835","PCD_C2",0.184601107293537
"GSM1892836","PCD_C2",0.14959693614236
"GSM1892837","PCD_C2",0.0813782393959504
"GSM1892838","PCD_C1",-0.0777499511173988
"GSM1892839","PCD_C1",0.0386001021334513
"GSM1892840","PCD_C2",0.164313377501445
"GSM1892841","PCD_C2",0.228397335457057
"GSM1892842","PCD_C2",0.0546195117559434
"GSM1892843","PCD_C2",0.0246281492075157
"GSM1892844","PCD_C1",0.037440347056491
"GSM1892845","PCD_C2",0.153268378203887
"GSM1892846","PCD_C2",0.238689810748672
"GSM1892847","PCD_C2",0.0674118701212127
"GSM1892848","PCD_C2",0.196439532773231
"GSM1892849","PCD_C2",0.226578238548739
"GSM1892850","PCD_C1",0.0782393094982756
"GSM1892851","PCD_C1",0.129704999991849
"GSM1892852","PCD_C1",0.00924896369276007
"GSM1892853","PCD_C1",0.0665854576911285
"GSM1892854","PCD_C1",0.138557041484144
"GSM1892855","PCD_C1",-0.0786221626155514
"GSM1892856","PCD_C2",0.0299962706377562
"GSM1892857","PCD_C2",0.240670590999777
"GSM1892858","PCD_C2",0.044707736665273
"GSM1892859","PCD_C1",0.0769263069745355
"GSM1892860","PCD_C1",-0.0536357852750437
"GSM1892861","PCD_C2",0.0924982953803458
"GSM1892862","PCD_C1",0.00837466110833054
"GSM1892863","PCD_C2",0.108725593296879
"GSM1892864","PCD_C1",0.157132417732314
"GSM1892865","PCD_C1",0.14933569398952
"GSM1892866","PCD_C2",0.0748511060567387
"GSM1892867","PCD_C1",0.156023809206803
"GSM1892868","PCD_C1",0.00706375845999533
"GSM1892869","PCD_C2",0.122616673176359
"GSM1892870","PCD_C2",0.187589303871446
"GSM1892871","PCD_C2",0.177999278015658
"GSM1892872","PCD_C2",0.0621657050439153
"GSM1892873","PCD_C1",0.0736347525114288
"GSM1892874","PCD_C1",0.170112755917843
"GSM1892875","PCD_C2",0.228252076839084
"GSM1892876","PCD_C1",0.118286056891947
"GSM1892877","PCD_C2",0.18616372195086
"GSM1892878","PCD_C1",0.000263716459785712
"GSM1892879","PCD_C2",0.149984287616815
"GSM1892880","PCD_C1",-0.0605739852320726
"GSM1892881","PCD_C1",0.132057670067481
"GSM1892882","PCD_C2",0.0896690013172942
"GSM1892883","PCD_C1",0.176091172220128
"GSM1892884","PCD_C1",0.190427155711428
"GSM1892885","PCD_C1",-0.0160403579690782
"GSM1892886","PCD_C2",0.0867720840307943
