"gene","LUAD_beta","LUAD_SE","LUAD_HR","LUAD_pvalue","LUAD_padj","LUSC_beta","LUSC_SE","LUSC_HR","LUSC_pvalue","LUSC_padj","direction_concordance","w_LUAD","w_LUSC","meta_beta","meta_SE","meta_HR","meta_lower_95CI","meta_upper_95CI","meta_z","meta_pvalue","Q","heterogeneity_p","I2","meta_padj","meta_direction"
"DSG2",0.291219673741225,0.0683090197596152,1.33805848798139,2.01458446212832e-05,0.000946854697200311,0.0211251094373944,0.0704832775195127,1.02134982414647,0.764392240758913,0.898160882891723,"Risk in both",214.310719118089,201.292604084719,0.160402533544021,0.0490524263327663,1.17398334356831,1.06636938201547,1.29245729877476,3.27002241348608,0.0010753896318429,7.5722403139266,0.00592740632154249,86.7938686763436,0.0505433126966162,"Risk"
"EGLN3",0.14293977842997,0.0445303756320916,1.153660324338,0.00132763257551676,0.0103997885082146,0.025263130742409,0.0437353511237478,1.02558494795168,0.563509626898683,0.882831748807937,"Risk in both",504.298042975874,522.799020095174,0.0830416068636025,0.0312028494951352,1.08658701708555,1.02212523340547,1.15511417496774,2.66134690283813,0.0077828725605013,3.55460327090059,0.0593805012919689,71.8674652615553,0.18289750517178,"Risk"
"CLSPN",0.25297558740314,0.0727480019310403,1.28785183664316,0.000506258118904597,0.00594853289712901,-0.035284556731422,0.089621547122399,0.965330685826523,0.693797980067501,0.898160882891723,"Opposite direction",188.954770395983,124.501655533095,0.138481634814394,0.0564821749012328,1.14852858843579,1.02816593770553,1.28298154031252,2.45177589312999,0.0142153165219266,6.23627141931173,0.0125159704055668,83.9647774645709,0.222706625510183,"Risk"
"ACSL4",0.193294293158599,0.0791894406652607,1.21323978915554,0.0146503076352113,0.0624183464970065,0.0649166985947682,0.0858411872493203,1.06707013224033,0.449504202997727,0.846887577895545,"Risk in both",159.465026400885,135.708974511812,0.134271507768691,0.0582050878461124,1.1437033018251,1.02039472281585,1.28191298265044,2.30686891365389,0.02106212899915,1.20829891037618,0.271669280198341,17.2390216185277,0.231430443966028,"Risk"
"TXNRD1",0.144813140108495,0.047155936130588,1.15582357302059,0.00213384668160784,0.012536349254446,0.010754577192583,0.0426675678351401,1.01081261553054,0.800998490685384,0.918217782005197,"Risk in both",449.704525887177,549.293202611981,0.0711018039753588,0.0316386358280006,1.07369052626853,1.00913151797904,1.14237968556121,2.24730940872086,0.0246202599963859,4.44381633910995,0.0350278640639925,77.4968197673019,0.231430443966028,"Risk"
"CP",0.03941163508489,0.0380160334088409,1.0401985777647,0.299870624384072,0.476483791498977,0.0706253017571734,0.0364761477878423,1.07317903222482,0.0528425915366132,0.595181893852519,"Risk in both",691.936752185494,751.591857966104,0.0556634347119805,0.0263200858843559,1.05724179296118,1.00408438483556,1.1132134167855,2.11486523853122,0.0344414346481814,0.351004469177178,0.5535450744848,0,0.238510901341119,"Risk"
"UACA",0.201517201872161,0.0904640878511557,1.22325727919716,0.0259076435196661,0.0869953695513856,0.0667718525193806,0.104425131213379,1.0690515489322,0.522547654446188,0.846887577895545,"Risk in both",122.1933532304,91.704350798017,0.143747835709133,0.0683749369003047,1.15459292470728,1.00978047867638,1.3201728988973,2.10234688653134,0.0355229001997412,0.951171809124925,0.32942120265717,0,0.238510901341119,"Risk"
"DAPK2",-0.300962667759721,0.0907158435206636,0.740105402023673,0.000907808465328178,0.00853339957408487,0.0464085001342086,0.0897281994088171,1.04750222837013,0.60500818650012,0.888605773922051,"Opposite direction",121.516069494237,124.205862351728,-0.125375836172221,0.0637937363921291,0.882165290646515,0.778480326157973,0.999659944988168,-1.96533144573251,0.0493758883094362,7.41172717433621,0.00648000842661547,86.5078681867488,0.287753603001572,"Protective"
"SLC7A11",0.115237998884399,0.0431456498033547,1.12214047397444,0.00756467024809276,0.0395043890733733,0.0112123663117877,0.034304759175121,1.01127546048209,0.743784519951593,0.898160882891723,"Risk in both",537.187590706903,849.750150721818,0.0515034891677264,0.0268516833324966,1.05285285986594,0.998874823322545,1.10974780687805,1.91807301352298,0.0551017537662585,3.56156591516361,0.0591319315393982,71.9224626521039,0.287753603001572,"Risk"
"LMNB1",0.250835126546937,0.0718992178348492,1.28509818828783,0.000485367348180979,0.00594853289712901,-0.106460675045985,0.0839251907426697,0.899010401008781,0.204612771971772,0.739753867897944,"Opposite direction",193.442398436801,141.976127417031,0.0995987745195811,0.0546017392969157,1.10472758428745,0.992606830428109,1.22951303383558,1.8240952724597,0.068137670131645,10.4528754223271,0.00122458679730286,90.4332543955894,0.320247049618731,"Risk"
"CAMK2A",0.164128024668661,0.234769620457637,1.17836516524609,0.484487986710851,0.632525982650277,0.211811965933876,0.131103636539517,1.23591546901709,0.106179288023954,0.691445362679687,"Risk in both",18.1432967663227,58.1795721917665,0.200476649151723,0.114464985207771,1.22198507751875,0.976408024681655,1.52932738356524,1.75142336136966,0.0798730118410294,0.0314467906490483,0.859247279170315,0,0.341275596048035,"Risk"
"GCLC",0.135028621022409,0.0437092891553832,1.14456954263305,0.0020066715145708,0.012536349254446,-0.0397553035334159,0.0438390130365093,0.961024569699849,0.364487396983808,0.846887577895545,"Opposite direction",523.422651082449,520.329517769507,0.0478956426277132,0.0309528971422198,1.04906117234458,0.987309180544239,1.11467548869983,1.54737187952541,0.121773598047404,7.97143591219758,0.00475212276300251,87.4552086849267,0.476946592352334,"Risk"
"CASP5",0.072539989351364,0.120751458078847,1.07523580321277,0.548014505305349,0.676769880689816,0.162692363927396,0.120380198774324,1.17667464643558,0.176539241535239,0.691445362679687,"Risk in both",68.5828033083869,69.0064820735698,0.117754979768681,0.0852526117178009,1.12496843756909,0.951857310647398,1.32956271005146,1.38124776937589,0.167202791591752,0.279559880604416,0.596989831720765,0,0.604502400370181,"Risk"
"VIM",0.079513893138421,0.082489333612392,1.08276060236787,0.335081327150419,0.485345814821201,0.0567786213317846,0.0644713677327795,1.05842147252176,0.378491236267123,0.846887577895545,"Risk in both",146.96178207523,240.58371822865,0.0654001020561076,0.0507970685881882,1.06758608233173,0.966414785477275,1.17934872304911,1.28747787763712,0.197927775482808,0.0471572254411384,0.828085881399461,0,0.614184670608746,"Risk"
"PMAIP1",0.13482235399117,0.0559344305958124,1.14433348001825,0.0159365991056187,0.0624183464970065,-0.0697775693731353,0.0688651992411037,0.932601235914776,0.310941413551527,0.846887577895545,"Opposite direction",319.625600689139,210.863001119945,0.0534962826629972,0.0434172159335519,1.05495307014422,0.968892647069455,1.14865768005661,1.23214447340131,0.217895120880835,5.31834880217062,0.0211019982202322,81.1971715809263,0.614184670608746,"Risk"
"DSP",0.119050229836099,0.0488878690978278,1.1264264970857,0.0148848303979656,0.0624183464970065,-0.0564555985790417,0.0573655216692587,0.945108447721565,0.325047589597986,0.846887577895545,"Opposite direction",418.40588493016,303.87719252352,0.0452118414325888,0.0372088527805426,1.04624947542193,0.972663095576423,1.12540299904353,1.21508291855295,0.224334467752377,5.42215011591714,0.0198828604148054,81.5571317904972,0.614184670608746,"Risk"
"BMX",-0.0415435741429194,0.0957903629839878,0.959307533427172,0.66451166154448,0.726326699827688,0.139864726003953,0.0753473740948842,1.15011820724789,0.0634157335581894,0.595181893852519,"Opposite direction",108.982398598729,176.142338191492,0.070525559229833,0.0592219292754601,1.07307199597398,0.955472379905695,1.20514578208659,1.19086899215654,0.233705019082397,2.21564169600763,0.13661824599096,54.866348570624,0.614184670608746,"Risk"
"ADGRG1",0.0679872983059992,0.0713675791577981,1.0703517131125,0.340774721044673,0.485345814821201,0.0516440685275575,0.0710844446042736,1.053000879651,0.46752179413124,0.846887577895545,"Risk in both",196.335154799783,197.902304258907,0.0597832000959788,0.0503640975542727,1.06160636543651,0.961817619402687,1.17174821130352,1.18702017903837,0.235219661084201,0.0263249046311767,0.871109370174793,0,0.614184670608746,"Risk"
"IL1B",-0.0267394265915678,0.0605288300948116,0.973614906628432,0.658660368509097,0.726326699827688,0.0893466362111811,0.0495442080795383,1.0934596233416,0.0713298163870022,0.595181893852519,"Opposite direction",272.945186756598,407.393614922836,0.0427740579408857,0.0383386997377127,1.04370205201747,0.968148500808976,1.12515174322458,1.11568880096395,0.264555365941499,2.20254393955363,0.137783185943727,54.5979545723541,0.623798229051307,"Risk"
"E2F1",0.110738073246406,0.0634165099285383,1.11710226956046,0.080775756691183,0.208319815417263,-0.0276423905929369,0.0764891446222103,0.97273616421264,0.717808131392253,0.898160882891723,"Opposite direction",248.653928647145,170.922954614908,0.054366050182329,0.0488196007846569,1.05587103320841,0.959521681278499,1.16189520312153,1.11361111743084,0.26544605491545,1.93969625928679,0.163701517588414,48.4455365002512,0.623798229051307,"Risk"
"NQO1",0.0478313281471928,0.0426022054908763,1.04899370468984,0.261546658417847,0.439024748058528,0.0153525951609624,0.0325837024635337,1.01547105167868,0.637516446005844,0.898160882891723,"Risk in both",550.979999486376,941.887725484928,0.0273396801415928,0.0258814936023396,1.02771683848109,0.976883333255425,1.08119553701241,1.05634089599533,0.290812498202845,0.36670075177884,0.544808156414324,0,0.63154227851577,"Risk"
"H1-4",0.0764134085549615,0.0593376287076424,1.07940871872956,0.19782492071293,0.387407136396155,0.0153008082975948,0.0438157989386215,1.01541846497973,0.726933489946406,0.898160882891723,"Risk in both",284.013920288085,520.88101656406,0.0368649011790508,0.0352476690610861,1.03755283920393,0.968293020696895,1.11176665650793,1.04588195931941,0.295615534624403,0.686436686772247,0.407379046552375,0,0.63154227851577,"Risk"
"NOX4",0.151086892759698,0.0887399764398253,1.1630977184616,0.0886467299647928,0.208319815417263,-0.0149690076010165,0.0737359365206524,0.985142471058457,0.83912853975338,0.939024794485925,"Opposite direction",126.987619449387,183.925353240191,0.0528539696775339,0.0567127332460869,1.05427567766049,0.943364076622523,1.17822718932221,0.931959485151082,0.351357463816734,2.07144192043016,0.150079570009037,51.7244490353687,0.717868890609088,"Risk"
"H1-1",-1.7444980866846,0.914426846398316,0.17473266761394,0.0564234977012401,0.165744024497393,-0.078208060377533,0.117608260846119,0.924771998114808,0.506058286853346,0.846887577895545,"Protective in both",1.19591982186713,72.2976771991388,-0.105322657461012,0.116647449706936,0.900034073022101,0.716088397900965,1.13123091363475,-0.90291436054216,0.36657134839613,3.26646564234786,0.070709810235928,69.3858711680426,0.717868890609088,"Protective"
"DSG3",0.182249661201184,0.0520758531981738,1.19991372838999,0.000465788827960846,0.00594853289712901,-0.0227650417033864,0.0263067947881401,0.977492126679005,0.386837186919172,0.846887577895545,"Opposite direction",368.745909933175,1444.98761909092,0.0189160167114635,0.0234808199953157,1.01909605798508,0.973257690663776,1.06709331491891,0.805594383638953,0.420476765053479,12.3477512743677,0.000441517979011434,91.9013593829359,0.745476115072979,"Risk"
"AKR1C2",0.0222860266665782,0.0216874783532789,1.02253621527205,0.304138590318496,0.476483791498977,0.00165783683022551,0.0233557678711347,1.00165921180142,0.943412159127397,0.963921119108428,"Risk in both",2126.09116459777,1833.20781318079,0.0127349018356377,0.01589244990329,1.01281633601628,0.98175420734695,1.04486125226142,0.80131772716813,0.422947730804757,0.418887618232592,0.51749262361437,0,0.745476115072979,"Risk"
"DAPK1",-0.0347519975820935,0.0709801234630689,0.965844918432874,0.624415688826615,0.726179457864348,0.0787564129333382,0.0571372646905171,1.08194074319748,0.168088425228753,0.691445362679687,"Opposite direction",198.484454999924,306.309952899574,0.0341250647121656,0.0445084768626314,1.03471400484557,0.948274226650455,1.12903318653435,0.766709335335994,0.443254351990155,1.55177645083864,0.212873380135124,35.5577280825752,0.745476115072979,"Risk"
"SLC39A8",-0.0812021237133398,0.0678678203375946,0.922007313067654,0.23151140183994,0.41637988103974,0.141176623756837,0.0644316956535558,1.15162803489274,0.0284441801149262,0.595181893852519,"Opposite direction",217.106185525799,240.880075312022,0.0357590474371151,0.0467276322286,1.03640609169862,0.945702622646992,1.13580903889589,0.765265555553411,0.444113430256243,5.64686213866222,0.0174866357453953,82.2910498708065,0.745476115072979,"Risk"
"TF",-0.0190699369587307,0.0561866754773905,0.981110743941747,0.734306014903239,0.784372334101187,-0.073943573636078,0.0986286281239816,0.928724096886691,0.453425078401615,0.846887577895545,"Protective in both",316.762183542899,102.80021319103,-0.032514949173626,0.0488204435918539,0.968007978803795,0.879674770662423,1.06521123292213,-0.66601093274481,0.50540411243646,0.233699763338054,0.628793976749187,0,0.797277950662654,"Protective"
"CDKN2A",0.0468656590401889,0.0394583005389749,1.04798121282052,0.234941281273085,0.41637988103974,-0.00363540704418172,0.0307208005183655,0.996371193047578,0.905800650018601,0.957435632019399,"Opposite direction",642.278297211658,1059.58290625253,0.0154235730101371,0.0242402966852959,1.01554313018778,0.968421930078062,1.06495714031225,0.63627822754715,0.524595093321772,1.01984728766118,0.312555235679186,1.94610388254244,0.797277950662654,"Risk"
"SEPTIN4",-0.247615376688637,0.13325647299435,0.780660145632184,0.0631425370712628,0.174570543667609,0.0856100837714731,0.113775601273199,1.08938147796517,0.451782428968091,0.846887577895545,"Opposite direction",56.3149070293564,77.2505751203139,-0.054887000681809,0.0865272461465389,0.94659210617287,0.798931233098806,1.1215441058592,-0.634331995136592,0.525864180224304,3.61665606278016,0.0572037426020658,72.3501493467618,0.797277950662654,"Protective"
"CYBB",-0.0671753573149767,0.0509313642774241,0.935031222395165,0.187189541644048,0.38251775901175,0.0327437297721378,0.0507940765759392,1.03328570494513,0.519162596619425,0.846887577895545,"Opposite direction",385.504436851499,387.59115818816,-0.0170809641536605,0.0359652762626841,0.983064088460818,0.916152076573075,1.05486308085033,-0.474929318738001,0.634837353240443,1.92959852382271,0.164802375095562,48.1757480815797,0.932417362571901,"Protective"
"PKP1",0.0320181649714672,0.0319281045892089,1.03253626112649,0.315947367664798,0.479016976782113,-0.0370086183896714,0.02659060286727,0.963667830048391,0.163985050972877,0.691445362679687,"Opposite direction",980.965480541893,1414.30680920432,-0.00873922622077735,0.0204325492714832,0.991298849817589,0.95238394417284,1.03180383884269,-0.42771100681863,0.668861535346875,2.75980081618748,0.0966602713852588,63.7655009689631,0.94817419765072,"Protective"
"TLR4",-0.126422566057298,0.0846952503013743,0.881242384973957,0.135522022892473,0.28952432163392,0.130060763486043,0.0732943621449449,1.13889758460963,0.0759806673003216,0.595181893852519,"Opposite direction",139.406135535647,186.148208386055,0.0202316352052284,0.0554227731800207,1.02043768194502,0.91539739160344,1.13753116655639,0.365041914079494,0.715080119007696,5.24367226592102,0.0220267311928365,80.9293954830269,0.94817419765072,"Risk"
"AKR1C1",0.00725891583504208,0.0256994565091697,1.00728532562807,0.777595367653842,0.81215516177179,-0.0171230486987921,0.0230924595257366,0.983022717526365,0.458390595282213,0.846887577895545,"Opposite direction",1514.09150229063,1875.25191566579,-0.00623110865097941,0.0171767981633415,0.993788264447019,0.960887797269941,1.02781523228686,-0.362763105889999,0.716781854356194,0.498004830368435,0.48037809663618,0,0.94817419765072,"Protective"
"H1-3",0.050940829997367,0.0679649208310303,1.05226062917694,0.453545953779894,0.626960583166324,-0.00503268767493472,0.048113924543512,0.994979955079778,0.91669369023134,0.957435632019399,"Opposite direction",216.486275774067,431.974822126829,0.0136538587070696,0.0392697409493082,1.01374749833124,0.93864790930794,1.09485567504279,0.347694137445287,0.72806989993596,0.451824814311573,0.501469650641037,0,0.94817419765072,"Risk"
"H1-0",0.1845886463114,0.0913785133451127,1.20272359356961,0.0433787911681888,0.135920212326992,-0.0858089127125662,0.0714101268143617,0.917769588566506,0.229504947822278,0.770480896260505,"Opposite direction",119.760010024958,196.101263264093,0.0167133561374052,0.0562667471944888,1.01685380564396,0.910674752143778,1.13541268122184,0.297037894862389,0.766437578125126,5.43627436059818,0.0197226946258691,81.6050490893553,0.94817419765072,"Risk"
"KAT2B",-0.161956558380875,0.0941967471919035,0.850478149885606,0.0855518563762556,0.208319815417263,0.166511655831471,0.108166679457945,1.18117730339372,0.123706968463444,0.691445362679687,"Opposite direction",112.701108600341,85.4698623356125,-0.0202903349286678,0.0710362425422577,0.979914128703478,0.852551747905329,1.12630312704411,-0.285633561158554,0.77515879578108,5.24430394267106,0.0220187354915029,80.9316925385779,0.94817419765072,"Protective"
"H1-2",0.0370222240580571,0.0521542126864366,1.03771608284436,0.477790545453799,0.632525982650277,-0.0150202320909623,0.0496628155367966,0.985092008930313,0.762313440458514,0.898160882891723,"Opposite direction",367.638692212726,405.450019091372,0.00972831259531194,0.0359654363833122,1.00977578645024,0.941045354169563,1.08352603238873,0.270490603579214,0.786782844859108,0.522209509255352,0.46990068710247,0,0.94817419765072,"Risk"
"AKR1C3",0.018742349700038,0.0322863582436263,1.01891908998553,0.561575007380911,0.676769880689816,-0.0167624406758693,0.0244384820424344,0.98337726732793,0.492773955009215,0.846887577895545,"Opposite direction",959.316418469976,1674.37043236106,-0.00382987493397208,0.0194857861621044,0.99617744968326,0.958848670508332,1.03495946939296,-0.196547108857242,0.844181964114586,0.768817382442468,0.380583153332764,0,0.991913807834638,"Protective"
"MAP1LC3C",-0.0884719060604026,0.0566824066963241,0.915328825567518,0.1185625962033,0.265354381978814,0.215971661595463,0.084078063611852,1.24106720863772,0.0102079597894664,0.47977411010492,"Opposite direction",311.245754610636,141.46030758557,0.00665975732868083,0.0469993492658164,1.00668198282393,0.918090814088364,1.10382175596495,0.141698926319489,0.887317823057125,9.01436895259048,0.00267865355217037,88.9066000597565,0.992449438982977,"Risk"
"DSG1",-0.0210004434913213,0.257897501964739,0.979218530294443,0.93510045459816,0.955428725350294,-0.00527848009340437,0.0499501034832816,0.994735426603144,0.915840170183988,0.957435632019399,"Protective in both",15.0350795047791,400.79954089751,-0.00584692956360535,0.0490387823666235,0.994170130463269,0.903063015853035,1.09446874797739,-0.119230724773967,0.905092565415788,0.00358200231597328,0.952275236978156,0,0.992449438982977,"Protective"
"CBS",0.0666815046301018,0.139840268095942,1.06895496674428,0.633475697285921,0.726179457864348,-0.0579317981682952,0.110570871982203,0.943714308286441,0.600324704090843,0.888605773922051,"Opposite direction",51.1370303847024,81.7934507666609,-0.00999430334885067,0.0867336676773718,0.990055473733756,0.835276649701799,1.17351519573798,-0.115229801949885,0.908262977462891,0.488605410964923,0.484550059020188,0,0.992449438982977,"Protective"
"PRKCQ",-0.0509737660913331,0.078111358086803,0.95030360038328,0.514028271251514,0.65295483104922,0.0279234611827116,0.0651620483416548,1.02831697524423,0.668270115662094,0.898160882891723,"Opposite direction",163.897233321476,235.510646463461,-0.00445205748235433,0.0500370486508726,0.995557838234678,0.902555880863116,1.09814298514423,-0.0889752214088009,0.929101602452149,0.601573947744969,0.437978123086905,0,0.992449438982977,"Protective"
"GCLM",0.150457008024934,0.0675450694912384,1.16236533164756,0.0259135143344553,0.0869953695513856,-0.0614949602462269,0.0440280943378515,0.940357684898677,0.162497511976657,0.691445362679687,"Opposite direction",219.185941054997,515.869941466349,0.00170688974729971,0.0368841535418931,1.00170834731279,0.931847549480611,1.07680662318144,0.0462770480922387,0.963089432675265,6.9104681238773,0.00856925528149389,85.5292003077944,0.997965979820188,"Risk"
"PSAT1",0.0640239529834843,0.0543960494004588,1.06611793516096,0.239196952937723,0.41637988103974,-0.0574877866356449,0.0510532738343819,0.944133421361481,0.260150593562995,0.815138526497383,"Opposite direction",337.959984068613,383.665551305017,-0.000580008885557534,0.0372258011937956,0.999420159287081,0.929096584736389,1.07506654442478,-0.0155808301489077,0.987568799152815,2.65303311937703,0.103352525339241,62.3072930112981,0.997965979820188,"Protective"
"H1-5",-0.00115792626016262,0.0839900919194978,0.998842743877768,0.989000342797094,0.989000342797094,0.00023839041978555,0.0480941902245932,1.00023841883704,0.996045109489818,0.996045109489818,"Opposite direction",141.756795411587,432.329396258374,-0.000106396444628344,0.0417360601368948,0.999893609215273,0.921355729790575,1.08512618679519,-0.0025492690081278,0.997965979820188,0.000208137054501231,0.988489353984443,0,0.997965979820188,"Protective"
