"gene","beta","SE","HR","lower_95CI","upper_95CI","pvalue","padj","direction"
"DSG2",0.291219673741225,0.0683090197596152,1.33805848798139,1.17038933123157,1.52974781082039,2.01458446212832e-05,0.000946854697200311,"Risk"
"DSG3",0.182249661201184,0.0520758531981738,1.19991372838999,1.08348518050224,1.32885339041864,0.000465788827960846,0.00594853289712901,"Risk"
"LMNB1",0.250835126546937,0.0718992178348492,1.28509818828783,1.11618346886761,1.47957517702366,0.000485367348180979,0.00594853289712901,"Risk"
"CLSPN",0.25297558740314,0.0727480019310403,1.28785183664316,1.11671587534499,1.48521426959456,0.000506258118904597,0.00594853289712901,"Risk"
"DAPK2",-0.300962667759721,0.0907158435206636,0.740105402023673,0.619549638822431,0.88411964398161,0.000907808465328178,0.00853339957408487,"Protective"
"EGLN3",0.14293977842997,0.0445303756320916,1.153660324338,1.05724011328129,1.25887405068365,0.00132763257551676,0.0103997885082146,"Risk"
"GCLC",0.135028621022409,0.0437092891553832,1.14456954263305,1.05059848603426,1.24694586498815,0.0020066715145708,0.012536349254446,"Risk"
"TXNRD1",0.144813140108495,0.047155936130588,1.15582357302059,1.05378579997441,1.26774163400429,0.00213384668160784,0.012536349254446,"Risk"
"SLC7A11",0.115237998884399,0.0431456498033547,1.12214047397444,1.03114937606404,1.22116084493793,0.00756467024809276,0.0395043890733733,"Risk"
