"biological_population","match_tier","n_methods_mapped","methods","subtype_n_FDR05","subtype_n_FDR05_higher_C1","subtype_n_FDR05_higher_C2","subtype_significant_conflict","subtype_replicated_FDR05","subtype_replication_direction","subtype_all_methods_direction_concordant","MPCDS_n_FDR05","MPCDS_n_FDR05_negative","MPCDS_n_FDR05_positive","MPCDS_significant_conflict","MPCDS_replicated_FDR05","MPCDS_replication_direction","MPCDS_all_methods_direction_concordant"
"B cells","strict",4,"xCell; quanTIseq; TIMER; EPIC",2,2,0,FALSE,TRUE,"Higher in PCD_C1",TRUE,3,3,0,FALSE,TRUE,"Negative with MPCDS",TRUE
"Naive B cells","strict",2,"xCell; CIBERSORT",1,0,1,FALSE,FALSE,NA,FALSE,0,0,0,FALSE,FALSE,NA,TRUE
"Memory B cells","strict",2,"xCell; CIBERSORT",1,1,0,FALSE,FALSE,NA,TRUE,1,1,0,FALSE,FALSE,NA,FALSE
"Plasma cells","strict",2,"xCell; CIBERSORT",2,0,2,FALSE,TRUE,"Higher in PCD_C2",TRUE,1,1,0,FALSE,FALSE,NA,FALSE
"CD4 T cells","strict",4,"xCell; quanTIseq; TIMER; EPIC",2,2,0,FALSE,TRUE,"Higher in PCD_C1",FALSE,2,2,0,FALSE,TRUE,"Negative with MPCDS",TRUE
"CD8 T cells","strict",5,"xCell; quanTIseq; TIMER; EPIC; CIBERSORT",3,2,1,TRUE,FALSE,NA,FALSE,0,0,0,FALSE,FALSE,NA,TRUE
"Regulatory T cells","strict",3,"xCell; quanTIseq; CIBERSORT",1,1,0,FALSE,FALSE,NA,TRUE,2,2,0,FALSE,TRUE,"Negative with MPCDS",TRUE
"Gamma-delta T cells","strict",2,"xCell; CIBERSORT",1,0,1,FALSE,FALSE,NA,TRUE,0,0,0,FALSE,FALSE,NA,FALSE
"NK cells","strict",3,"xCell; quanTIseq; EPIC",0,0,0,FALSE,FALSE,NA,FALSE,0,0,0,FALSE,FALSE,NA,FALSE
"Monocytes","strict",3,"xCell; quanTIseq; CIBERSORT",2,1,1,TRUE,FALSE,NA,FALSE,1,1,0,FALSE,FALSE,NA,FALSE
"Macrophages","strict",3,"xCell; TIMER; EPIC",3,3,0,FALSE,TRUE,"Higher in PCD_C1",TRUE,1,1,0,FALSE,FALSE,NA,TRUE
"M1 macrophages","strict",3,"xCell; quanTIseq; CIBERSORT",1,1,0,FALSE,FALSE,NA,FALSE,1,0,1,FALSE,FALSE,NA,FALSE
"M2 macrophages","strict",3,"xCell; quanTIseq; CIBERSORT",2,2,0,FALSE,TRUE,"Higher in PCD_C1",FALSE,2,2,0,FALSE,TRUE,"Negative with MPCDS",TRUE
"Dendritic cells","strict",3,"xCell; quanTIseq; TIMER",2,1,1,TRUE,FALSE,NA,FALSE,2,1,1,TRUE,FALSE,NA,FALSE
"Neutrophils","strict",4,"xCell; quanTIseq; TIMER; CIBERSORT",2,2,0,FALSE,TRUE,"Higher in PCD_C1",TRUE,0,0,0,FALSE,FALSE,NA,TRUE
"Eosinophils","strict",2,"xCell; CIBERSORT",0,0,0,FALSE,FALSE,NA,TRUE,0,0,0,FALSE,FALSE,NA,FALSE
"Endothelial cells","strict",2,"xCell; EPIC",1,1,0,FALSE,FALSE,NA,FALSE,1,1,0,FALSE,FALSE,NA,TRUE
