"patient_id","n_nonsyn_mutations","log2_nonsyn_mutations","MPCDS","MPCDS_z"
"TCGA-38-4631",597,9.2240016741981,1.57909090987591,1.19959967846401
"TCGA-44-6147",205,7.68650052718322,1.02607027156561,-0.546077369867632
"TCGA-05-4384",103,6.70043971814109,1.00571793646234,-0.610321996213367
"TCGA-73-4676",76,6.2667865406949,1.50390522431265,0.962266898168717
"TCGA-55-7724",168,7.40087943628218,1.28368267317557,0.267107574242491
"TCGA-J2-8194",123,6.95419631038687,1.14117326496975,-0.182740742153675
"TCGA-55-8203",353,8.467605550083,1.26330246458748,0.202774961844619
"TCGA-49-4501",33,5.08746284125034,0.902040610007447,-0.937592113613827
"TCGA-49-4505",169,7.4093909361377,0.927751240550621,-0.856433374629895
"TCGA-78-7540",22,4.52356195605701,1.35927154852529,0.505713072240488
"TCGA-67-3773",86,6.44294349584873,0.891552203953609,-0.970700045675295
"TCGA-05-4427",844,9.72280753116955,1.26264645339374,0.200704182555334
"TCGA-J2-A4AD",255,8,1.75365476507533,1.75063176366971
"TCGA-55-6981",45,5.52356195605701,1.28797762455852,0.280665111761909
"TCGA-MP-A4SW",45,5.52356195605701,1.02965876916011,-0.534749839835739
"TCGA-78-8640",596,9.22158712126481,1.62963336080651,1.3591430850637
"TCGA-83-5908",190,7.57742882803575,1.54036878288696,1.07736856507604
"TCGA-38-4626",170,7.4178525148859,0.789585362301921,-1.29257080931638
"TCGA-97-7546",227,7.83289001416474,0.967802032385461,-0.730008168714965
"TCGA-55-8299",147,7.20945336562895,1.34128004080702,0.448920685278902
"TCGA-MP-A4T4",317,8.31288295528435,1.21213379943168,0.0412548337185427
"TCGA-NJ-A4YI",375,8.55458885167764,0.838540880219196,-1.13803675019249
"TCGA-L4-A4E5",275,8.10852445677817,1.23116949596679,0.101343329948778
"TCGA-55-8096",118,6.89481776330794,1.20869907857432,0.0304127187001121
"TCGA-49-AAR0",102,6.68650052718322,1.03288903942954,-0.524553098017061
"TCGA-50-5930",898,9.81217730551445,1.25183163684041,0.166565895968511
"TCGA-67-3774",92,6.53915881110803,0.967209677243144,-0.731878009919377
"TCGA-97-8171",43,5.4594316186373,0.989104794874242,-0.662763402486439
"TCGA-44-7672",121,6.93073733756289,1.17834844416886,-0.0653927580101086
"TCGA-64-5781",904,9.82177398197057,1.50265026669847,0.958305471502262
"TCGA-NJ-A4YP",434,8.76487159073609,1.46046115508616,0.825130398586089
"TCGA-O1-A52J",145,7.18982455888002,0.63382852153488,-1.78423626122145
"TCGA-78-8660",198,7.63662462054365,1.32149605709971,0.386470129386543
"TCGA-44-2656",832,9.70217268536555,1.11208874335095,-0.27454957953591
"TCGA-86-8074",60,5.93073733756289,1.54769290489263,1.10048804886879
"TCGA-78-7535",129,7.02236781302845,0.916435979861041,-0.892151374128145
"TCGA-75-7027",184,7.53138146051631,1.82838980837663,1.98654203673973
"TCGA-50-8460",26,4.75488750216347,0.944881879384814,-0.802358425225694
"TCGA-53-7813",132,7.05528243550119,1.26990362450797,0.223612327699123
"TCGA-78-7145",150,7.23840473932508,1.40967556719695,0.66481950054239
"TCGA-91-8499",268,8.07146236255662,1.77096416003998,1.80527097858692
"TCGA-49-4507",161,7.33985000288462,1.41485377092101,0.681165131729521
"TCGA-86-7953",42,5.4262647547021,1.23837009591584,0.124072901314634
"TCGA-55-6983",92,6.53915881110803,1.12039529299599,-0.248328943158801
"TCGA-49-AARO",482,8.91587937883577,1.25285100040701,0.169783641308995
"TCGA-53-7624",658,9.36413465500805,1.65755465050659,1.44728003911694
"TCGA-69-8255",240,7.91288933622996,1.19508217271218,-0.0125707043154422
"TCGA-NJ-A4YF",504,8.98013957763916,0.988541152890123,-0.664542607107374
"TCGA-97-A4M3",178,7.48381577726426,1.13611952060928,-0.19869350219019
"TCGA-49-AAR3",96,6.59991284218713,1.37842506612509,0.566173485021739
"TCGA-62-8399",429,8.74819284958946,1.19366094796016,-0.0170569734675321
"TCGA-MP-A4T6",57,5.85798099512757,0.850419023700832,-1.10054194255559
"TCGA-97-A4M5",124,6.96578428466209,1.08176549198508,-0.370268618344159
"TCGA-35-4123",222,7.8008998999203,1.31704652012205,0.37242462359615
"TCGA-62-8394",98,6.62935662007961,1.32632654417363,0.401718150586942
"TCGA-44-3918",915,9.83920378809694,1.00626062785397,-0.608608924691145
"TCGA-73-7499",54,5.78135971352466,1.15102476497699,-0.151643281655971
"TCGA-MP-A4TH",96,6.59991284218713,0.733814323550879,-1.46861889064437
"TCGA-49-6767",371,8.53915881110803,1.42329500211366,0.707810906826956
"TCGA-50-5942",45,5.52356195605701,0.958399112620761,-0.75968963100305
"TCGA-MP-A4T8",97,6.61470984411521,1.53561535010702,1.06236377514615
"TCGA-55-8302",555,9.11894107272351,1.70806019505616,1.60670694622672
"TCGA-50-6594",451,8.82017896241519,1.5803137842197,1.20345983037707
"TCGA-MP-A4SY",126,6.98868468677217,1.52765783134589,1.03724489729486
"TCGA-86-A456",282,8.14465824283188,0.872720987144218,-1.03014307672881
"TCGA-MP-A4TF",338,8.40514146313634,1.54826106826866,1.10228152581437
"TCGA-44-A47B",39,5.32192809488736,1.04330828923275,-0.491663466089611
"TCGA-91-6849",93,6.55458885167764,0.913804370825073,-0.900458368797111
"TCGA-62-8397",23,4.58496250072116,0.713131636235398,-1.53390631401209
"TCGA-78-7150",330,8.37068740680722,2.15122495216283,3.00561051603615
"TCGA-MP-A4TA",280,8.13442632022093,1.71789879010821,1.63776367066048
"TCGA-05-4389",177,7.4757334309664,1.18022191849059,-0.0594789079699544
"TCGA-64-5815",140,7.13955135239879,1.44032659859349,0.761573216968102
"TCGA-49-4512",32,5.04439411935845,0.917919179448618,-0.887469473853973
"TCGA-55-8206",21,4.4594316186373,0.691115385385468,-1.60340329321429
"TCGA-86-A4P7",52,5.7279204545632,0.712428505492321,-1.53612583190191
"TCGA-44-7662",469,8.876516946565,1.28274314816168,0.264141849024535
"TCGA-L9-A50W",28,4.85798099512757,0.969485397192823,-0.724694422527915
"TCGA-55-7727",198,7.63662462054365,1.37067558713889,0.54171131007638
"TCGA-78-7152",160,7.33091687811462,1.21557884366902,0.0521295357440837
"TCGA-93-8067",414,8.69696752623429,1.76585273991029,1.7891361579552
"TCGA-05-4418",225,7.82017896241519,1.6080688554988,1.29107209572538
"TCGA-55-7914",146,7.19967234483636,1.14835203395406,-0.160080082888819
"TCGA-55-1595",252,7.98299357469431,1.38450377487246,0.585361670070681
"TCGA-73-4658",260,8.02790599656988,1.30546886395746,0.335878340799629
"TCGA-38-4630",94,6.56985560833095,1.60637619751667,1.2857290144995
"TCGA-55-8619",15,4,0.805067363509729,-1.24369998551984
"TCGA-95-7948",118,6.89481776330794,0.972504474803881,-0.715164336076061
"TCGA-91-6836",368,8.5274770060604,1.56117959321719,1.14306042435575
"TCGA-38-4629",225,7.82017896241519,1.2969197115164,0.308891899127868
"TCGA-44-6146",37,5.24792751344359,1.1082555127177,-0.286649639233279
"TCGA-64-1677",162,7.34872815423108,1.51880795818424,1.00930919401595
"TCGA-44-7670",904,9.82177398197057,1.71873261530477,1.64039574152208
"TCGA-86-6851",736,9.52552080909507,0.777987370516571,-1.32918128397838
"TCGA-55-8207",257,8.01122725542325,1.08453024749311,-0.361541330607907
"TCGA-50-5051",88,6.4757334309664,1.30973986172724,0.349360265819557
"TCGA-62-A471",82,6.37503943134692,2.09858157172723,2.83943526938747
"TCGA-50-6590",703,9.4594316186373,1.54415062423121,1.08930640821919
"TCGA-78-7162",67,6.08746284125034,1.04615551513543,-0.482675850500967
"TCGA-55-7911",187,7.55458885167764,1.08616339129952,-0.356386113131437
"TCGA-44-5643",105,6.7279204545632,1.71938700233137,1.64246139392982
"TCGA-86-8279",423,8.7279204545632,0.862757376146101,-1.06159442923359
"TCGA-75-6214",575,9.16992500144231,2.09669713703632,2.83348682160612
"TCGA-S2-AA1A",98,6.62935662007961,0.837761711796864,-1.14049629028453
"TCGA-86-8585",484,8.92184093707449,1.24685342434179,0.150851561459922
"TCGA-50-5066",217,7.76818432477693,1.14069979173121,-0.184235318139208
"TCGA-MP-A4TD",58,5.88264304936184,1.02542669377959,-0.548108901590012
"TCGA-55-A492",217,7.76818432477693,0.773281595916616,-1.34403563505444
"TCGA-44-6775",81,6.35755200461808,1.29765686148799,0.31121880285883
"TCGA-55-8506",1458,10.5107641679179,0.947925430710623,-0.792751084510314
"TCGA-05-5428",303,8.24792751344359,1.1590896215956,-0.126185578774923
"TCGA-35-4122",254,7.99435343685886,0.98057697551589,-0.689682503682515
"TCGA-55-6642",99,6.64385618977472,1.26181085883158,0.198066526475551
"TCGA-69-8253",120,6.91886323727459,1.25322191891012,0.170954490772522
"TCGA-05-4249",273,8.09803208296053,0.994677965787602,-0.645171009226747
"TCGA-44-7669",386,8.59618975614441,1.59329930280702,1.24445020250466
"TCGA-62-8395",61,5.95419631038687,0.883818210041618,-0.995113340096552
"TCGA-55-8085",211,7.7279204545632,1.16098170446306,-0.120212988592098
"TCGA-05-5429",27,4.8073549220576,1.50519924150035,0.966351621139647
"TCGA-44-4112",427,8.74146698640115,1.28104926449565,0.258794898778027
"TCGA-44-8117",634,9.31061278165953,1.17247317277845,-0.0839387682463483
"TCGA-05-4397",703,9.4594316186373,1.24470009589926,0.144054317778138
"TCGA-69-A59K",380,8.57364718749332,1.40144407410123,0.638835789311289
"TCGA-75-7025",22,4.52356195605701,0.899307245538048,-0.94622031171062
"TCGA-MN-A4N1",368,8.5274770060604,1.40411684083668,0.647272703275082
"TCGA-49-4490",31,5,1.16796808719355,-0.0981596199859245
"TCGA-55-6970",147,7.20945336562895,1.38334291970737,0.581697289254194
"TCGA-MP-A4T9",24,4.64385618977472,1.12828252332612,-0.223431939306858
"TCGA-78-7161",145,7.18982455888002,1.18205052301998,-0.053706694898139
"TCGA-64-1679",421,8.72109918870719,1.47852305544632,0.882144988501452
"TCGA-69-7760",54,5.78135971352466,1.12928018349813,-0.220282703376655
"TCGA-55-5899",359,8.49185309632967,1.42137870064388,0.701761867674118
"TCGA-99-8033",142,7.15987133677839,1.74663599253672,1.72847615268645
"TCGA-99-8028",308,8.27146302790437,0.94426273982582,-0.804312814705901
"TCGA-55-6975",60,5.93073733756289,1.87523738366849,2.13442211804529
"TCGA-97-8552",21,4.4594316186373,0.696833484047345,-1.58535341785225
"TCGA-50-6591",42,5.4262647547021,1.72156168687989,1.6493260507631
"TCGA-93-A4JN",58,5.88264304936184,1.36576172569491,0.526200107515025
"TCGA-95-A4VP",94,6.56985560833095,0.879897861080059,-1.00748839941541
"TCGA-50-5049",625,9.29001884693262,0.886066765766929,-0.988015499890147
"TCGA-97-7554",350,8.45532722030456,1.17498904601614,-0.0759971077308309
"TCGA-50-5045",236,7.88874324889826,1.07091013830384,-0.404534865316005
"TCGA-50-6673",46,5.55458885167764,1.39965681712701,0.633194094836934
"TCGA-L9-A743",90,6.5077946401987,1.06073845294252,-0.436643029908849
"TCGA-55-8511",446,8.80413102118332,1.41892221728375,0.694007678545668
"TCGA-44-6776",161,7.33985000288462,0.98135424826803,-0.687228947504486
"TCGA-95-7947",442,8.79116288855502,0.99775463535723,-0.635459126738219
"TCGA-97-8172",220,7.78790255939143,0.62484510667508,-1.81259350514694
"TCGA-91-7771",151,7.24792751344359,1.03793307203002,-0.508630994334634
"TCGA-78-7633",84,6.4093909361377,1.08569821306108,-0.35785450493811
"TCGA-55-7573",42,5.4262647547021,0.874235136995707,-1.0253634781743
"TCGA-97-8177",24,4.64385618977472,0.926011534340916,-0.86192496932047
"TCGA-50-6592",241,7.91886323727459,1.87885999187623,2.14585732238537
"TCGA-91-A4BD",16,4.08746284125034,0.593418651259023,-1.91179494200081
"TCGA-55-A48Y",290,8.18487534290828,1.51028357732905,0.98240094687419
"TCGA-97-8176",122,6.94251450533924,1.4855701369087,0.904389960052932
"TCGA-55-7284",30,4.95419631038687,1.11168391564806,-0.275827467521481
"TCGA-50-5931",253,7.98868468677217,2.05730709944784,2.70914736700415
"TCGA-55-8089",985,9.94544383637791,1.76649165808002,1.79115298103086
"TCGA-44-5644",798,9.64205169292798,1.23492308596506,0.113191994275007
"TCGA-55-8512",31,5,1.14398976134123,-0.173850128075643
"TCGA-75-5125",131,7.04439411935845,1.33491733959085,0.428836043388494
"TCGA-64-1680",50,5.6724253419715,1.21366644866731,0.0460928278338251
"TCGA-75-5146",145,7.18982455888002,0.80468871363039,-1.24489524001474
"TCGA-75-6212",16,4.08746284125034,1.00014702902286,-0.627907244541873
"TCGA-55-6987",143,7.16992500144231,0.982806436930539,-0.682644936994978
"TCGA-55-6980",9,3.32192809488736,0.994042624194461,-0.647176542402479
"TCGA-93-A4JP",101,6.6724253419715,0.887443194104444,-0.983670636080336
"TCGA-97-A4M6",23,4.58496250072116,0.970819642874931,-0.720482713411219
"TCGA-86-8055",33,5.08746284125034,1.5308470526663,1.04731206310281
"TCGA-05-5423",125,6.97727992349992,0.708709483507498,-1.54786537808048
"TCGA-55-A57B",36,5.20945336562895,0.939842970407635,-0.818264355566684
"TCGA-L9-A443",215,7.75488750216347,1.39104147260529,0.605998709794888
"TCGA-44-7671",189,7.56985560833095,1.25372679919929,0.172548206941317
"TCGA-05-4422",34,5.12928301694497,0.824011958594855,-1.18389906212015
"TCGA-55-6978",24,4.64385618977472,1.62161384561967,1.33382850793837
"TCGA-78-7159",241,7.91886323727459,1.31416355830057,0.363324203224223
"TCGA-L9-A444",449,8.81378119121704,0.773139442694976,-1.34448435902452
"TCGA-NJ-A4YQ",890,9.79928162152192,1.09338951150539,-0.333575983964439
"TCGA-86-7714",65,6.04439411935845,1.19638047939781,-0.00847244102147884
"TCGA-L9-A7SV",1275,10.3174126137649,0.792042473575391,-1.28481463810295
"TCGA-55-8620",411,8.68650052718322,1.37927298824519,0.568850054540653
"TCGA-91-6830",168,7.40087943628218,1.33344105016483,0.42417595588152
"TCGA-78-7163",14,3.90689059560852,1.01266839512838,-0.588382026295149
"TCGA-78-8648",7,3,0.970903594491512,-0.720217709901255
"TCGA-80-5608",139,7.12928301694497,1.19906084591117,-1.15374324534179e-05
"TCGA-97-7547",128,7.01122725542325,1.11448158202835,-0.266996292605672
"TCGA-53-A4EZ",409,8.67948009950545,1.35486964111283,0.491817914977833
"TCGA-86-8669",111,6.8073549220576,0.997607316263687,-0.635924157412597
"TCGA-44-A47A",182,7.51569983828404,1.05369019772518,-0.458891706560911
"TCGA-38-4632",428,8.74483383749955,1.00871870193088,-0.600849714271309
"TCGA-99-8025",395,8.62935662007961,1.06254305746769,-0.430946575775548
"TCGA-NJ-A55R",218,7.77478705960117,1.34217732183921,0.45175306221982
"TCGA-95-8039",75,6.24792751344359,1.00984472447049,-0.597295286882655
"TCGA-86-8075",37,5.24792751344359,1.60942397467209,1.29534969456112
"TCGA-L9-A8F4",634,9.31061278165953,0.951804543930966,-0.780506190834515
"TCGA-64-5778",393,8.62205181945638,1.10356749525199,-0.301447937750795
"TCGA-55-8205",436,8.7714894695006,1.32144918919282,0.386322185126097
"TCGA-91-6847",51,5.70043971814109,1.74232248710175,1.71486004704039
"TCGA-05-5425",451,8.82017896241519,1.01858066343457,-0.569719230784971
"TCGA-55-A491",305,8.25738784269265,0.971156501385061,-0.719419378466856
"TCGA-95-7944",185,7.53915881110803,1.24319931536775,0.139316921111634
"TCGA-55-1592",461,8.85174904141606,0.943048865995295,-0.808144555401857
"TCGA-55-1594",137,7.10852445677817,1.20923691571106,0.0321104671751234
"TCGA-44-2661",28,4.85798099512757,0.653540852751593,-1.72201188514886
"TCGA-55-7726",90,6.5077946401987,1.94261154493876,2.34709686982214
"TCGA-55-1596",178,7.48381577726426,1.1307633213212,-0.215600998069665
"TCGA-78-7166",178,7.48381577726426,1.64412062307811,1.40487389416689
"TCGA-50-6597",38,5.28540221886225,0.901622800313118,-0.938910980837642
"TCGA-64-5775",403,8.6582114827518,1.48966769766622,0.917324410004759
"TCGA-05-4402",99,6.64385618977472,1.16286531626661,-0.114267138354981
"TCGA-91-6848",461,8.85174904141606,1.80526886898385,1.91355797350989
"TCGA-55-8615",86,6.44294349584873,1.10444208023953,-0.298687203641067
"TCGA-44-2655",161,7.33985000288462,1.17629256783898,-0.0718823822206141
"TCGA-38-4625",473,8.88874324889826,1.24857132586587,0.156274327002713
"TCGA-86-8054",179,7.49185309632967,1.45061279133647,0.794042838067607
"TCGA-55-A48Z",42,5.4262647547021,1.1825758334717,-0.0520484884311774
"TCGA-91-6829",523,9.03342300153745,1.54743105243682,1.0996614796768
"TCGA-44-6777",294,8.2045711442492,1.16039600640279,-0.122061815905643
"TCGA-55-6982",168,7.40087943628218,1.44410985516492,0.773515527448348
"TCGA-05-4398",563,9.13955135239879,1.23889977656908,0.125744902855372
"TCGA-55-A4DF",624,9.28771237954945,1.47885230528828,0.883184305757359
"TCGA-05-4430",216,7.76155123244448,1.03960202593284,-0.50336273792421
"TCGA-95-A4VN",367,8.52356195605701,1.28607492476277,0.274659007950947
"TCGA-95-7567",744,9.54109661534952,0.99134035524308,-0.655706583706651
"TCGA-44-3396",153,7.2667865406949,1.19468616979702,-0.0138207357829422
"TCGA-MP-A4T7",116,6.8703647195834,1.1565275803955,-0.134272974090876
"TCGA-86-8056",232,7.86418614465428,0.997877859139246,-0.63507015585147
"TCGA-49-AAR9",529,9.04984854945056,2.33086167389587,3.57265572274858
"TCGA-J2-8192",57,5.85798099512757,1.41838958972986,0.692326374753866
"TCGA-80-5611",162,7.34872815423108,1.47787607442661,0.880102714057098
"TCGA-55-7227",131,7.04439411935845,1.15496777912754,-0.139196676905562
"TCGA-91-8497",29,4.90689059560852,0.752930891293115,-1.40827511459206
"TCGA-50-5068",73,6.20945336562895,0.889897386646862,-0.975923678197217
"TCGA-05-4424",552,9.11113567023471,0.893346147912466,-0.965037242918895
"TCGA-35-5375",350,8.45532722030456,1.54186687586826,1.08209747816273
"TCGA-78-7537",120,6.91886323727459,0.834383213635744,-1.15116093150971
"TCGA-MP-A4SV",263,8.04439411935845,1.22485005846794,0.0813952552551774
"TCGA-91-8496",22,4.52356195605701,0.690015907291627,-1.60687392982457
"TCGA-55-7281",373,8.54689445988764,1.02064608888241,-0.563199463619756
"TCGA-69-7761",27,4.8073549220576,1.34927493372688,0.474157539217515
"TCGA-55-7903",129,7.02236781302845,1.34276734192456,0.453615532532306
"TCGA-49-AAR4",453,8.82654848729091,1.101815988942,-0.306976780896122
"TCGA-86-8359",133,7.06608919045777,1.25635613691331,0.180848031905739
"TCGA-62-A46U",33,5.08746284125034,1.0277250927733,-0.540853725031885
"TCGA-99-8032",321,8.33091687811462,1.28445984601086,0.269560815020785
"TCGA-78-7539",392,8.61838550225861,0.803295164357474,-1.24929414814389
"TCGA-50-7109",198,7.63662462054365,0.891861498286262,-0.969723720416728
"TCGA-50-5933",399,8.64385618977473,1.54329154150929,1.08659460890036
"TCGA-44-7667",374,8.55074678538324,1.23215368058568,0.104450028653122
"TCGA-NJ-A4YG",127,7,1.05668005899273,-0.449453845058309
"TCGA-44-A479",242,7.92481250360578,0.996285947067778,-0.640095220331189
"TCGA-55-6971",70,6.14974711950468,0.942838647377807,-0.808808136089915
"TCGA-MP-A5C7",49,5.64385618977472,1.07635362201216,-0.387351845525601
"TCGA-44-6148",5,2.58496250072116,1.0338568014083,-0.521498239377914
"TCGA-NJ-A55O",117,6.88264304936184,0.867833221704398,-1.04557190407238
"TCGA-99-7458",400,8.64745842645492,1.27040043294873,0.225180564094594
"TCGA-MP-A4TJ",76,6.2667865406949,0.981262342469437,-0.687519059359449
"TCGA-MP-A4TC",208,7.70735913208088,1.42742734629959,0.720855154910035
"TCGA-49-AARQ",590,9.20701432017753,1.12545101029388,-0.232369955304831
"TCGA-05-4417",251,7.97727992349992,1.07852255539923,-0.380505342934421
"TCGA-86-7711",178,7.48381577726426,1.41451943076038,0.680109746262295
"TCGA-95-7039",1023,10,1.40936303214679,0.663832945564051
"TCGA-NJ-A55A",78,6.3037807481771,1.04743110599352,-0.478649292485277
"TCGA-69-7980",671,9.39231742277876,1.16913181798721,-0.0944861618973997
"TCGA-44-2668",352,8.46352437327118,1.5773897385759,1.1942297239126
"TCGA-49-4514",251,7.97727992349992,1.16516859178171,-0.106996568462723
"TCGA-64-1678",352,8.46352437327118,1.3736579468363,0.551125491958526
"TCGA-64-1676",512,9.00281501560705,1.19279223500727,-0.0197991717842009
"TCGA-78-7220",682,9.41574176829009,1.67565652008336,1.50442079673609
"TCGA-69-8254",66,6.06608919045777,1.16142322823849,-0.118819264980971
"TCGA-49-4506",91,6.52356195605701,1.32598639009123,0.40064441276703
"TCGA-55-A494",193,7.59991284218713,1.02620283702267,-0.545658910845015
"TCGA-69-7978",452,8.82336724004623,1.52617593357917,1.03256710637688
"TCGA-49-4510",40,5.35755200461808,0.824168542949702,-1.18340478451919
"TCGA-44-2665",48,5.61470984411521,1.41715465357498,0.688428148263948
"TCGA-69-7765",481,8.91288933622996,1.27996027302238,0.255357364463721
"TCGA-64-5774",113,6.83289001416474,1.5067699553411,0.971309770820429
"TCGA-78-7167",72,6.18982455888002,0.963689526164595,-0.742989795843423
"TCGA-55-8097",87,6.4594316186373,0.65140171575673,-1.72876433179638
"TCGA-73-4668",374,8.55074678538324,1.45518208953724,0.808466384755549
"TCGA-97-7941",71,6.16992500144231,1.2087767614679,0.030657934221883
"TCGA-55-7910",259,8.02236781302845,1.31456500859168,0.364591429997865
"TCGA-44-2657",328,8.36194377373524,0.774493851163066,-1.34020900361639
"TCGA-55-6712",100,6.65821148275179,1.38905396943867,0.599724913807743
"TCGA-97-8175",26,4.75488750216347,1.26217775716298,0.199224685777099
"TCGA-55-8508",151,7.24792751344359,1.10149599594466,-0.307986877793768
"TCGA-44-7659",121,6.93073733756289,1.03829467673495,-0.507489545010254
"TCGA-62-A46V",47,5.58496250072116,1.08156286656713,-0.370908230172396
"TCGA-55-A490",1081,10.0794847838268,1.19171113570965,-0.0232117934841574
"TCGA-55-7570",316,8.30833903013941,2.02596490366145,2.61021190594111
"TCGA-50-5044",88,6.4757334309664,1.60285075609337,1.27460052895746
"TCGA-MP-A4TK",286,8.16490692667569,1.27973253800467,0.254638491123437
"TCGA-38-4627",25,4.70043971814109,1.1881483783465,-0.0344580713385148
"TCGA-55-8614",183,7.52356195605701,1.52505472347016,1.02902787001197
"TCGA-91-6831",228,7.83920378809694,1.22390511032915,0.0784124112824936
"TCGA-55-7728",73,6.20945336562895,0.872013220025284,-1.03237722990411
"TCGA-62-A46O",738,9.52943055414615,1.61650084571579,1.31768870055688
"TCGA-67-6215",87,6.4594316186373,1.17609581288062,-0.0725034632276391
"TCGA-44-A47G",57,5.85798099512757,1.22496421057355,0.0817555902896727
"TCGA-69-7973",211,7.7279204545632,1.344492741585,0.459061966856403
"TCGA-44-5645",36,5.20945336562895,0.601233017578767,-1.8871279422785
"TCGA-44-2666",46,5.55458885167764,1.1333551258433,-0.207419651200213
"TCGA-62-A46S",97,6.61470984411521,0.774769832768074,-1.33933783404287
"TCGA-55-8087",23,4.58496250072116,0.728128235477831,-1.48656772068124
"TCGA-55-6985",357,8.48381577726426,1.10672701142069,-0.291474539874735
"TCGA-J2-A4AE",38,5.28540221886225,0.799842127226214,-1.26019408071331
"TCGA-62-A470",99,6.64385618977472,1.07893740121414,-0.379195831557233
"TCGA-55-6543",19,4.32192809488736,0.996866717400388,-0.638261947990598
"TCGA-91-A4BC",346,8.43879185257826,0.88667679043163,-0.986089882684722
"TCGA-55-7995",547,9.09803208296053,1.13934097701142,-0.188524582417886
"TCGA-50-5936",96,6.59991284218713,1.78275730999272,1.84249749379064
"TCGA-86-8668",26,4.75488750216347,1.08535271656154,-0.358945106748892
"TCGA-86-8673",386,8.59618975614441,1.21526217963881,0.0511299471369405
"TCGA-97-7937",386,8.59618975614441,0.630040427409363,-1.79619384203081
"TCGA-44-3398",142,7.15987133677839,1.15724184165087,-0.13201832138239
"TCGA-49-4487",276,8.11374216604919,1.17956351292549,-0.0615572453842564
"TCGA-MP-A4TE",111,6.8073549220576,1.42613206877599,0.716766453535213
"TCGA-44-A4SU",113,6.83289001416474,0.982280234452285,-0.684305959252429
"TCGA-55-7907",967,9.91886323727459,1.30293429414448,0.327877662265398
"TCGA-97-A4M1",35,5.16992500144231,0.566796304202605,-1.99583162528103
"TCGA-86-8672",239,7.90689059560852,1.66449174646395,1.46917782801654
"TCGA-78-7160",29,4.90689059560852,1.4610080315137,0.826856680684254
"TCGA-78-7153",88,6.4757334309664,1.04853018053455,-0.475179929738629
"TCGA-62-A46R",149,7.22881869049588,0.737068527968293,-1.45834659777042
"TCGA-75-6206",75,6.24792751344359,0.719227916225154,-1.51466266319494
"TCGA-86-8671",24,4.64385618977472,0.851959623798904,-1.09567885057393
"TCGA-55-6972",215,7.75488750216347,0.906657113761308,-0.923019556844019
"TCGA-64-1681",56,5.83289001416474,0.94951486457059,-0.787733842807249
"TCGA-97-A4M7",246,7.94836723158468,0.987099942583235,-0.669091963099295
"TCGA-49-4494",149,7.22881869049588,1.38424982567209,0.584560048467749
"TCGA-50-5946",532,9.05799172275918,1.26301592600181,0.201870467874929
"TCGA-55-7913",270,8.08214904135387,1.28595920134492,0.274293712877834
"TCGA-44-6779",78,6.3037807481771,1.84151001952281,2.02795758234602
"TCGA-50-5055",10,3.4594316186373,0.978291365170205,-0.696897311314439
"TCGA-38-4628",103,6.70043971814109,1.00933548398537,-0.59890276654141
"TCGA-86-7713",131,7.04439411935845,1.26852240284382,0.219252333169565
"TCGA-44-2662",196,7.62205181945638,1.34682202161865,0.466414623180961
"TCGA-67-6216",25,4.70043971814109,1.18543429146666,-0.0430254173742429
"TCGA-55-7283",178,7.48381577726426,0.819035051665002,-1.1996092754418
"TCGA-73-4659",175,7.4594316186373,1.23650802153319,0.11819503657162
"TCGA-86-8073",1186,10.2131042196419,1.35478139507273,0.491539355596626
"TCGA-49-AARE",1006,9.97584796800678,1.32778943106457,0.406335931358429
"TCGA-05-4403",111,6.8073549220576,1.28403664762863,0.268224937746828
"TCGA-MN-A4N4",1195,10.2240016741981,1.23872106204776,0.125180768686657
"TCGA-05-4415",162,7.34872815423108,2.08104338625808,2.78407384935726
"TCGA-75-5147",34,5.12928301694497,1.05639551688986,-0.450352036886713
"TCGA-78-7154",172,7.43462822763672,1.54233023682369,1.08356013349412
"TCGA-95-A4VK",212,7.73470962022584,1.25532299287674,0.177586786832169
"TCGA-99-AA5R",33,5.08746284125034,0.593511228160743,-1.91150271172704
"TCGA-53-7626",290,8.18487534290828,0.884630519073803,-0.992549187630252
"TCGA-50-8457",47,5.58496250072116,0.994839452835218,-0.64466125567851
"TCGA-91-6840",99,6.64385618977472,1.09721556565386,-0.321498577715958
"TCGA-55-8507",810,9.66355810421727,1.13141787791048,-0.213534810416639
"TCGA-55-6969",326,8.35314682549808,1.21792583104145,0.0595380874417096
"TCGA-78-8655",90,6.5077946401987,1.03830580001988,-0.507454433005652
"TCGA-78-7536",508,8.9915218460757,1.25828759480138,0.186944914140215
"TCGA-49-4488",237,7.89481776330794,1.13302382629762,-0.208465438595745
"TCGA-86-8280",39,5.32192809488736,0.832226215959343,-1.15796975757541
"TCGA-86-6562",40,5.35755200461808,1.26974079021746,0.22309832141448
"TCGA-55-7815",116,6.8703647195834,1.46137912520064,0.828028083136896
"TCGA-97-A4M0",311,8.28540221886225,0.708626176428479,-1.54812834702907
"TCGA-86-A4JF",1088,10.0887882387169,1.16321379227367,-0.113167131365596
"TCGA-J2-A4AG",61,5.95419631038687,1.03606288308024,-0.514534473697812
"TCGA-05-5715",92,6.53915881110803,1.06614619687086,-0.419572827090015
"TCGA-50-6593",245,7.94251450533924,1.33591375232152,0.431981341618075
"TCGA-97-A4LX",139,7.12928301694497,0.950505577999568,-0.784606535118112
"TCGA-62-A472",47,5.58496250072116,1.33428093385236,0.426827151108286
"TCGA-55-A493",195,7.61470984411521,1.65260359566625,1.43165143106676
"TCGA-93-7348",89,6.49185309632967,1.11857972742737,-0.25405999716171
"TCGA-78-7542",293,8.19967234483636,2.16590277231325,3.0519428443095
"TCGA-78-7147",272,8.09275714091985,1.1709095919852,-0.0888744015932885
"TCGA-78-7148",180,7.49984588708321,1.56098563577147,1.14244817403832
"TCGA-97-7938",318,8.31741261376487,1.12697864154528,-0.227547801068377
"TCGA-05-4432",459,8.84549005094438,1.09958043190971,-0.314033589143709
"TCGA-93-7347",94,6.56985560833095,0.918863026987752,-0.884490104058254
"TCGA-55-6984",17,4.16992500144231,1.62003559990022,1.32884658296447
"TCGA-97-8547",45,5.52356195605701,1.27111499853838,0.227436177471333
"TCGA-05-4390",450,8.81698362325538,1.37257009276044,0.547691547977778
"TCGA-4B-A93V",117,6.88264304936184,1.38271463570155,0.579714034213053
"TCGA-50-5941",304,8.25266543245025,1.11250838657824,-0.273224924541824
"TCGA-49-AAR2",329,8.36632221424582,0.540115756535123,-2.08005202588371
"TCGA-44-A4SS",387,8.59991284218713,1.51216366337819,0.988335667637796
"TCGA-78-7155",1285,10.3286749273279,1.56722862643117,1.16215493496663
"TCGA-05-4250",296,8.21431912080077,1.59481070478289,1.24922112705486
"TCGA-78-7146",291,8.18982455888002,1.94659532088916,2.3596721441619
"TCGA-55-8616",402,8.65463602852797,1.05025120892174,-0.469747293871339
"TCGA-38-7271",44,5.49185309632967,0.848086777152738,-1.10790396304455
"TCGA-86-8076",50,5.6724253419715,1.04411507262681,-0.489116755973532
"TCGA-44-7661",207,7.70043971814109,1.66041692556377,1.45631515919602
"TCGA-73-7498",88,6.4757334309664,0.832414121462057,-1.15737661095371
"TCGA-55-7725",112,6.82017896241519,0.94384044606463,-0.80564583643329
"TCGA-05-4405",297,8.21916852046216,0.996925501187472,-0.638076389801957
"TCGA-67-3770",191,7.58496250072116,0.64793426197474,-1.73970977228096
"TCGA-05-4382",1404,10.4563544151083,1.03355251366965,-0.522458760712292
"TCGA-55-8621",39,5.32192809488736,0.927864455408232,-0.856075998132943
"TCGA-50-5935",71,6.16992500144231,0.982679532455503,-0.683045526437856
"TCGA-55-7576",301,8.23840473932508,1.1805889309723,-0.0583203883390664
"TCGA-NJ-A7XG",23,4.58496250072116,1.2024631132675,0.0107281341544623
"TCGA-44-3917",190,7.57742882803575,0.000911727627528461,-3.78211526263361
"TCGA-86-7955",256,8.00562454919388,1.45046793643624,0.793585585919756
"TCGA-86-7954",154,7.27612440527424,0.901498305668244,-0.9393039633579
"TCGA-69-7763",51,5.70043971814109,1.23377262866431,0.109560435584653
"TCGA-50-5944",46,5.55458885167764,1.09112952930391,-0.340709893235536
"TCGA-97-7552",20,4.39231742277876,0.97974587055663,-0.692305987783523
"TCGA-69-7764",65,6.04439411935845,0.867981905573639,-1.04510256531717
"TCGA-73-A9RS",790,9.62753388447279,1.31736582939583,0.373432562237029
"TCGA-38-A44F",8,3.16992500144231,0.979222465517225,-0.693958179584286
"TCGA-91-6835",55,5.8073549220576,1.0624980417614,-0.431088673339051
"TCGA-55-A48X",303,8.24792751344359,1.14139778818502,-0.182032007259248
"TCGA-71-8520",72,6.18982455888002,1.27051776592467,0.225550939933981
"TCGA-97-7553",40,5.35755200461808,0.95359868691,-0.774842759846668
"TCGA-55-A4DG",575,9.16992500144231,0.703952623208206,-1.56288098739294
"TCGA-73-4662",171,7.4262647547021,0.835714266599637,-1.1469593005972
"TCGA-67-4679",232,7.86418614465428,0.781634219166702,-1.31766956172743
"TCGA-55-7994",1279,10.3219280948874,1.32999290157164,0.413291454578338
"TCGA-44-6145",255,8,1.49225075759571,0.92547815350184
"TCGA-93-A4JQ",100,6.65821148275179,1.4561447900996,0.811505266416932
"TCGA-55-8094",367,8.52356195605701,1.17228980952975,-0.0845175766896471
"TCGA-55-8204",174,7.45121111183233,1.88163179466747,2.15460685573001
"TCGA-05-4425",33,5.08746284125034,1.47992707125395,0.88657693552311
"TCGA-95-8494",76,6.2667865406949,1.32525258978779,0.398328082671837
"TCGA-55-8208",254,7.99435343685886,1.2354192607253,0.114758230380702
"TCGA-78-7156",262,8.0389189892923,0.914968732063453,-0.896782920632976
"TCGA-86-7701",163,7.35755200461808,1.22957790765388,0.0963192874523815
"TCGA-55-7574",186,7.54689445988764,0.97753768110034,-0.699276406941819
"TCGA-73-4675",57,5.85798099512757,1.28334197674938,0.266032124448313
"TCGA-44-7660",274,8.10328780841202,1.79575012182593,1.88351088793779
"TCGA-49-6743",590,9.20701432017753,1.66711937862371,1.47747226919106
"TCGA-55-8301",224,7.81378119121704,0.930346197735708,-0.848242075995456
"TCGA-67-6217",154,7.27612440527424,0.575308835145218,-1.96896078383263
"TCGA-49-6745",99,6.64385618977472,1.48039582397525,0.888056610620608
"TCGA-55-8091",20,4.39231742277876,1.2221988551612,0.0730264088823323
"TCGA-95-7043",916,9.84077792359505,1.24992409132862,0.160544496064241
"TCGA-50-5932",68,6.10852445677817,1.08934886694266,-0.346330771010313
"TCGA-73-4670",297,8.21916852046216,1.64685203759738,1.41349593700845
"TCGA-95-7562",359,8.49185309632967,1.63305068467135,1.36993028435485
"TCGA-49-6742",210,7.72109918870718,1.78930648599987,1.86317076608675
"TCGA-55-8090",74,6.22881869049588,1.25991839365897,0.192092729499932
"TCGA-50-5072",135,7.08746284125034,2.11277517385895,2.88423910446713
"TCGA-05-5420",62,5.97727992349992,0.760985483274857,-1.38284981328837
"TCGA-05-4396",205,7.68650052718322,1.18847820080014,-0.0334169465640117
"TCGA-55-6979",94,6.56985560833095,1.05361769155768,-0.459120581115869
"TCGA-50-5939",59,5.90689059560852,1.72742222885667,1.66782556580996
"TCGA-38-6178",43,5.4594316186373,1.47673892719439,0.876513170220319
"TCGA-44-8119",524,9.03617361255349,1.35390808065706,0.488782632201877
"TCGA-05-4434",36,5.20945336562895,1.53123560764684,1.04853858425691
"TCGA-55-6986",15,4,1.19896463137832,-0.000315250332241898
"TCGA-73-4677",212,7.73470962022584,1.02958102021728,-0.534995263849998
"TCGA-62-A46P",226,7.82654848729092,0.754544306281664,-1.40318217353375
"TCGA-97-8179",140,7.13955135239879,1.20599699743313,0.021883270241705
"TCGA-67-3771",1021,9.99717948093762,1.27025995960723,0.224737142870924
"TCGA-86-8674",236,7.88874324889826,1.52796217801172,1.03820560464005
"TCGA-78-8662",927,9.85798099512757,1.16754026731835,-0.0995100855657411
"TCGA-49-6744",166,7.38370429247405,1.13020097881282,-0.217376100737032
"TCGA-MN-A4N5",380,8.57364718749332,1.14614095876643,-0.167059611209822
"TCGA-64-5779",303,8.24792751344359,1.43805641263269,0.754407098287016
"TCGA-L4-A4E6",4,2.32192809488736,0.511938338060028,-2.16899748163288
"TCGA-62-8398",67,6.08746284125034,1.65646194435001,1.44383077895201
"TCGA-78-7149",113,6.83289001416474,1.21412767856881,0.0475487562337292
"TCGA-L9-A5IP",232,7.86418614465428,1.81907935021109,1.95715244075883
"TCGA-05-4426",40,5.35755200461808,1.27624071080717,0.243616112982078
"TCGA-44-6774",233,7.8703647195834,1.3111309889271,0.353751528379891
"TCGA-05-4420",225,7.82017896241519,1.03972016382786,-0.502989821259655
"TCGA-93-A4JO",42,5.4262647547021,0.903950321278204,-0.931563877227414
"TCGA-69-7974",421,8.72109918870719,1.30664848204785,0.339601949076678
"TCGA-62-8402",35,5.16992500144231,0.996706507936411,-0.638767668690363
"TCGA-86-A4D0",216,7.76155123244448,1.32845401360221,0.408433767139421
"TCGA-71-6725",40,5.35755200461808,0.514584156498448,-2.1606456332532
"TCGA-55-8092",446,8.80413102118332,1.06211084416497,-0.432310909744796
"TCGA-73-4666",301,8.23840473932508,1.48761785949622,0.910853845981877
"TCGA-78-7158",198,7.63662462054365,1.27685359585135,0.245550759323974
"TCGA-49-6761",142,7.15987133677839,1.35445453027801,0.490507567033006
"TCGA-62-A46Y",32,5.04439411935845,1.096803643084,-0.322798861513868
"TCGA-49-4486",105,6.7279204545632,0.80213901451687,-1.25294367603012
"TCGA-55-8514",237,7.89481776330794,0.717993024375835,-1.51856074982895
"TCGA-44-3919",37,5.24792751344359,1.23675101833009,0.118962085578081
"TCGA-44-6778",309,8.27612440527424,0.923012414135609,-0.871392057788612
"TCGA-50-6595",64,6.02236781302845,1.73036053158681,1.67710067650514
"TCGA-55-6968",394,8.62570884306447,1.39070198433749,0.604927073699934
"TCGA-44-8120",494,8.95128471496697,1.25404769330662,0.173561148302468
"TCGA-97-8174",137,7.10852445677817,0.864836637953183,-1.05503098591403
"TCGA-91-6828",233,7.8703647195834,0.968598339240443,-0.72749452907139
"TCGA-49-AAQV",54,5.78135971352466,1.14067787400144,-0.184304504124625
"TCGA-55-8510",249,7.96578428466209,1.06187458828221,-0.43305668023415
"TCGA-50-8459",62,5.97727992349992,1.41896139849936,0.694131358828247
"TCGA-49-AARN",632,9.30606168942834,1.26676575774591,0.213707268813833
"TCGA-49-AARR",1,1,0.872074406352081,-1.03218408780603
"TCGA-55-8513",1,1,0.808581772381575,-1.23260632557113
"TCGA-05-4433",30,4.95419631038687,1.28788349795897,0.280367989678074
"TCGA-86-8278",78,6.3037807481771,0.971967304631858,-0.716859979195663
"TCGA-69-7979",1222,10.2562086885274,1.43196852289102,0.735189932310582
