"drug_column","drug_name","gdsc_drug_id","n_C1","n_C2","median_C1","median_C2","median_difference_C2_minus_C1","W","p_value","direction","FDR","significant_FDR_0.05","nominal_p_0.05"
"Camptothecin_1003","Camptothecin","1003",284,233,0.0762181672411436,0.0937711236968863,0.0175529564557427,28032,0.00278916495083196,"PCD_C2 higher predicted IC50 than PCD_C1 (greater predicted resistance in PCD_C2)",0.00665367060559913,TRUE,TRUE
"Vinblastine_1004","Vinblastine","1004",284,233,0.0249426176799599,0.0216196304799349,-0.00332298720002495,37165,0.0158141613840286,"PCD_C2 lower predicted IC50 than PCD_C1 (greater predicted sensitivity in PCD_C2)",0.0316283227680573,TRUE,TRUE
"Docetaxel_1007","Docetaxel","1007",284,233,0.0128800251846759,0.00881913217187243,-0.00406089301280349,44934,2.38392038900690e-12,"PCD_C2 lower predicted IC50 than PCD_C1 (greater predicted sensitivity in PCD_C2)",2.77656610013745e-11,TRUE,TRUE
"Gefitinib_1010","Gefitinib","1010",284,233,28.1726210897833,22.8229979941619,-5.34962309562138,44430,1.92305668808358e-11,"PCD_C2 lower predicted IC50 than PCD_C1 (greater predicted sensitivity in PCD_C2)",1.90382612120275e-10,TRUE,TRUE
"Axitinib_1021","Axitinib","1021",284,233,20.2736162771567,24.0545179401185,3.78090166296181,21264,2.66068261749392e-12,"PCD_C2 higher predicted IC50 than PCD_C1 (greater predicted resistance in PCD_C2)",2.92675087924332e-11,TRUE,TRUE
"SB216763_1025","SB216763","1025",284,233,169.17380100874,216.526729160131,47.3529281513912,15065,1.52588377396331e-26,"PCD_C2 higher predicted IC50 than PCD_C1 (greater predicted resistance in PCD_C2)",1.51062493622368e-24,TRUE,TRUE
"KU-55933_1030","KU-55933","1030",284,233,84.3867110122514,90.8303995722277,6.44368855997638,22266,1.53649154768142e-10,"PCD_C2 higher predicted IC50 than PCD_C1 (greater predicted resistance in PCD_C2)",1.3227188106127e-09,TRUE,TRUE
"Afatinib_1032","Afatinib","1032",284,233,6.28473115801968,5.78194235536412,-0.502788802655553,36930,0.0229581051307292,"PCD_C2 lower predicted IC50 than PCD_C1 (greater predicted sensitivity in PCD_C2)",0.0439802659121384,TRUE,TRUE
"PLX-4720_1036","PLX-4720","1036",284,233,78.0840817942456,90.7738922813977,12.6898104871521,27809,0.00179619673753928,"PCD_C2 higher predicted IC50 than PCD_C1 (greater predicted resistance in PCD_C2)",0.00444558692540971,TRUE,TRUE
"NU7441_1038","NU7441","1038",284,233,11.6751512581248,13.977298914606,2.30214765648119,21184,1.89625758646285e-12,"PCD_C2 higher predicted IC50 than PCD_C1 (greater predicted resistance in PCD_C2)",2.34661876324778e-11,TRUE,TRUE
"Doramapimod_1042","Doramapimod","1042",284,233,85.1622102615403,94.9341825465435,9.77197228500319,23153,4.18058623718263e-09,"PCD_C2 higher predicted IC50 than PCD_C1 (greater predicted resistance in PCD_C2)",2.58673773425675e-08,TRUE,TRUE
"Wee1 Inhibitor_1046","Wee1 Inhibitor","1046",284,233,7.78682786247151,6.49163407013166,-1.29519379233986,37659,0.00682083151667275,"PCD_C2 lower predicted IC50 than PCD_C1 (greater predicted sensitivity in PCD_C2)",0.0148409301132,TRUE,TRUE
"Nutlin-3a (-)_1047","Nutlin-3a (-)","1047",284,233,95.1956347726499,116.454267304603,21.2586325319528,28552,0.0073097766781133,"PCD_C2 higher predicted IC50 than PCD_C1 (greater predicted resistance in PCD_C2)",0.0157319106768091,TRUE,TRUE
"ZM447439_1050","ZM447439","1050",284,233,17.1042813979337,19.6970276080188,2.59274621008506,23292,6.84674513730303e-09,"PCD_C2 higher predicted IC50 than PCD_C1 (greater predicted resistance in PCD_C2)",3.87330153481715e-08,TRUE,TRUE
"Alisertib_1051","Alisertib","1051",284,233,6.35040240372776,7.69792149134995,1.34751908762219,29114,0.0187801482428773,"PCD_C2 higher predicted IC50 than PCD_C1 (greater predicted resistance in PCD_C2)",0.0368165282385118,TRUE,TRUE
"RO-3306_1052","RO-3306","1052",284,233,12.991938648956,16.9298152441046,3.93787659514859,22384,2.42178254995042e-10,"PCD_C2 higher predicted IC50 than PCD_C1 (greater predicted resistance in PCD_C2)",1.9979706037091e-09,TRUE,TRUE
"AZD8055_1059","AZD8055","1059",284,233,0.704235436196361,0.86904653081918,0.164811094622819,18013,4.74218198967341e-19,"PCD_C2 higher predicted IC50 than PCD_C1 (greater predicted resistance in PCD_C2)",1.87790406791067e-17,TRUE,TRUE
"PD0325901_1060","PD0325901","1060",284,233,1.48789050416565,1.8591702931344,0.371279788968752,26747,0.000176567802405809,"PCD_C2 higher predicted IC50 than PCD_C1 (greater predicted resistance in PCD_C2)",0.000514123895240444,TRUE,TRUE
"Dasatinib_1079","Dasatinib","1079",284,233,4.18021392877532,7.21232741916645,3.03211349039112,22627,6.08898995606555e-10,"PCD_C2 higher predicted IC50 than PCD_C1 (greater predicted resistance in PCD_C2)",4.46525930111474e-09,TRUE,TRUE
"Paclitaxel_1080","Paclitaxel","1080",284,233,0.0769741590065241,0.0492939687237566,-0.0276801902827676,42162,7.88182642965207e-08,"PCD_C2 lower predicted IC50 than PCD_C1 (greater predicted sensitivity in PCD_C2)",3.62930612342118e-07,TRUE,TRUE
"Crizotinib_1083","Crizotinib","1083",284,233,22.0904821274501,28.0200042857219,5.92952215827178,24493,3.69508423979558e-07,"PCD_C2 higher predicted IC50 than PCD_C1 (greater predicted resistance in PCD_C2)",1.59049278147723e-06,TRUE,TRUE
"Rapamycin_1084","Rapamycin","1084",284,233,0.123618518954492,0.102106354344848,-0.0215121646096443,39694,9.24716174063274e-05,"PCD_C2 lower predicted IC50 than PCD_C1 (greater predicted sensitivity in PCD_C2)",0.000281682773022351,TRUE,TRUE
"Sorafenib_1085","Sorafenib","1085",284,233,15.0694890796798,13.5362299294642,-1.53325915021557,36979,0.021271893308657,"PCD_C2 lower predicted IC50 than PCD_C1 (greater predicted sensitivity in PCD_C2)",0.0412924987756283,TRUE,TRUE
"BI-2536_1086","BI-2536","1086",284,233,1.57773202470688,1.25122000169176,-0.326512023015122,41336,1.0550454027214e-06,"PCD_C2 lower predicted IC50 than PCD_C1 (greater predicted sensitivity in PCD_C2)",4.26324468854768e-06,TRUE,TRUE
"GSK1904529A_1093","GSK1904529A","1093",284,233,86.1287957326828,69.8809528613871,-16.2478428712958,41698,3.48239915754643e-07,"PCD_C2 lower predicted IC50 than PCD_C1 (greater predicted sensitivity in PCD_C2)",1.53225562932043e-06,TRUE,TRUE
"Tozasertib_1096","Tozasertib","1096",284,233,17.5687515350415,20.6106461484198,3.04189461337829,25566,8.62086210966103e-06,"PCD_C2 higher predicted IC50 than PCD_C1 (greater predicted resistance in PCD_C2)",3.04809053163015e-05,TRUE,TRUE
"PF-4708671_1129","PF-4708671","1129",284,233,41.9914152553916,50.725305040884,8.73388978549247,22053,6.67714733366652e-11,"PCD_C2 higher predicted IC50 than PCD_C1 (greater predicted resistance in PCD_C2)",6.00943260029987e-10,TRUE,TRUE
"PRIMA-1MET_1131","PRIMA-1MET","1131",284,233,74.5377319138781,132.548227403894,58.0104954900158,14929,6.40153010764115e-27,"PCD_C2 higher predicted IC50 than PCD_C1 (greater predicted resistance in PCD_C2)",1.26750296131295e-24,TRUE,TRUE
"Erlotinib_1168","Erlotinib","1168",284,233,15.1539380190549,11.9297411066166,-3.22419691243826,45604,1.29789875560899e-13,"PCD_C2 lower predicted IC50 than PCD_C1 (greater predicted sensitivity in PCD_C2)",2.14153294675484e-12,TRUE,TRUE
"Niraparib_1177","Niraparib","1177",284,233,68.8965601720423,77.137416923226,8.24085675118377,28048,0.00287684456483838,"PCD_C2 higher predicted IC50 than PCD_C1 (greater predicted resistance in PCD_C2)",0.00670135557456469,TRUE,TRUE
"MK-1775_1179","MK-1775","1179",284,233,1.88611256633848,1.56979944455307,-0.31631312178541,39179,0.000312363694862551,"PCD_C2 lower predicted IC50 than PCD_C1 (greater predicted sensitivity in PCD_C2)",0.000859000160872016,TRUE,TRUE
"Gemcitabine_1190","Gemcitabine","1190",284,233,0.386780006180767,0.555966376389876,0.169186370209109,26784,0.00019263336888674,"PCD_C2 higher predicted IC50 than PCD_C1 (greater predicted resistance in PCD_C2)",0.000552774015066298,TRUE,TRUE
"Bortezomib_1191","Bortezomib","1191",284,233,0.00684950490689038,0.00845988291172447,0.00161037800483409,20932,6.43131060766058e-13,"PCD_C2 higher predicted IC50 than PCD_C1 (greater predicted resistance in PCD_C2)",8.67527128854181e-12,TRUE,TRUE
"GSK269962A_1192","GSK269962A","1192",284,233,16.3414543533094,19.4444037871361,3.10294943382664,20937,6.57217521859228e-13,"PCD_C2 higher predicted IC50 than PCD_C1 (greater predicted resistance in PCD_C2)",8.67527128854181e-12,TRUE,TRUE
"SB505124_1194","SB505124","1194",284,233,10.0354341779628,9.3860582902845,-0.649375887678261,40125,3.11958774970594e-05,"PCD_C2 lower predicted IC50 than PCD_C1 (greater predicted sensitivity in PCD_C2)",0.000101258749908488,TRUE,TRUE
"Tamoxifen_1199","Tamoxifen","1199",284,233,38.2256535643204,33.1364152033463,-5.08923836097419,41009,2.76423048795135e-06,"PCD_C2 lower predicted IC50 than PCD_C1 (greater predicted sensitivity in PCD_C2)",1.05253391656609e-05,TRUE,TRUE
"AZ960_1250","AZ960","1250",284,233,6.06322994322761,9.03089485705917,2.96766491383156,21713,1.70941677843269e-11,"PCD_C2 higher predicted IC50 than PCD_C1 (greater predicted resistance in PCD_C2)",1.78139222173512e-10,TRUE,TRUE
"Trametinib_1372","Trametinib","1372",284,233,1.55641142342491,2.18749593893693,0.631084515512017,28198,0.00382983827308881,"PCD_C2 higher predicted IC50 than PCD_C1 (greater predicted resistance in PCD_C2)",0.00871618365599522,TRUE,TRUE
"IAP_5620_1428","IAP_5620","1428",284,233,177.250962549868,156.158411730154,-21.0925508197135,37947,0.00402912999044534,"PCD_C2 lower predicted IC50 than PCD_C1 (greater predicted sensitivity in PCD_C2)",0.00899734339457175,TRUE,TRUE
"AZD1332_1463","AZD1332","1463",284,233,39.4212721427566,54.3815403010726,14.960268158316,21868,3.19704822714245e-11,"PCD_C2 higher predicted IC50 than PCD_C1 (greater predicted resistance in PCD_C2)",3.01435975702003e-10,TRUE,TRUE
"Ruxolitinib_1507","Ruxolitinib","1507",284,233,118.801035250817,130.891874118823,12.0908388680059,27225,0.000525217425605996,"PCD_C2 higher predicted IC50 than PCD_C1 (greater predicted resistance in PCD_C2)",0.00140531149013496,TRUE,TRUE
"Linsitinib_1510","Linsitinib","1510",284,233,49.154017269547,36.3537580299233,-12.8002592396237,41743,3.02475117090354e-07,"PCD_C2 lower predicted IC50 than PCD_C1 (greater predicted sensitivity in PCD_C2)",1.36113802690659e-06,TRUE,TRUE
"Epirubicin_1511","Epirubicin","1511",284,233,0.304095876737833,0.414123504258241,0.110027627520408,23385,9.48922447029634e-09,"PCD_C2 higher predicted IC50 than PCD_C1 (greater predicted resistance in PCD_C2)",5.21907345866299e-08,TRUE,TRUE
"Sapitinib_1549","Sapitinib","1549",284,233,55.1820456134812,44.4510461743823,-10.7309994390989,41075,2.28249212982181e-06,"PCD_C2 lower predicted IC50 than PCD_C1 (greater predicted sensitivity in PCD_C2)",8.86144003342584e-06,TRUE,TRUE
"Uprosertib_1553","Uprosertib","1553",284,233,17.5956624998143,21.7436753496022,4.14801284978786,27534,0.0010208211648536,"PCD_C2 higher predicted IC50 than PCD_C1 (greater predicted resistance in PCD_C2)",0.00259131526462836,TRUE,TRUE
"Lapatinib_1558","Lapatinib","1558",284,233,24.1235855462618,15.5823830376459,-8.54120250861591,48609,4.13869225733522e-20,"PCD_C2 lower predicted IC50 than PCD_C1 (greater predicted sensitivity in PCD_C2)",2.04865266738093e-18,TRUE,TRUE
"Luminespib_1559","Luminespib","1559",284,233,0.0835705942892614,0.114603581492393,0.0310329872031314,23839,4.47526463870603e-08,"PCD_C2 higher predicted IC50 than PCD_C1 (greater predicted resistance in PCD_C2)",2.27205743195845e-07,TRUE,TRUE
"Taselisib_1561","Taselisib","1561",284,233,6.38020555604758,8.30456857504142,1.92436301899384,28800,0.0112237342432742,"PCD_C2 higher predicted IC50 than PCD_C1 (greater predicted resistance in PCD_C2)",0.0236414827677479,TRUE,TRUE
"SCH772984_1564","SCH772984","1564",284,233,13.1873190445071,13.953447411854,0.766128367346891,24626,5.57644360664105e-07,"PCD_C2 higher predicted IC50 than PCD_C1 (greater predicted resistance in PCD_C2)",2.30028298773943e-06,TRUE,TRUE
"OSI-027_1594","OSI-027","1594",284,233,126.791029087836,110.289941347643,-16.5010877401927,37174,0.0155845772046484,"PCD_C2 lower predicted IC50 than PCD_C1 (greater predicted sensitivity in PCD_C2)",0.03148720700531,TRUE,TRUE
"LGK974_1598","LGK974","1598",284,233,60.5342259340299,49.3941913623013,-11.1400345717287,40448,1.32660752110896e-05,"PCD_C2 lower predicted IC50 than PCD_C1 (greater predicted sensitivity in PCD_C2)",4.52876360654438e-05,TRUE,TRUE
"VE-822_1613","VE-822","1613",284,233,29.5908671352072,25.1904078565836,-4.40045927862366,38729,0.000842115233024408,"PCD_C2 lower predicted IC50 than PCD_C1 (greater predicted sensitivity in PCD_C2)",0.00216543917063419,TRUE,TRUE
"WZ4003_1614","WZ4003","1614",284,233,36.8321216560997,44.8387851113108,8.0066634552111,23194,4.8387157799351e-09,"PCD_C2 higher predicted IC50 than PCD_C1 (greater predicted resistance in PCD_C2)",2.81784036596221e-08,TRUE,TRUE
"CZC24832_1615","CZC24832","1615",284,233,145.063065732611,169.362960114213,24.2998943816017,22523,4.11387198165579e-10,"PCD_C2 higher predicted IC50 than PCD_C1 (greater predicted resistance in PCD_C2)",3.13287173987633e-09,TRUE,TRUE
"GSK2606414_1618","GSK2606414","1618",284,233,37.8358143922897,45.2113881689436,7.37557377665391,26166,4.23727250480675e-05,"PCD_C2 higher predicted IC50 than PCD_C1 (greater predicted resistance in PCD_C2)",0.000135319347734151,TRUE,TRUE
"PFI3_1620","PFI3","1620",284,233,178.165349253101,201.45676652345,23.2914172703484,25229,3.3427276589625e-06,"PCD_C2 higher predicted IC50 than PCD_C1 (greater predicted resistance in PCD_C2)",1.24879259712184e-05,TRUE,TRUE
"PCI-34051_1621","PCI-34051","1621",284,233,79.6459070390126,101.334405817382,21.6884987783692,23872,4.9956467776407e-08,"PCD_C2 higher predicted IC50 than PCD_C1 (greater predicted resistance in PCD_C2)",2.47284515493215e-07,TRUE,TRUE
"Wnt-C59_1622","Wnt-C59","1622",284,233,68.7434647178285,64.6154619092079,-4.12800280862061,38132,0.00283269501446237,"PCD_C2 lower predicted IC50 than PCD_C1 (greater predicted sensitivity in PCD_C2)",0.00667706681980416,TRUE,TRUE
"I-BET-762_1624","I-BET-762","1624",284,233,24.8780360002201,29.8122754876802,4.93423948746008,25528,7.76222568486252e-06,"PCD_C2 higher predicted IC50 than PCD_C1 (greater predicted resistance in PCD_C2)",2.79440124655051e-05,TRUE,TRUE
"OTX015_1626","OTX015","1626",284,233,10.6233284911067,12.6087163732384,1.98538788213169,25627,1.01918421941043e-05,"PCD_C2 higher predicted IC50 than PCD_C1 (greater predicted resistance in PCD_C2)",3.5403241305836e-05,TRUE,TRUE
"GSK343_1627","GSK343","1627",284,233,15.579800656736,17.4228100292585,1.84300937252249,25365,4.92203809799099e-06,"PCD_C2 higher predicted IC50 than PCD_C1 (greater predicted resistance in PCD_C2)",1.8047473025967e-05,TRUE,TRUE
"ML323_1629","ML323","1629",284,233,95.562524330042,78.8069599960031,-16.7555643340389,43656,4.00618409734196e-10,"PCD_C2 lower predicted IC50 than PCD_C1 (greater predicted sensitivity in PCD_C2)",3.13287173987633e-09,TRUE,TRUE
"Entospletinib_1630","Entospletinib","1630",284,233,35.3354633693352,46.0082998618214,10.6728364924862,20448,7.58156760248001e-14,"PCD_C2 higher predicted IC50 than PCD_C1 (greater predicted resistance in PCD_C2)",1.50115038529104e-12,TRUE,TRUE
"PRT062607_1631","PRT062607","1631",284,233,22.9675571258773,27.7469572472577,4.77940012138044,22788,1.10918696979141e-09,"PCD_C2 higher predicted IC50 than PCD_C1 (greater predicted resistance in PCD_C2)",7.57306965581722e-09,TRUE,TRUE
"Ribociclib_1632","Ribociclib","1632",284,233,43.2549754066491,48.2866351404707,5.0316597338216,19515,9.79303183086278e-16,"PCD_C2 higher predicted IC50 than PCD_C1 (greater predicted resistance in PCD_C2)",3.23170050418472e-14,TRUE,TRUE
"AGI-6780_1634","AGI-6780","1634",284,233,63.6846553812642,59.2108981586775,-4.47375722258663,38299,0.00204138598920438,"PCD_C2 lower predicted IC50 than PCD_C1 (greater predicted sensitivity in PCD_C2)",0.00499005464027737,TRUE,TRUE
"Eg5_9814_1712","Eg5_9814","1712",284,233,0.0508432277881717,0.0390634101987389,-0.0117798175894328,40432,1.38514585195424e-05,"PCD_C2 lower predicted IC50 than PCD_C1 (greater predicted sensitivity in PCD_C2)",4.64845557096507e-05,TRUE,TRUE
"ERK_2440_1713","ERK_2440","1713",284,233,11.9715754481631,16.825370502575,4.8537950544119,23905,5.5744732465259e-08,"PCD_C2 higher predicted IC50 than PCD_C1 (greater predicted resistance in PCD_C2)",2.69206268978568e-07,TRUE,TRUE
"IRAK4_4710_1716","IRAK4_4710","1716",284,233,144.655204878623,130.867006290434,-13.788198588189,39190,0.000304626972168606,"PCD_C2 lower predicted IC50 than PCD_C1 (greater predicted sensitivity in PCD_C2)",0.000849523105484283,TRUE,TRUE
"TAF1_5496_1732","TAF1_5496","1732",284,233,52.8448635550986,37.8747677372038,-14.9700958178948,45670,9.66256287373527e-14,"PCD_C2 lower predicted IC50 than PCD_C1 (greater predicted sensitivity in PCD_C2)",1.73926131727235e-12,TRUE,TRUE
"ULK1_4989_1733","ULK1_4989","1733",284,233,10.5916128448557,8.9213855073066,-1.67022733754908,38573,0.00116929858319836,"PCD_C2 lower predicted IC50 than PCD_C1 (greater predicted sensitivity in PCD_C2)",0.0029306470819402,TRUE,TRUE
"VSP34_8731_1734","VSP34_8731","1734",284,233,11.2213070243453,10.1072897355302,-1.11401728881502,39582,0.000121404445556233,"PCD_C2 lower predicted IC50 than PCD_C1 (greater predicted sensitivity in PCD_C2)",0.000364213336668699,TRUE,TRUE
"Selumetinib_1736","Selumetinib","1736",284,233,55.3389566909541,78.1096828496553,22.7707261587012,24585,4.91514887485032e-07,"PCD_C2 higher predicted IC50 than PCD_C1 (greater predicted resistance in PCD_C2)",2.07063718557524e-06,TRUE,TRUE
"IGF1R_3801_1738","IGF1R_3801","1738",284,233,4.75609538837073,5.81352087361136,1.05742548524063,27253,0.000558539867275436,"PCD_C2 higher predicted IC50 than PCD_C1 (greater predicted resistance in PCD_C2)",0.00147454524960715,TRUE,TRUE
"JAK_8517_1739","JAK_8517","1739",284,233,16.383402263732,21.1710026759117,4.78760041217969,26429,8.19811332327644e-05,"PCD_C2 higher predicted IC50 than PCD_C1 (greater predicted resistance in PCD_C2)",0.000253629130938865,TRUE,TRUE
"AZD4547_1786","AZD4547","1786",284,233,20.1300177308648,14.7634908599612,-5.36652687090364,42995,4.55442987753613e-09,"PCD_C2 lower predicted IC50 than PCD_C1 (greater predicted sensitivity in PCD_C2)",2.73265792652168e-08,TRUE,TRUE
"Zoledronate_1802","Zoledronate","1802",284,233,40.7024652691862,45.6433257709457,4.94086050175954,26400,7.6313322328431e-05,"PCD_C2 higher predicted IC50 than PCD_C1 (greater predicted resistance in PCD_C2)",0.000239841870175069,TRUE,TRUE
"Oxaliplatin_1806","Oxaliplatin","1806",284,233,133.983720292654,161.494791735579,27.5110714429252,28184,0.00373006701538614,"PCD_C2 higher predicted IC50 than PCD_C1 (greater predicted resistance in PCD_C2)",0.0085878287098425,TRUE,TRUE
"Topotecan_1808","Topotecan","1808",284,233,0.94065428130096,1.1729864554824,0.232332174181437,27270,0.000579721289927574,"PCD_C2 higher predicted IC50 than PCD_C1 (greater predicted resistance in PCD_C2)",0.00151032651849552,TRUE,TRUE
"Teniposide_1809","Teniposide","1809",284,233,1.32532143404868,1.76788802316034,0.442566589111656,26030,2.98490668069604e-05,"PCD_C2 higher predicted IC50 than PCD_C1 (greater predicted resistance in PCD_C2)",9.85019204629692e-05,TRUE,TRUE
"Mitoxantrone_1810","Mitoxantrone","1810",284,233,1.5237957443426,1.98244980101941,0.458654056676808,26745,0.000175736334329469,"PCD_C2 higher predicted IC50 than PCD_C1 (greater predicted resistance in PCD_C2)",0.000514123895240444,TRUE,TRUE
"Dactinomycin_1811","Dactinomycin","1811",284,233,0.0787511503801309,0.090170469816578,0.0114193194364471,28227,0.00404426041473174,"PCD_C2 higher predicted IC50 than PCD_C1 (greater predicted resistance in PCD_C2)",0.00899734339457175,TRUE,TRUE
"Fludarabine_1813","Fludarabine","1813",284,233,135.403822288346,172.91432059643,37.5104983080832,22829,1.29038099298967e-09,"PCD_C2 higher predicted IC50 than PCD_C1 (greater predicted resistance in PCD_C2)",8.51651455373183e-09,TRUE,TRUE
"Nelarabine_1814","Nelarabine","1814",284,233,394.267820295349,428.990403923333,34.7225836279839,28814,0.0114919984962918,"PCD_C2 higher predicted IC50 than PCD_C1 (greater predicted resistance in PCD_C2)",0.0239517442343765,TRUE,TRUE
"Fulvestrant_1816","Fulvestrant","1816",284,233,100.381301401956,86.7768687061667,-13.6044326957889,39320,0.000225800038130908,"PCD_C2 lower predicted IC50 than PCD_C1 (greater predicted sensitivity in PCD_C2)",0.000638691536427425,TRUE,TRUE
"Docetaxel_1819","Docetaxel","1819",284,233,0.119976861516497,0.0813121264048418,-0.0386647351116554,41087,2.2040416220014e-06,"PCD_C2 lower predicted IC50 than PCD_C1 (greater predicted sensitivity in PCD_C2)",8.72800482312556e-06,TRUE,TRUE
"Dihydrorotenone_1827","Dihydrorotenone","1827",284,233,2.88467546896653,2.00872961064317,-0.875945858323356,46560,1.56086234878559e-15,"PCD_C2 lower predicted IC50 than PCD_C1 (greater predicted sensitivity in PCD_C2)",4.41501064370781e-14,TRUE,TRUE
"Elephantin_1835","Elephantin","1835",284,233,27.4287682949105,36.5714243834292,9.14265608851868,20605,1.53037086481837e-13,"PCD_C2 higher predicted IC50 than PCD_C1 (greater predicted resistance in PCD_C2)",2.33087254795414e-12,TRUE,TRUE
"Sinularin_1838","Sinularin","1838",284,233,34.4253767981833,36.9502326649961,2.52485586681281,29246,0.0231007457316282,"PCD_C2 higher predicted IC50 than PCD_C1 (greater predicted resistance in PCD_C2)",0.0439802659121384,TRUE,TRUE
"LY2109761_1852","LY2109761","1852",284,233,165.398182841775,180.753365134938,15.3551822931638,29071,0.0175342747886331,"PCD_C2 higher predicted IC50 than PCD_C1 (greater predicted resistance in PCD_C2)",0.0347178640814935,TRUE,TRUE
"OF-1_1853","OF-1","1853",284,233,64.9749527033787,53.0414233191231,-11.9335293842556,42209,6.75298722431898e-08,"PCD_C2 lower predicted IC50 than PCD_C1 (greater predicted sensitivity in PCD_C2)",3.18355112003609e-07,TRUE,TRUE
"MG-132_1862","MG-132","1862",284,233,0.180550050267731,0.221636508805296,0.0410864585375649,20029,1.11589718596839e-14,"PCD_C2 higher predicted IC50 than PCD_C1 (greater predicted resistance in PCD_C2)",2.45497380913046e-13,TRUE,TRUE
"AZD8186_1918","AZD8186","1918",284,233,22.782859231558,29.5326482988334,6.74978906727542,23737,3.17789261731414e-08,"PCD_C2 higher predicted IC50 than PCD_C1 (greater predicted resistance in PCD_C2)",1.65584931112684e-07,TRUE,TRUE
"Cediranib_1922","Cediranib","1922",284,233,8.03180657893007,9.00645267967719,0.974646100747121,27171,0.000466122434659242,"PCD_C2 higher predicted IC50 than PCD_C1 (greater predicted resistance in PCD_C2)",0.00126427728852781,TRUE,TRUE
"GDC0810_1925","GDC0810","1925",284,233,150.219650260918,123.478266471391,-26.741383789527,43195,2.21743266712413e-09,"PCD_C2 lower predicted IC50 than PCD_C1 (greater predicted sensitivity in PCD_C2)",1.41629570351799e-08,TRUE,TRUE
"Savolitinib_1936","Savolitinib","1936",284,233,14.1949870327339,13.0123153518799,-1.18267168085402,37828,0.00502445286260221,"PCD_C2 lower predicted IC50 than PCD_C1 (greater predicted sensitivity in PCD_C2)",0.0110537962977249,TRUE,TRUE
"BPD-00008900_1998","BPD-00008900","1998",284,233,86.5189763397334,94.6915473579528,8.17257101821941,28968,0.014840339091026,"PCD_C2 higher predicted IC50 than PCD_C1 (greater predicted resistance in PCD_C2)",0.0302926509280737,TRUE,TRUE
"Foretinib_2040","Foretinib","2040",284,233,2.40542899468444,2.73200298365409,0.32657398896965,27893,0.00212408588024538,"PCD_C2 higher predicted IC50 than PCD_C1 (greater predicted resistance in PCD_C2)",0.00512889029620225,TRUE,TRUE
"AMG-319_2045","AMG-319","2045",284,233,115.521992371196,141.966391262955,26.4443988917595,22787,1.10509313236302e-09,"PCD_C2 higher predicted IC50 than PCD_C1 (greater predicted resistance in PCD_C2)",7.57306965581722e-09,TRUE,TRUE
"Vinorelbine_2048","Vinorelbine","2048",284,233,0.0498810902146723,0.0375779880653509,-0.0123031021493214,37575,0.00791284493927959,"PCD_C2 lower predicted IC50 than PCD_C1 (greater predicted sensitivity in PCD_C2)",0.0168467021287888,TRUE,TRUE
"Uprosertib_2106","Uprosertib","2106",284,233,16.4694717183113,14.1562282701284,-2.31324344818291,37245,0.0138739302497764,"PCD_C2 lower predicted IC50 than PCD_C1 (greater predicted sensitivity in PCD_C2)",0.0286149811401638,TRUE,TRUE
"AZD6482_2169","AZD6482","2169",284,233,22.7318912301652,25.6248890604908,2.89299783032562,23690,2.71089316126103e-08,"PCD_C2 higher predicted IC50 than PCD_C1 (greater predicted resistance in PCD_C2)",1.45069417818833e-07,TRUE,TRUE
"BMS-754807_2171","BMS-754807","2171",284,233,0.998270273223124,2.00030139718947,1.00203112396634,17522,3.30257631317343e-20,"PCD_C2 higher predicted IC50 than PCD_C1 (greater predicted resistance in PCD_C2)",2.04865266738093e-18,TRUE,TRUE
"JQ1_2172","JQ1","2172",284,233,8.42839362691089,13.5738115706873,5.14541794377641,19790,3.64081599038766e-15,"PCD_C2 higher predicted IC50 than PCD_C1 (greater predicted resistance in PCD_C2)",9.01101957620945e-14,TRUE,TRUE
