"analysis_component","status"
"oncoPredict installation","Completed"
"GDSC2 expression validation","Completed"
"GDSC2 response validation","Completed"
"GDSC2 TCGA-LUAD prediction","Completed"
"MPCDS association analysis","Completed"
"PCD subtype association analysis","Completed"
"PRISM cross-platform comparison","Completed"
"Cross-platform drug replication","No replicated GDSC2-FDR plus PRISM-nominal signal"
"Clinical treatment-response validation","Not performed - no treated clinical response cohort"
