"item","status"
"TIDE technical execution","Completed"
"Full TCGA-LUAD cohort","Completed"
"PCD subtype comparison","Completed"
"MPCDS association","Completed"
"TIDE component analysis","Completed"
"Independent CD274 integration","Completed"
"Independent mutation burden integration","Completed"
"Independent MANTIS integration","Completed"
"IPS feasibility assessment","Completed - external IPS data unavailable locally"
"Clinical-response validation","Not performed - no ICI-treated clinical cohort"
