"topic","conclusion"
"Overall TIDE feasibility","TIDE analysis was technically feasible and completed for 517 TCGA-LUAD patients."
"PCD subtype overall TIDE","PCD_C1 and PCD_C2 did not differ significantly in overall continuous TIDE score."
"PCD subtype predicted responder","PCD_C1 and PCD_C2 did not differ significantly in TIDE-predicted responder frequency."
"PCD subtype immune contexture","The subtypes showed distinct TIDE-derived immune contexture profiles despite similar overall TIDE scores."
"MPCDS and TIDE","Higher MPCDS was associated with higher TIDE score, indicating a less favorable in silico TIDE profile."
"MPCDS and immune exclusion","The MPCDS association was strongest for TIDE-derived MDSC and immune-exclusion components."
"Independent CD274","Overall TIDE was not significantly associated with independently extracted CD274 expression."
"Independent mutation burden","Overall TIDE showed a weak positive association with nonsynonymous mutation burden."
"Independent MANTIS","Overall TIDE was not significantly associated with continuous MANTIS score."
"IPS feasibility","No local IPS dataset was available; direct IPS analysis would require external Cancer Immunome Atlas access."
"Clinical interpretation","All TIDE findings are exploratory in silico immunotherapy-response surrogates and do not constitute clinical treatment-response validation."
