"figure_number","extension","source_file","destination_file","copied","destination_exists","destination_size_bytes"
"S13","png","05_figures/mpcds/immunotherapy_indicators/Figure_S13_LUAD_immunotherapy_related_indicators.png","05_figures/manuscript/supplementary/Figure_S13_LUAD_immunotherapy_related_indicators.png",TRUE,TRUE,1412833
"S13","pdf","05_figures/mpcds/immunotherapy_indicators/Figure_S13_LUAD_immunotherapy_related_indicators.pdf","05_figures/manuscript/supplementary/Figure_S13_LUAD_immunotherapy_related_indicators.pdf",TRUE,TRUE,184784
"S14","png","05_figures/mpcds/immunotherapy_indicators/Figure_S14_LUAD_TIDE_immunotherapy_surrogate.png","05_figures/manuscript/supplementary/Figure_S14_LUAD_TIDE_immunotherapy_surrogate.png",TRUE,TRUE,87554
"S14","pdf","05_figures/mpcds/immunotherapy_indicators/Figure_S14_LUAD_TIDE_immunotherapy_surrogate.pdf","05_figures/manuscript/supplementary/Figure_S14_LUAD_TIDE_immunotherapy_surrogate.pdf",TRUE,TRUE,66987
"S15","png","05_figures/mpcds/drug_sensitivity/Figure_S15_LUAD_GDSC2_oncoPredict_drug_sensitivity.png","05_figures/manuscript/supplementary/Figure_S15_LUAD_GDSC2_oncoPredict_drug_sensitivity.png",TRUE,TRUE,501257
"S15","pdf","05_figures/mpcds/drug_sensitivity/Figure_S15_LUAD_GDSC2_oncoPredict_drug_sensitivity.pdf","05_figures/manuscript/supplementary/Figure_S15_LUAD_GDSC2_oncoPredict_drug_sensitivity.pdf",TRUE,TRUE,32087
"S16","png","05_figures/mpcds/lasso_70_30_sensitivity/Figure_S16_LUAD_LASSO_70_30_sensitivity.png","05_figures/manuscript/supplementary/Figure_S16_LUAD_LASSO_70_30_sensitivity.png",TRUE,TRUE,216870
"S16","pdf","05_figures/mpcds/lasso_70_30_sensitivity/Figure_S16_LUAD_LASSO_70_30_sensitivity.pdf","05_figures/manuscript/supplementary/Figure_S16_LUAD_LASSO_70_30_sensitivity.pdf",TRUE,TRUE,6437
"S17","png","05_figures/final/Figure_S17_TCGA_LUAD_multimethod_immune_replication.png","05_figures/manuscript/supplementary/Figure_S17_TCGA_LUAD_multimethod_immune_replication.png",TRUE,TRUE,376675
"S17","pdf","05_figures/final/Figure_S17_TCGA_LUAD_multimethod_immune_replication.pdf","05_figures/manuscript/supplementary/Figure_S17_TCGA_LUAD_multimethod_immune_replication.pdf",TRUE,TRUE,9142
