"file","extension","size_bytes"
"04_results/clustering/GSE68465_external_PCD_mechanism_scores.csv","csv",129427
"04_results/clustering/GSE68465_external_PCD_mechanism_tests.csv","csv",699
"04_results/clustering/GSE68465_external_PCD_subtype_assignments.csv","csv",34729
"04_results/clustering/GSE68465_external_subtype_PH_diagnostics.csv","csv",603
"04_results/clustering/GSE68465_external_subtype_silhouette.csv","csv",18481
"04_results/clustering/GSE68465_external_subtype_survival_summary.csv","csv",351
"04_results/clustering/GSE68465_external_subtype_time_specific_HR_adjusted.csv","csv",284
"04_results/clustering/GSE68465_external_subtype_time_specific_HR_unadjusted.csv","csv",283
"04_results/clustering/GSE68465_external_subtype_timevarying_summary.csv","csv",323
"04_results/clustering/GSE68465_external_subtype_validation_summary.csv","csv",469
"04_results/clustering/GSE68465_heldout_PCD_mechanism_scores.csv","csv",129404
"04_results/clustering/GSE68465_heldout_PCD_mechanism_tests.csv","csv",703
"04_results/clustering/GSE68465_PCD_mechanism_gene_coverage.csv","csv",222
"04_results/clustering/GSE68465_TCGA_LUAD_heldout_PCD_gene_counts.csv","csv",306
"04_results/clustering/GSE68465_TCGA_LUAD_heldout_PCD_mechanism_concordance.csv","csv",1561
"04_results/clustering/GSE68465_TCGA_LUAD_PCD_mechanism_concordance.csv","csv",1539
"04_results/clustering/GSE73403_external_PCD_mechanism_scores.csv","csv",20209
"04_results/clustering/GSE73403_external_PCD_mechanism_tests.csv","csv",671
"04_results/clustering/GSE73403_external_PCD_subtype_assignments.csv","csv",5485
"04_results/clustering/GSE73403_external_subtype_final_summary.csv","csv",842
"04_results/clustering/GSE73403_external_subtype_silhouette.csv","csv",2924
"04_results/clustering/GSE73403_external_subtype_survival_summary.csv","csv",608
"04_results/clustering/GSE73403_external_subtype_validation_summary.csv","csv",363
"04_results/clustering/GSE73403_heldout_PCD_mechanism_scores.csv","csv",20181
"04_results/clustering/GSE73403_heldout_PCD_mechanism_tests.csv","csv",679
"04_results/clustering/GSE73403_PCD_mechanism_gene_coverage.csv","csv",224
"04_results/clustering/GSE73403_TCGA_LUSC_heldout_PCD_gene_counts.csv","csv",306
"04_results/clustering/GSE73403_TCGA_LUSC_heldout_PCD_mechanism_concordance.csv","csv",1553
"04_results/clustering/GSE73403_TCGA_LUSC_PCD_mechanism_concordance.csv","csv",1519
"04_results/clustering/LUAD_consensus/consensus001.png","png",3128
"04_results/clustering/LUAD_consensus/consensus002.png","png",11213
"04_results/clustering/LUAD_consensus/consensus003.png","png",14062
"04_results/clustering/LUAD_consensus/consensus004.png","png",14819
"04_results/clustering/LUAD_consensus/consensus005.png","png",14885
"04_results/clustering/LUAD_consensus/consensus006.png","png",14978
"04_results/clustering/LUAD_consensus/consensus007.png","png",5623
"04_results/clustering/LUAD_consensus/consensus008.png","png",4062
"04_results/clustering/LUAD_consensus/consensus009.png","png",2979
"04_results/clustering/LUSC_consensus/consensus001.png","png",3128
"04_results/clustering/LUSC_consensus/consensus002.png","png",9068
"04_results/clustering/LUSC_consensus/consensus003.png","png",12896
"04_results/clustering/LUSC_consensus/consensus004.png","png",13724
"04_results/clustering/LUSC_consensus/consensus005.png","png",14584
"04_results/clustering/LUSC_consensus/consensus006.png","png",14365
"04_results/clustering/LUSC_consensus/consensus007.png","png",5577
"04_results/clustering/LUSC_consensus/consensus008.png","png",4025
"04_results/clustering/LUSC_consensus/consensus009.png","png",3197
"04_results/clustering/TCGA_LUAD_46gene_external_projection_centroids_GSE68465.csv","csv",2133
"04_results/clustering/TCGA_LUAD_heldout_PCD_mechanism_scores.csv","csv",196871
"04_results/clustering/TCGA_LUAD_heldout_PCD_mechanism_tests.csv","csv",692
"04_results/clustering/TCGA_LUAD_PCD_cluster_assignments.csv","csv",12953
"04_results/clustering/TCGA_LUAD_PCD_mechanism_cluster_tests.csv","csv",616
"04_results/clustering/TCGA_LUAD_PCD_mechanism_scores.csv","csv",155593
"04_results/clustering/TCGA_LUSC_46gene_external_projection_centroids.csv","csv",2156
"04_results/clustering/TCGA_LUSC_heldout_PCD_mechanism_scores.csv","csv",190827
"04_results/clustering/TCGA_LUSC_heldout_PCD_mechanism_tests.csv","csv",697
"04_results/clustering/TCGA_LUSC_PCD_cluster_assignments.csv","csv",12553
"04_results/clustering/TCGA_LUSC_PCD_mechanism_cluster_tests.csv","csv",614
"04_results/clustering/TCGA_LUSC_PCD_mechanism_scores.csv","csv",150854
"04_results/cnv/TCGA_LUAD_CNV_burden_summary.csv","csv",308
"04_results/cnv/TCGA_LUAD_CNV_cluster_tests.csv","csv",204
"04_results/cnv/TCGA_LUAD_continuous_CNV_burden.csv","csv",57390
"04_results/cnv/TCGA_LUAD_selected_CNV_profiles.csv","csv",135414
"04_results/cnv/TCGA_LUSC_CNV_burden_summary.csv","csv",306
"04_results/cnv/TCGA_LUSC_CNV_cluster_tests.csv","csv",204
"04_results/cnv/TCGA_LUSC_continuous_CNV_burden.csv","csv",55399
"04_results/cnv/TCGA_LUSC_selected_CNV_profiles.csv","csv",131503
"04_results/differential_expression/TCGA_concordant_PCD_candidates_LUAD_LUSC.csv","csv",6680
"04_results/differential_expression/TCGA_concordant_PCD_candidates_summary_by_type.csv","csv",113
"04_results/differential_expression/TCGA_LUAD_DESeq2_all_genes.csv","csv",5841569
"04_results/differential_expression/TCGA_LUAD_PCD_DE_summary_by_type.csv","csv",153
"04_results/differential_expression/TCGA_LUAD_PCD_DESeq2_all_tested.csv","csv",71615
"04_results/differential_expression/TCGA_LUAD_PCD_DESeq2_significant.csv","csv",13131
"04_results/differential_expression/TCGA_LUAD_PCD_genes_filtered_low_expression.csv","csv",349
"04_results/differential_expression/TCGA_LUAD_specific_PCD_genes.csv","csv",1100
"04_results/differential_expression/TCGA_LUAD_vs_LUSC_PCD_DE_comparison.csv","csv",45079
"04_results/differential_expression/TCGA_LUSC_DESeq2_all_genes.csv","csv",6056869
"04_results/differential_expression/TCGA_LUSC_PCD_DE_summary_by_type.csv","csv",154
"04_results/differential_expression/TCGA_LUSC_PCD_DESeq2_all_tested.csv","csv",71207
"04_results/differential_expression/TCGA_LUSC_PCD_DESeq2_significant.csv","csv",21956
"04_results/differential_expression/TCGA_LUSC_PCD_genes_filtered_low_expression.csv","csv",349
"04_results/differential_expression/TCGA_LUSC_specific_PCD_genes.csv","csv",6420
"04_results/differential_expression/TCGA_opposite_direction_PCD_candidates.csv","csv",551
"04_results/drug_sensitivity/DepMap_PRISM_input_file_metadata.csv","csv",362
"04_results/drug_sensitivity/DepMap_PRISM_MPCDS_all_drug_associations.csv","csv",405958
"04_results/drug_sensitivity/DepMap_PRISM_MPCDS_analysis_summary.csv","csv",734
"04_results/drug_sensitivity/DepMap_PRISM_MPCDS_nominal_p_lt_0.001.csv","csv",1605
"04_results/drug_sensitivity/DepMap_PRISM_MPCDS_nominal_p_lt_0.05.csv","csv",33900
"04_results/drug_sensitivity/DepMap_PRISM_top_20_resistance_associations.csv","csv",4181
"04_results/drug_sensitivity/DepMap_PRISM_top_20_sensitivity_associations.csv","csv",4172
"04_results/drug_sensitivity/DepMap_PRISM_untestable_constant_AUC_drugs.csv","csv",369
"04_results/drug_sensitivity/GDSC2/DepMap_PRISM_ambiguous_normalized_drug_names.csv","csv",1386
"04_results/drug_sensitivity/GDSC2/TCGA_LUAD_GDSC2_ambiguous_normalized_drug_names.csv","csv",2663
"04_results/drug_sensitivity/GDSC2/TCGA_LUAD_GDSC2_final_analysis_summary.csv","csv",714
"04_results/drug_sensitivity/GDSC2/TCGA_LUAD_GDSC2_interpretation_summary.csv","csv",1091
"04_results/drug_sensitivity/GDSC2/TCGA_LUAD_GDSC2_MPCDS_all_drug_associations.csv","csv",38498
"04_results/drug_sensitivity/GDSC2/TCGA_LUAD_GDSC2_MPCDS_direction_summary.csv","csv",216
"04_results/drug_sensitivity/GDSC2/TCGA_LUAD_GDSC2_MPCDS_FDR_significant.csv","csv",21536
"04_results/drug_sensitivity/GDSC2/TCGA_LUAD_GDSC2_MPCDS_nominal_p_lt_0.05.csv","csv",23272
"04_results/drug_sensitivity/GDSC2/TCGA_LUAD_GDSC2_PCD_subtype_all_drug_associations.csv","csv",47175
"04_results/drug_sensitivity/GDSC2/TCGA_LUAD_GDSC2_PCD_subtype_direction_summary.csv","csv",194
"04_results/drug_sensitivity/GDSC2/TCGA_LUAD_GDSC2_PCD_subtype_FDR_significant.csv","csv",24922
"04_results/drug_sensitivity/GDSC2/TCGA_LUAD_GDSC2_PCD_subtype_nominal_p_lt_0.05.csv","csv",26330
"04_results/drug_sensitivity/GDSC2/TCGA_LUAD_GDSC2_PRISM_MPCDS_all_strict_name_matches.csv","csv",14065
"04_results/drug_sensitivity/GDSC2/TCGA_LUAD_GDSC2_PRISM_MPCDS_cross_platform_summary.csv","csv",209
"04_results/drug_sensitivity/GDSC2/TCGA_LUAD_GDSC2_PRISM_MPCDS_cross_platform_testable_drugs.csv","csv",21521
"04_results/drug_sensitivity/GDSC2/TCGA_LUAD_GDSC2_PRISM_MPCDS_directionally_supported_drugs.csv","csv",339
"04_results/drug_sensitivity/GDSC2/TCGA_LUAD_GDSC2_PRISM_MPCDS_discordant_drugs.csv","csv",339
"04_results/drug_sensitivity/GDSC2/TCGA_LUAD_GDSC2_PRISM_MPCDS_non_testable_matched_drugs.csv","csv",324
"04_results/drug_sensitivity/GDSC2/TCGA_LUAD_GDSC2_top20_MPCDS_associations.csv","csv",4032
"04_results/drug_sensitivity/GDSC2/TCGA_LUAD_GDSC2_top20_PCD_subtype_associations.csv","csv",4964
"04_results/drug_sensitivity/GDSC2/TCGA_LUAD_Script32_analysis_audit.csv","csv",543
"04_results/enrichment/TCGA_LUAD_Hallmark_GSEA.csv","csv",26650
"04_results/enrichment/TCGA_LUAD_Hallmark_GSEA_significant.csv","csv",22937
"04_results/enrichment/TCGA_LUAD_LUSC_Hallmark_cross_cohort.csv","csv",6715
"04_results/enrichment/TCGA_LUAD_LUSC_Hallmark_robust_pathways.csv","csv",5099
"04_results/enrichment/TCGA_LUAD_PCD_cluster_full_DE.csv","csv",9117441
"04_results/enrichment/TCGA_LUAD_PCD_cluster_significant_DE.csv","csv",595685
"04_results/enrichment/TCGA_LUSC_Hallmark_GSEA.csv","csv",24658
"04_results/enrichment/TCGA_LUSC_Hallmark_GSEA_significant.csv","csv",21174
"04_results/enrichment/TCGA_LUSC_PCD_cluster_full_DE.csv","csv",9534738
"04_results/enrichment/TCGA_LUSC_PCD_cluster_significant_DE.csv","csv",1013241
"04_results/final_summary/Final_figure_manifest.csv","csv",1456
"04_results/final_summary/Final_table_manifest.csv","csv",969
"04_results/final_summary/Final_thesis_results_narrative.txt","txt",2086
"04_results/final_summary/Script35_integrative_visualization_manifest.csv","csv",873
"04_results/final_summary/Script36_Cox_sequence_audit.csv","csv",136
"04_results/final_summary/Script36_dataset_method_substitution_register.csv","csv",952
"04_results/final_summary/Script36_figure_inventory.csv","csv",35926
"04_results/final_summary/Script36_final_action_register.csv","csv",1216
"04_results/final_summary/Script36_final_project_status.csv","csv",283
"04_results/final_summary/Script36_implementation_classification.csv","csv",1198
"04_results/final_summary/Script36_manuscript_inventory.csv","csv",414
"04_results/final_summary/Script36_methodological_deviation_audit.csv","csv",950
"04_results/final_summary/Script36_objective_completion_audit.csv","csv",414
"04_results/final_summary/Script36_proposal_method_component_audit.csv","csv",1582
"04_results/final_summary/Script36_proposal_specific_gap_audit.csv","csv",2153
"04_results/final_summary/Script36_result_file_inventory.csv","csv",30394
"04_results/final_summary/Script36_scientific_analysis_completion_summary.csv","csv",766
"04_results/final_summary/Script36_script_inventory.csv","csv",3316
"04_results/final_summary/Script36_strict_proposal_component_audit.csv","csv",7751
"04_results/final_summary/Script36_supplementary_figure_sync_audit.csv","csv",315
"04_results/final_summary/Script36_supplementary_format_gaps.csv","csv",148
"04_results/final_summary/Script36_supplementary_postsync_audit.csv","csv",368
"04_results/final_summary/Script36_supplementary_sync_copy_log.csv","csv",2191
"04_results/final_summary/Script36_supplementary_sync_source_audit.csv","csv",1681
"04_results/final_summary/Script36_table_inventory.csv","csv",1189
"04_results/final_summary/TCGA_LUAD_47gene_PCD_subtype_PCA_loadings.csv","csv",4863
"04_results/final_summary/TCGA_LUAD_47gene_PCD_subtype_PCA_scores.csv","csv",40577
"04_results/final_summary/TCGA_LUAD_47gene_PCD_subtype_PCA_variance.csv","csv",2017
"04_results/final_summary/TCGA_LUAD_AJCC_stage_harmonization_audit.csv","csv",245
"04_results/final_summary/TCGA_LUAD_integrative_visualization_core_patients.csv","csv",39973
"04_results/final_summary/TCGA_LUAD_integrative_visualization_with_stage.csv","csv",51046
"04_results/final_summary/TCGA_LUAD_Sankey_axis_summary.csv","csv",402
"04_results/final_summary/TCGA_LUAD_Sankey_complete_case_patients.csv","csv",50365
"04_results/final_summary/TCGA_LUAD_Sankey_flow_summary.csv","csv",1209
"04_results/final_summary/TCGA_LUAD_Sankey_three_way_flow_counts.csv","csv",636
"04_results/final_summary/Thesis_headline_results.csv","csv",2264
"04_results/immune/additional_deconvolution_sensitivity/TCGA_LUAD_additional_immune_deconvolution_package_inventory.csv","csv",385
"04_results/immune/additional_deconvolution_sensitivity/TCGA_LUAD_additional_immune_deconvolution_resource_inventory.csv","csv",270
"04_results/immune/additional_deconvolution_sensitivity/TCGA_LUAD_CIBERSORT_LM22_cell_fraction_summary.csv","csv",2941
"04_results/immune/additional_deconvolution_sensitivity/TCGA_LUAD_CIBERSORT_LM22_diagnostic_summary.csv","csv",294
"04_results/immune/additional_deconvolution_sensitivity/TCGA_LUAD_CIBERSORT_LM22_full_scores.csv","csv",186097
"04_results/immune/additional_deconvolution_sensitivity/TCGA_LUAD_CIBERSORT_LM22_method_audit.csv","csv",410
"04_results/immune/additional_deconvolution_sensitivity/TCGA_LUAD_CIBERSORT_LM22_patient_diagnostics.csv","csv",34581
"04_results/immune/additional_deconvolution_sensitivity/TCGA_LUAD_CIBERSORT_permutation_diagnostic_comparison.csv","csv",1149
"04_results/immune/additional_deconvolution_sensitivity/TCGA_LUAD_CIBERSORT_permutation_runtime_comparison.csv","csv",98
"04_results/immune/additional_deconvolution_sensitivity/TCGA_LUAD_CIBERSORT_permutation_TIMER_technical_audit.csv","csv",206
"04_results/immune/additional_deconvolution_sensitivity/TCGA_LUAD_crossmethod_approximate_mapping_sensitivity.csv","csv",570
"04_results/immune/additional_deconvolution_sensitivity/TCGA_LUAD_crossmethod_final_figure_data.csv","csv",8546
"04_results/immune/additional_deconvolution_sensitivity/TCGA_LUAD_crossmethod_final_immune_summary.csv","csv",2672
"04_results/immune/additional_deconvolution_sensitivity/TCGA_LUAD_crossmethod_manual_biological_mapping.csv","csv",2987
"04_results/immune/additional_deconvolution_sensitivity/TCGA_LUAD_crossmethod_mapping_audit_summary.csv","csv",245
"04_results/immune/additional_deconvolution_sensitivity/TCGA_LUAD_crossmethod_mapping_with_associations.csv","csv",10089
"04_results/immune/additional_deconvolution_sensitivity/TCGA_LUAD_crossmethod_MCPcounter_support.csv","csv",1221
"04_results/immune/additional_deconvolution_sensitivity/TCGA_LUAD_crossmethod_MPCDS_replicated_FDR05.csv","csv",1026
"04_results/immune/additional_deconvolution_sensitivity/TCGA_LUAD_crossmethod_MPCDS_replication_evidence.csv","csv",1684
"04_results/immune/additional_deconvolution_sensitivity/TCGA_LUAD_crossmethod_population_mapping_coverage.csv","csv",1141
"04_results/immune/additional_deconvolution_sensitivity/TCGA_LUAD_crossmethod_replication_audit.csv","csv",427
"04_results/immune/additional_deconvolution_sensitivity/TCGA_LUAD_crossmethod_strict_replication_summary.csv","csv",2439
"04_results/immune/additional_deconvolution_sensitivity/TCGA_LUAD_crossmethod_strict_replication_with_MCPcounter.csv","csv",3324
"04_results/immune/additional_deconvolution_sensitivity/TCGA_LUAD_crossmethod_subtype_replicated_FDR05.csv","csv",1251
"04_results/immune/additional_deconvolution_sensitivity/TCGA_LUAD_crossmethod_subtype_replication_evidence.csv","csv",2274
"04_results/immune/additional_deconvolution_sensitivity/TCGA_LUAD_EPIC_full_scores.csv","csv",93788
"04_results/immune/additional_deconvolution_sensitivity/TCGA_LUAD_full_deconvolution_method_audit.csv","csv",190
"04_results/immune/additional_deconvolution_sensitivity/TCGA_LUAD_full_deconvolution_method_dimensions.csv","csv",124
"04_results/immune/additional_deconvolution_sensitivity/TCGA_LUAD_full_deconvolution_numerical_QC.csv","csv",233
"04_results/immune/additional_deconvolution_sensitivity/TCGA_LUAD_IOBR_method_capability_audit.csv","csv",383
"04_results/immune/additional_deconvolution_sensitivity/TCGA_LUAD_MCPcounter_crossmethod_mapping_audit.csv","csv",990
"04_results/immune/additional_deconvolution_sensitivity/TCGA_LUAD_multimethod_immune_feature_inventory.csv","csv",3623
"04_results/immune/additional_deconvolution_sensitivity/TCGA_LUAD_multimethod_immune_feature_QC.csv","csv",10236
"04_results/immune/additional_deconvolution_sensitivity/TCGA_LUAD_multimethod_MPCDS_BH_denominators.csv","csv",127
"04_results/immune/additional_deconvolution_sensitivity/TCGA_LUAD_multimethod_MPCDS_immune_associations.csv","csv",17982
"04_results/immune/additional_deconvolution_sensitivity/TCGA_LUAD_multimethod_MPCDS_immune_FDR05.csv","csv",6247
"04_results/immune/additional_deconvolution_sensitivity/TCGA_LUAD_multimethod_MPCDS_method_summary.csv","csv",164
"04_results/immune/additional_deconvolution_sensitivity/TCGA_LUAD_multimethod_MPCDS_top10_per_method.csv","csv",7956
"04_results/immune/additional_deconvolution_sensitivity/TCGA_LUAD_multimethod_patient_set_audit.csv","csv",107
"04_results/immune/additional_deconvolution_sensitivity/TCGA_LUAD_multimethod_PCD_subtype_BH_denominators.csv","csv",127
"04_results/immune/additional_deconvolution_sensitivity/TCGA_LUAD_multimethod_PCD_subtype_immune_associations.csv","csv",29074
"04_results/immune/additional_deconvolution_sensitivity/TCGA_LUAD_multimethod_PCD_subtype_immune_FDR05.csv","csv",12023
"04_results/immune/additional_deconvolution_sensitivity/TCGA_LUAD_multimethod_PCD_subtype_method_summary.csv","csv",164
"04_results/immune/additional_deconvolution_sensitivity/TCGA_LUAD_multimethod_PCD_subtype_top10_per_method.csv","csv",11760
"04_results/immune/additional_deconvolution_sensitivity/TCGA_LUAD_multimethod_table_dimensions.csv","csv",148
"04_results/immune/additional_deconvolution_sensitivity/TCGA_LUAD_quanTIseq_full_scores.csv","csv",96569
"04_results/immune/additional_deconvolution_sensitivity/TCGA_LUAD_subtype_MPCDS_immune_direction_audit.csv","csv",13512
"04_results/immune/additional_deconvolution_sensitivity/TCGA_LUAD_TIMER_corrected_technical_audit.csv","csv",146
"04_results/immune/additional_deconvolution_sensitivity/TCGA_LUAD_TIMER_full_scores.csv","csv",66311
"04_results/immune/additional_deconvolution_sensitivity/TCGA_LUAD_xCell_full_scores.csv","csv",460584
"04_results/immune/additional_deconvolution_sensitivity/TCGA_LUAD_xCell2_IOBR_installation_audit.csv","csv",113
"04_results/immune/estimate_temp/LUAD_estimate_common_genes.gct","gct",83921296
"04_results/immune/estimate_temp/LUAD_estimate_expression.txt","txt",321857291
"04_results/immune/estimate_temp/LUAD_estimate_input.gct","gct",322382745
"04_results/immune/estimate_temp/LUAD_estimate_scores.gct","gct",34281
"04_results/immune/estimate_temp/LUSC_estimate_common_genes.gct","gct",81804056
"04_results/immune/estimate_temp/LUSC_estimate_expression.txt","txt",319635101
"04_results/immune/estimate_temp/LUSC_estimate_input.gct","gct",320160523
"04_results/immune/estimate_temp/LUSC_estimate_scores.gct","gct",33452
"04_results/immune/TCGA_LUAD_ESTIMATE_cluster_tests.csv","csv",398
"04_results/immune/TCGA_LUAD_ESTIMATE_scores.csv","csv",39411
"04_results/immune/TCGA_LUAD_LUSC_MCPcounter_cross_cohort.csv","csv",2143
"04_results/immune/TCGA_LUAD_LUSC_MCPcounter_robust_populations.csv","csv",1566
"04_results/immune/TCGA_LUAD_MCPcounter_cluster_tests.csv","csv",1177
"04_results/immune/TCGA_LUAD_MCPcounter_scores.csv","csv",101158
"04_results/immune/TCGA_LUSC_ESTIMATE_cluster_tests.csv","csv",395
"04_results/immune/TCGA_LUSC_ESTIMATE_scores.csv","csv",38422
"04_results/immune/TCGA_LUSC_MCPcounter_cluster_tests.csv","csv",1188
"04_results/immune/TCGA_LUSC_MCPcounter_scores.csv","csv",98028
"04_results/immunotherapy/TCGA_LUAD_MPCDS_significant_TIDE_components.csv","csv",553
"04_results/immunotherapy/TCGA_LUAD_MPCDS_TIDE_component_correlations.csv","csv",825
"04_results/immunotherapy/TCGA_LUAD_MPCDS_TIDE_final_summary.csv","csv",120
"04_results/immunotherapy/TCGA_LUAD_PCD_subtype_CTL_flag_counts.csv","csv",113
"04_results/immunotherapy/TCGA_LUAD_PCD_subtype_no_benefits_counts.csv","csv",116
"04_results/immunotherapy/TCGA_LUAD_PCD_subtype_significant_TIDE_components.csv","csv",1966
"04_results/immunotherapy/TCGA_LUAD_PCD_subtype_TIDE_component_comparisons.csv","csv",2352
"04_results/immunotherapy/TCGA_LUAD_Script31_analysis_audit.csv","csv",513
"04_results/immunotherapy/TCGA_LUAD_TIDE_independent_indicator_correlations.csv","csv",451
"04_results/immunotherapy/TCGA_LUAD_TIDE_IPS_feasibility.csv","csv",308
"04_results/immunotherapy/TCGA_LUAD_TIDE_IPS_interpretation_summary.csv","csv",1387
"04_results/immunotherapy/TCGA_LUAD_TIDE_overall_summary.csv","csv",274
"04_results/immunotherapy/TCGA_LUAD_TIDE_PCD_subtype_final_summary.csv","csv",456
"04_results/immunotherapy/TCGA_LUAD_TIDE_with_independent_CD274.csv","csv",134143
"04_results/immunotherapy/TCGA_LUAD_TIDE_with_MANTIS.csv","csv",127536
"04_results/immunotherapy/TCGA_LUAD_TIDE_with_MPCDS.csv","csv",127202
"04_results/immunotherapy/TCGA_LUAD_TIDE_with_nonsynonymous_mutation_burden.csv","csv",129021
"04_results/immunotherapy/TCGA_LUAD_TIDE_with_PCD_subtype.csv","csv",126258
"04_results/methylation/TCGA_DMP_summary.csv","csv",111
"04_results/methylation/TCGA_LUAD_full_differential_methylation.rds","rds",30362430
"04_results/methylation/TCGA_LUAD_LUSC_concordant_DMPs.csv","csv",266940
"04_results/methylation/TCGA_LUAD_LUSC_shared_DMPs.csv","csv",349606
"04_results/methylation/TCGA_LUAD_selected_HM450_samples.csv","csv",135755
"04_results/methylation/TCGA_LUAD_significant_DMPs.csv","csv",2882111
"04_results/methylation/TCGA_LUSC_full_differential_methylation.rds","rds",29816160
"04_results/methylation/TCGA_LUSC_selected_HM450_samples.csv","csv",110127
"04_results/methylation/TCGA_LUSC_significant_DMPs.csv","csv",3777396
"04_results/mpcds/decision_curve_analysis/TCGA_LUAD_DCA_1year_raw.csv","csv",23603
"04_results/mpcds/decision_curve_analysis/TCGA_LUAD_DCA_3year_raw.csv","csv",26479
"04_results/mpcds/decision_curve_analysis/TCGA_LUAD_DCA_5year_raw.csv","csv",26453
"04_results/mpcds/decision_curve_analysis/TCGA_LUAD_DCA_calibration_sanity_check.csv","csv",277
"04_results/mpcds/decision_curve_analysis/TCGA_LUAD_DCA_horizon_summary.csv","csv",337
"04_results/mpcds/decision_curve_analysis/TCGA_LUAD_DCA_incremental_net_benefit_summary.csv","csv",768
"04_results/mpcds/decision_curve_analysis/TCGA_LUAD_DCA_nonfinite_estimate_summary.csv","csv",165
"04_results/mpcds/decision_curve_analysis/TCGA_LUAD_DCA_patient_predicted_risks.csv","csv",62203
"04_results/mpcds/decision_curve_analysis/TCGA_LUAD_DCA_threshold_level_comparison.csv","csv",28722
"04_results/mpcds/external_validation/GSE68465_clinical_adjusted_MPCDS_summary.csv","csv",338
"04_results/mpcds/external_validation/GSE68465_clinical_model_coefficients.csv","csv",741
"04_results/mpcds/external_validation/GSE68465_combined_model_coefficients.csv","csv",839
"04_results/mpcds/external_validation/GSE68465_gene_coverage_sensitivity.csv","csv",366
"04_results/mpcds/external_validation/GSE68465_high_vs_low_Cox.csv","csv",181
"04_results/mpcds/external_validation/GSE68465_KM_summary.csv","csv",206
"04_results/mpcds/external_validation/GSE68465_model_comparison.csv","csv",185
"04_results/mpcds/external_validation/GSE68465_MPCDS_patient_scores.csv","csv",58881
"04_results/mpcds/external_validation/GSE68465_PH_diagnostics.csv","csv",1024
"04_results/mpcds/external_validation/GSE68465_primary_validation_summary.csv","csv",509
"04_results/mpcds/external_validation/GSE68465_survival_probabilities.csv","csv",675
"04_results/mpcds/external_validation/GSE68465_time_specific_HR_adjusted.csv","csv",218
"04_results/mpcds/external_validation/GSE68465_time_specific_HR_unadjusted.csv","csv",218
"04_results/mpcds/immunotherapy_indicators/TCGA_LUAD_CD274_subtype_descriptive_statistics.csv","csv",327
"04_results/mpcds/immunotherapy_indicators/TCGA_LUAD_MANTIS_subtype_descriptive_statistics.csv","csv",236
"04_results/mpcds/immunotherapy_indicators/TCGA_LUAD_MPCDS_immunotherapy_indicator_correlations.csv","csv",304
"04_results/mpcds/immunotherapy_indicators/TCGA_LUAD_MSI_class_by_PCD_subtype_descriptive.csv","csv",111
"04_results/mpcds/immunotherapy_indicators/TCGA_LUAD_mutation_burden_subtype_descriptive_statistics.csv","csv",313
"04_results/mpcds/immunotherapy_indicators/TCGA_LUAD_patient_CD274_with_MPCDS.csv","csv",47768
"04_results/mpcds/immunotherapy_indicators/TCGA_LUAD_patient_CD274_with_PCD_subtype.csv","csv",35338
"04_results/mpcds/immunotherapy_indicators/TCGA_LUAD_patient_MANTIS_with_MPCDS.csv","csv",32280
"04_results/mpcds/immunotherapy_indicators/TCGA_LUAD_patient_MANTIS_with_PCD_subtype.csv","csv",19534
"04_results/mpcds/immunotherapy_indicators/TCGA_LUAD_patient_mutation_burden_with_MPCDS.csv","csv",35310
"04_results/mpcds/immunotherapy_indicators/TCGA_LUAD_patient_mutation_burden_with_PCD_subtype.csv","csv",22882
"04_results/mpcds/immunotherapy_indicators/TCGA_LUAD_PCD_subtype_immunotherapy_indicator_comparisons.csv","csv",333
"04_results/mpcds/lasso_70_30_sensitivity/TCGA_LUAD_LASSO_47_gene_training_scaling_parameters.csv","csv",2076
"04_results/mpcds/lasso_70_30_sensitivity/TCGA_LUAD_LASSO_70_30_final_summary.csv","csv",702
"04_results/mpcds/lasso_70_30_sensitivity/TCGA_LUAD_LASSO_70_30_interpretation_summary.csv","csv",1532
"04_results/mpcds/lasso_70_30_sensitivity/TCGA_LUAD_LASSO_70_30_patient_split.csv","csv",19220
"04_results/mpcds/lasso_70_30_sensitivity/TCGA_LUAD_LASSO_all_patient_scores_70_30.csv","csv",52523
"04_results/mpcds/lasso_70_30_sensitivity/TCGA_LUAD_LASSO_apparent_training_summary.csv","csv",209
"04_results/mpcds/lasso_70_30_sensitivity/TCGA_LUAD_LASSO_heldout_continuous_performance.csv","csv",279
"04_results/mpcds/lasso_70_30_sensitivity/TCGA_LUAD_LASSO_heldout_grouped_performance.csv","csv",248
"04_results/mpcds/lasso_70_30_sensitivity/TCGA_LUAD_LASSO_heldout_KM_fit.rds","rds",3844
"04_results/mpcds/lasso_70_30_sensitivity/TCGA_LUAD_LASSO_heldout_PH_diagnostics.csv","csv",123
"04_results/mpcds/lasso_70_30_sensitivity/TCGA_LUAD_LASSO_heldout_risk_group_summary.csv","csv",132
"04_results/mpcds/lasso_70_30_sensitivity/TCGA_LUAD_LASSO_heldout_ROC_horizon_support.csv","csv",149
"04_results/mpcds/lasso_70_30_sensitivity/TCGA_LUAD_LASSO_heldout_test_patient_scores.csv","csv",16441
"04_results/mpcds/lasso_70_30_sensitivity/TCGA_LUAD_LASSO_heldout_time_dependent_AUC.csv","csv",271
"04_results/mpcds/lasso_70_30_sensitivity/TCGA_LUAD_LASSO_heldout_timeROC_object.rds","rds",35522
"04_results/mpcds/lasso_70_30_sensitivity/TCGA_LUAD_LASSO_lambda_1se_all_coefficients.csv","csv",816
"04_results/mpcds/lasso_70_30_sensitivity/TCGA_LUAD_LASSO_lambda_1se_selected_genes.csv","csv",33
"04_results/mpcds/lasso_70_30_sensitivity/TCGA_LUAD_LASSO_lambda_min_all_coefficients.csv","csv",878
"04_results/mpcds/lasso_70_30_sensitivity/TCGA_LUAD_LASSO_lambda_min_selected_genes.csv","csv",161
"04_results/mpcds/lasso_70_30_sensitivity/TCGA_LUAD_LASSO_lambda_summary.csv","csv",169
"04_results/mpcds/lasso_70_30_sensitivity/TCGA_LUAD_LASSO_locked_lambda_min_coefficients.csv","csv",130
"04_results/mpcds/lasso_70_30_sensitivity/TCGA_LUAD_LASSO_pretest_model_lock.csv","csv",579
"04_results/mpcds/lasso_70_30_sensitivity/TCGA_LUAD_LASSO_timeROC_CI_scale_audit.csv","csv",200
"04_results/mpcds/lasso_70_30_sensitivity/TCGA_LUAD_LASSO_training_CV_fold_assignment.csv","csv",9229
"04_results/mpcds/lasso_70_30_sensitivity/TCGA_LUAD_LASSO_training_cv_model.rds","rds",16999
"04_results/mpcds/lasso_70_30_sensitivity/TCGA_LUAD_LASSO_training_patient_scores.csv","csv",36176
"04_results/mpcds/lasso_70_30_sensitivity/TCGA_LUAD_Script33_analysis_audit.csv","csv",851
"04_results/mpcds/TCGA_LUAD_clinical_MPCDS_repeat_summary.csv","csv",1705
"04_results/mpcds/TCGA_LUAD_clinical_MPCDS_repeated_CV.csv","csv",8459
"04_results/mpcds/TCGA_LUAD_MPCDS_high_vs_low_Cox.csv","csv",150
"04_results/mpcds/TCGA_LUAD_MPCDS_incremental_prediction_summary.csv","csv",365
"04_results/mpcds/TCGA_LUAD_MPCDS_KM_summary.csv","csv",259
"04_results/mpcds/TCGA_LUAD_MPCDS_patient_scores.csv","csv",35423
"04_results/mpcds/TCGA_LUAD_MPCDS_PH_diagnostics.csv","csv",222
"04_results/mpcds/TCGA_LUAD_MPCDS_repeat_performance.csv","csv",1204
"04_results/mpcds/TCGA_LUAD_MPCDS_repeated_nested_CV.csv","csv",7620
"04_results/mpcds/TCGA_LUAD_MPCDS_ridge_coefficients.csv","csv",1347
"04_results/mpcds/TCGA_LUAD_MPCDS_stage_stratified_Cox.csv","csv",128
"04_results/mpcds/TCGA_LUAD_MPCDS_time_specific_HR_sensitivity.csv","csv",228
"04_results/mpcds/TCGA_LUSC_MPCDS_repeat_performance.csv","csv",1199
"04_results/mpcds/TCGA_LUSC_MPCDS_repeated_nested_CV.csv","csv",7748
"04_results/mpcds/TCGA_MPCDS_internal_validation_summary.csv","csv",350
"04_results/mpcds/time_dependent_ROC/GSE68465_time_dependent_ROC_horizon_support.csv","csv",191
"04_results/mpcds/time_dependent_ROC/LUAD_MPCDS_time_dependent_ROC_summary.csv","csv",668
"04_results/mpcds/time_dependent_ROC/TCGA_LUAD_time_dependent_ROC_horizon_support.csv","csv",198
"04_results/mutation/TCGA_LUAD_gene_mutation_frequency.csv","csv",577406
"04_results/mutation/TCGA_LUAD_LUSC_shared_significant_mutation_genes.csv","csv",294
"04_results/mutation/TCGA_LUAD_nonsynonymous_mutation_burden.csv","csv",14520
"04_results/mutation/TCGA_LUAD_PCD_cluster_mutation_fisher.csv","csv",1360667
"04_results/mutation/TCGA_LUSC_gene_mutation_frequency.csv","csv",568012
"04_results/mutation/TCGA_LUSC_nonsynonymous_mutation_burden.csv","csv",13972
"04_results/mutation/TCGA_LUSC_PCD_cluster_mutation_fisher.csv","csv",1355703
"04_results/mutation/TCGA_mutation_burden_cluster_tests.csv","csv",102
"04_results/mutation/TCGA_mutation_burden_single_primary_sensitivity.csv","csv",133
"04_results/survival/TCGA_LUAD_FDR_significant_PCD_genes.csv","csv",1378
"04_results/survival/TCGA_LUAD_LUSC_Cox_meta_analysis.csv","csv",21182
"04_results/survival/TCGA_LUAD_univariate_Cox_47_PCD.csv","csv",6824
"04_results/survival/TCGA_LUSC_univariate_Cox_47_PCD.csv","csv",6868
