"figure_number","source_file","basename","extension","size_bytes"
"S13","05_figures/mpcds/immunotherapy_indicators/Figure_S13_LUAD_immunotherapy_related_indicators.pdf","Figure_S13_LUAD_immunotherapy_related_indicators.pdf","pdf",184784
"S13","05_figures/mpcds/immunotherapy_indicators/Figure_S13_LUAD_immunotherapy_related_indicators.png","Figure_S13_LUAD_immunotherapy_related_indicators.png","png",1412833
"S14","05_figures/mpcds/immunotherapy_indicators/Figure_S14_LUAD_TIDE_immunotherapy_surrogate.pdf","Figure_S14_LUAD_TIDE_immunotherapy_surrogate.pdf","pdf",66987
"S14","05_figures/mpcds/immunotherapy_indicators/Figure_S14_LUAD_TIDE_immunotherapy_surrogate.png","Figure_S14_LUAD_TIDE_immunotherapy_surrogate.png","png",87554
"S15","05_figures/mpcds/drug_sensitivity/Figure_S15_LUAD_GDSC2_oncoPredict_drug_sensitivity.pdf","Figure_S15_LUAD_GDSC2_oncoPredict_drug_sensitivity.pdf","pdf",32087
"S15","05_figures/mpcds/drug_sensitivity/Figure_S15_LUAD_GDSC2_oncoPredict_drug_sensitivity.png","Figure_S15_LUAD_GDSC2_oncoPredict_drug_sensitivity.png","png",501257
"S16","05_figures/mpcds/lasso_70_30_sensitivity/Figure_S16_LUAD_LASSO_70_30_sensitivity.pdf","Figure_S16_LUAD_LASSO_70_30_sensitivity.pdf","pdf",6437
"S16","05_figures/mpcds/lasso_70_30_sensitivity/Figure_S16_LUAD_LASSO_70_30_sensitivity.png","Figure_S16_LUAD_LASSO_70_30_sensitivity.png","png",216870
"S17","05_figures/final/Figure_S17_TCGA_LUAD_multimethod_immune_replication.pdf","Figure_S17_TCGA_LUAD_multimethod_immune_replication.pdf","pdf",9142
"S17","05_figures/final/Figure_S17_TCGA_LUAD_multimethod_immune_replication.png","Figure_S17_TCGA_LUAD_multimethod_immune_replication.png","png",376675
