"component","pattern","script_hit","output_filename_hit","script_examples","output_examples","evidence_found"
"Univariate Cox","coxph\s*\(",TRUE,FALSE,"13_univariate_Cox_PCD.R | 14_PCD_consensus_clustering.R | 18_build_MPCDS_prognostic_model.R | 19_external_validate_MPCDS_GSE68465.R | 27_external_subtype_validation.R",NA,TRUE
"LASSO-Cox","cv\.glmnet\s*\(|glmnet\s*\(",TRUE,FALSE,"18_build_MPCDS_prognostic_model.R | 33_LASSO_70_30_sensitivity.R",NA,TRUE
"Random Forest","randomForest\s*\(|randomForest::|ranger\s*\(|ranger::",FALSE,FALSE,NA,NA,FALSE
"XGBoost","xgboost\s*\(|xgboost::|xgb\.train\s*\(|xgb\.cv\s*\(",FALSE,FALSE,NA,NA,FALSE
"Ridge-Cox","alpha\s*=\s*0|ridge",TRUE,TRUE,"11_differential_expression_PCD.R | 16_functional_enrichment.R | 18_build_MPCDS_prognostic_model.R | 19_external_validate_MPCDS_GSE68465.R | 21_generate_MPCDS_figures_tables.R","04_results/mpcds/TCGA_LUAD_MPCDS_ridge_coefficients.csv | 05_figures/manuscript/individual/mpcds/Figure_05B_LUAD_ridge_coefficients.pdf | 05_figures/manuscript/individual/mpcds/Figure_05B_LUAD_ridge_coefficients.png",TRUE
"70/30 split","70.?30|0\.7|70%",TRUE,TRUE,"24_generate_manuscript_style_figures.R | 28_time_dependent_ROC_MPCDS.R | 29_decision_curve_analysis_MPCDS.R | 30_immunotherapy_related_indicators.R | 31_TIDE_IPS_immunotherapy_surrogate.R","02_processed_data/survival/lasso_70_30_sensitivity/TCGA_LUAD_LASSO_test_survival_metadata.rds | 02_processed_data/survival/lasso_70_30_sensitivity/TCGA_LUAD_LASSO_train_survival_metadata.rds | 02_processed_data/survival/lasso_70_30_sensitivity/TCGA_LUAD_LASSO_x_test_z_47.rds | 02_processed_data/survival/lasso_70_30_sensitivity/TCGA_LUAD_LASSO_x_train_z_47.rds | 04_results/mpcds/lasso_70_30_sensitivity/TCGA_LUAD_LASSO_47_gene_training_scaling_parameters.csv",TRUE
"Repeated nested CV","nested.{0,30}(cv|cross)|repeated.{0,30}(cv|cross)",TRUE,TRUE,"18_build_MPCDS_prognostic_model.R | 21_generate_MPCDS_figures_tables.R | 23_assemble_final_thesis_results_package.R | 24_generate_manuscript_style_figures.R | 25_build_complete_colored_figure_library.R","04_results/mpcds/TCGA_LUAD_clinical_MPCDS_repeated_CV.csv | 04_results/mpcds/TCGA_LUAD_MPCDS_repeated_nested_CV.csv | 04_results/mpcds/TCGA_LUSC_MPCDS_repeated_nested_CV.csv | 05_figures/manuscript/individual/mpcds/Figure_05A_repeated_nested_CV.pdf | 05_figures/manuscript/individual/mpcds/Figure_05A_repeated_nested_CV.png",TRUE
"External GEO validation","GSE68465|GSE73403",TRUE,TRUE,"19_external_validate_MPCDS_GSE68465.R | 21_generate_MPCDS_figures_tables.R | 23_assemble_final_thesis_results_package.R | 24_generate_manuscript_style_figures.R | 25_build_complete_colored_figure_library.R","02_processed_data/GEO/GSE68465_full_PCD_gene_expression_log2.csv | 02_processed_data/GEO/GSE68465_full_PCD_gene_expression_log2.rds | 02_processed_data/GEO/GSE68465_MPCDS_gene_expression_log2_46.rds | 02_processed_data/GEO/GSE68465_MPCDS_gene_expression_z_46.rds | 02_processed_data/GEO/GSE68465_platform_adapted_MPCDS_weights.csv",TRUE
"GSVA","gsva\s*\(|GSVA::",FALSE,FALSE,NA,NA,FALSE
"GSEA","fgsea\s*\(|fgsea::|GSEA\s*\(|gsea\s*\(",TRUE,FALSE,"16_functional_enrichment.R",NA,TRUE
"CIBERSORT","CIBERSORT",TRUE,TRUE,"34_additional_immune_deconvolution_sensitivity.R","02_processed_data/immune/additional_deconvolution_sensitivity/TCGA_LUAD_CIBERSORT_LM22_full_scores.rds | 04_results/immune/additional_deconvolution_sensitivity/TCGA_LUAD_CIBERSORT_LM22_cell_fraction_summary.csv | 04_results/immune/additional_deconvolution_sensitivity/TCGA_LUAD_CIBERSORT_LM22_diagnostic_summary.csv | 04_results/immune/additional_deconvolution_sensitivity/TCGA_LUAD_CIBERSORT_LM22_full_scores.csv | 04_results/immune/additional_deconvolution_sensitivity/TCGA_LUAD_CIBERSORT_LM22_method_audit.csv",TRUE
"ImmuCellAI","ImmuCellAI",FALSE,FALSE,NA,NA,FALSE
"TIMER/TIMER2","TIMER2|TIMER",TRUE,TRUE,"28_time_dependent_ROC_MPCDS.R | 33_LASSO_70_30_sensitivity.R | 34_additional_immune_deconvolution_sensitivity.R","02_processed_data/immune/additional_deconvolution_sensitivity/TCGA_LUAD_TIMER_full_scores.rds | 04_results/immune/additional_deconvolution_sensitivity/TCGA_LUAD_CIBERSORT_permutation_TIMER_technical_audit.csv | 04_results/immune/additional_deconvolution_sensitivity/TCGA_LUAD_TIMER_corrected_technical_audit.csv | 04_results/immune/additional_deconvolution_sensitivity/TCGA_LUAD_TIMER_full_scores.csv | 04_results/mpcds/lasso_70_30_sensitivity/TCGA_LUAD_LASSO_heldout_timeROC_object.rds",TRUE
"ESTIMATE","estimateScore|filterCommonGenes|ESTIMATE",TRUE,TRUE,"13_univariate_Cox_PCD.R | 15_immune_characterization.R | 17_multiomics_characterization.R | 20_DepMap_PRISM_drug_sensitivity.R | 22_generate_PCD_cluster_multiomics_figures.R","04_results/immune/estimate_temp/LUAD_estimate_common_genes.gct | 04_results/immune/estimate_temp/LUAD_estimate_expression.txt | 04_results/immune/estimate_temp/LUAD_estimate_input.gct | 04_results/immune/estimate_temp/LUAD_estimate_scores.gct | 04_results/immune/estimate_temp/LUSC_estimate_common_genes.gct",TRUE
"MCP-counter","MCPcounter\.estimate|MCPcounter::",TRUE,FALSE,"15_immune_characterization.R",NA,TRUE
"xCell","xCell2|xCellAnalysis|xCell",TRUE,TRUE,"34_additional_immune_deconvolution_sensitivity.R","02_processed_data/immune/additional_deconvolution_sensitivity/TCGA_LUAD_xCell_full_scores.rds | 04_results/immune/additional_deconvolution_sensitivity/TCGA_LUAD_xCell_full_scores.csv | 04_results/immune/additional_deconvolution_sensitivity/TCGA_LUAD_xCell2_IOBR_installation_audit.csv",TRUE
"GDSC","GDSC",TRUE,TRUE,"32_GDSC_oncoPredict_drug_sensitivity.R","02_processed_data/drug_sensitivity/GDSC2/GDSC2_expression_validated.rds | 02_processed_data/drug_sensitivity/GDSC2/GDSC2_response_IC50_exp_transformed.rds | 02_processed_data/drug_sensitivity/GDSC2/GDSC2_response_logIC50_validated.rds | 02_processed_data/drug_sensitivity/GDSC2/TCGA_LUAD_GDSC2_predicted_IC50.csv | 02_processed_data/drug_sensitivity/GDSC2/TCGA_LUAD_GDSC2_predicted_IC50.rds",TRUE
"CTRP","\bCTRP\b",FALSE,FALSE,NA,NA,FALSE
"PRISM","PRISM",TRUE,TRUE,"20_DepMap_PRISM_drug_sensitivity.R | 21_generate_MPCDS_figures_tables.R | 23_assemble_final_thesis_results_package.R | 24_generate_manuscript_style_figures.R | 25_build_complete_colored_figure_library.R","04_results/drug_sensitivity/DepMap_PRISM_input_file_metadata.csv | 04_results/drug_sensitivity/DepMap_PRISM_MPCDS_all_drug_associations.csv | 04_results/drug_sensitivity/DepMap_PRISM_MPCDS_analysis_summary.csv | 04_results/drug_sensitivity/DepMap_PRISM_MPCDS_nominal_p_lt_0.001.csv | 04_results/drug_sensitivity/DepMap_PRISM_MPCDS_nominal_p_lt_0.05.csv",TRUE
"oncoPredict","oncoPredict",TRUE,TRUE,"32_GDSC_oncoPredict_drug_sensitivity.R","05_figures/manuscript/supplementary/Figure_S15_LUAD_GDSC2_oncoPredict_drug_sensitivity.pdf | 05_figures/manuscript/supplementary/Figure_S15_LUAD_GDSC2_oncoPredict_drug_sensitivity.png | 05_figures/mpcds/drug_sensitivity/Figure_S15_LUAD_GDSC2_oncoPredict_drug_sensitivity.pdf | 05_figures/mpcds/drug_sensitivity/Figure_S15_LUAD_GDSC2_oncoPredict_drug_sensitivity.png",TRUE
"pRRophetic","pRRophetic",FALSE,FALSE,NA,NA,FALSE
"TIDE","\bTIDE\b",TRUE,FALSE,"31_TIDE_IPS_immunotherapy_surrogate.R",NA,TRUE
"IPS","immunophenoscore|\bIPS\b",TRUE,FALSE,"31_TIDE_IPS_immunotherapy_surrogate.R",NA,TRUE
"Time-dependent ROC","timeROC\s*\(|timeROC::",TRUE,FALSE,"28_time_dependent_ROC_MPCDS.R | 33_LASSO_70_30_sensitivity.R",NA,TRUE
"Decision curve analysis","dca\s*\(|dcurves::",TRUE,FALSE,"29_decision_curve_analysis_MPCDS.R",NA,TRUE
"PCA","prcomp\s*\(",TRUE,FALSE,"27_external_subtype_validation.R | 35_Sankey_integrative_visualizations.R",NA,TRUE
"Sankey/alluvial","ggalluvial::|geom_alluvium\s*\(",TRUE,FALSE,"35_Sankey_integrative_visualizations.R",NA,TRUE
