"file","script","size_bytes","script_number"
"03_scripts/01_download_TCGA_LUAD.R","01_download_TCGA_LUAD.R",4598,1
"03_scripts/02_prepare_TCGA_LUAD.R","02_prepare_TCGA_LUAD.R",8053,2
"03_scripts/03_download_TCGA_LUSC.R","03_download_TCGA_LUSC.R",3684,3
"03_scripts/04_prepare_TCGA_LUSC.R","04_prepare_TCGA_LUSC.R",7450,4
"03_scripts/05_prepare_clinical_data.R","05_prepare_clinical_data.R",8191,5
"03_scripts/06_prepare_mutation_data.R","06_prepare_mutation_data.R",15531,6
"03_scripts/07_prepare_cnv_data.R","07_prepare_cnv_data.R",14756,7
"03_scripts/08_prepare_methylation_data.R","08_prepare_methylation_data.R",25559,8
"03_scripts/09_curate_PCD_genes.R","09_curate_PCD_genes.R",10313,9
"03_scripts/10_match_extract_PCD_expression.R","10_match_extract_PCD_expression.R",6527,10
"03_scripts/11_differential_expression_PCD.R","11_differential_expression_PCD.R",28718,11
"03_scripts/12_prepare_survival_expression.R","12_prepare_survival_expression.R",15733,12
"03_scripts/13_univariate_Cox_PCD.R","13_univariate_Cox_PCD.R",15921,13
"03_scripts/14_PCD_consensus_clustering.R","14_PCD_consensus_clustering.R",30596,14
"03_scripts/15_immune_characterization.R","15_immune_characterization.R",25542,15
"03_scripts/16_functional_enrichment.R","16_functional_enrichment.R",25336,16
"03_scripts/17_multiomics_characterization.R","17_multiomics_characterization.R",50199,17
"03_scripts/18_build_MPCDS_prognostic_model.R","18_build_MPCDS_prognostic_model.R",44605,18
"03_scripts/19_external_validate_MPCDS_GSE68465.R","19_external_validate_MPCDS_GSE68465.R",48716,19
"03_scripts/20_DepMap_PRISM_drug_sensitivity.R","20_DepMap_PRISM_drug_sensitivity.R",36237,20
"03_scripts/21_generate_MPCDS_figures_tables.R","21_generate_MPCDS_figures_tables.R",29633,21
"03_scripts/22_generate_PCD_cluster_multiomics_figures.R","22_generate_PCD_cluster_multiomics_figures.R",34992,22
"03_scripts/23_assemble_final_thesis_results_package.R","23_assemble_final_thesis_results_package.R",30325,23
"03_scripts/24_generate_manuscript_style_figures.R","24_generate_manuscript_style_figures.R",77194,24
"03_scripts/25_build_complete_colored_figure_library.R","25_build_complete_colored_figure_library.R",14123,25
"03_scripts/26_synchronize_colored_figure_outputs.R","26_synchronize_colored_figure_outputs.R",18655,26
"03_scripts/27_external_subtype_validation.R","27_external_subtype_validation.R",155943,27
"03_scripts/28_time_dependent_ROC_MPCDS.R","28_time_dependent_ROC_MPCDS.R",39144,28
"03_scripts/29_decision_curve_analysis_MPCDS.R","29_decision_curve_analysis_MPCDS.R",54688,29
"03_scripts/30_immunotherapy_related_indicators.R","30_immunotherapy_related_indicators.R",52124,30
"03_scripts/31_TIDE_IPS_immunotherapy_surrogate.R","31_TIDE_IPS_immunotherapy_surrogate.R",66086,31
"03_scripts/32_GDSC_oncoPredict_drug_sensitivity.R","32_GDSC_oncoPredict_drug_sensitivity.R",69820,32
"03_scripts/33_LASSO_70_30_sensitivity.R","33_LASSO_70_30_sensitivity.R",59990,33
"03_scripts/34_additional_immune_deconvolution_sensitivity.R","34_additional_immune_deconvolution_sensitivity.R",81491,34
"03_scripts/35_Sankey_integrative_visualizations.R","35_Sankey_integrative_visualizations.R",37043,35
"03_scripts/36_final_scientific_output_objective_audit.R","36_final_scientific_output_objective_audit.R",21545,36
