"patient_id","PCD_cluster","OS_time","OS_status","MPCDS","MPCDS_z","risk_group","stage_raw","stage_group"
"TCGA-05-4245","PCD_C2",730,0,0.90532382131279,-0.927228256962705,"Low MPCDS","Stage IIIA","Stage III"
"TCGA-05-4249","PCD_C1",1523,0,0.994677965787602,-0.645171009226747,"Low MPCDS","Stage IB","Stage I"
"TCGA-05-4250","PCD_C2",121,1,1.59481070478289,1.24922112705486,"High MPCDS","Stage IIIA","Stage III"
"TCGA-05-4382","PCD_C1",607,0,1.03355251366965,-0.522458760712292,"Low MPCDS","Stage IB","Stage I"
"TCGA-05-4384","PCD_C2",426,0,1.00571793646234,-0.610321996213367,"Low MPCDS","Stage IIIA","Stage III"
"TCGA-05-4389","PCD_C2",1369,0,1.18022191849059,-0.0594789079699544,"High MPCDS","Stage IA","Stage I"
"TCGA-05-4390","PCD_C2",1126,0,1.37257009276044,0.547691547977778,"High MPCDS","Stage IB","Stage I"
"TCGA-05-4396","PCD_C2",303,1,1.18847820080014,-0.0334169465640117,"High MPCDS","Stage IIIB","Stage III"
"TCGA-05-4397","PCD_C2",731,1,1.24470009589926,0.144054317778138,"High MPCDS","Stage IIB","Stage II"
"TCGA-05-4398","PCD_C1",1431,0,1.23889977656908,0.125744902855372,"High MPCDS","Stage IIIB","Stage III"
"TCGA-05-4402","PCD_C1",244,1,1.16286531626661,-0.114267138354981,"Low MPCDS","Stage IV","Stage IV"
"TCGA-05-4403","PCD_C2",578,0,1.28403664762863,0.268224937746828,"High MPCDS","Stage IB","Stage I"
"TCGA-05-4405","PCD_C1",610,0,0.996925501187472,-0.638076389801957,"Low MPCDS","Stage IB","Stage I"
"TCGA-05-4415","PCD_C1",91,1,2.08104338625808,2.78407384935726,"High MPCDS","Stage IIIB","Stage III"
"TCGA-05-4417","PCD_C1",455,0,1.07852255539923,-0.380505342934421,"Low MPCDS","Stage IB","Stage I"
"TCGA-05-4418","PCD_C2",274,1,1.6080688554988,1.29107209572538,"High MPCDS","Stage IIIA","Stage III"
"TCGA-05-4420","PCD_C2",912,0,1.03972016382786,-0.502989821259655,"Low MPCDS","Stage IB","Stage I"
"TCGA-05-4422","PCD_C2",365,0,0.824011958594855,-1.18389906212015,"Low MPCDS","Stage IB","Stage I"
"TCGA-05-4424","PCD_C1",913,0,0.893346147912466,-0.965037242918895,"Low MPCDS","Stage IIB","Stage II"
"TCGA-05-4425","PCD_C1",669,0,1.47992707125395,0.88657693552311,"High MPCDS","Stage IV","Stage IV"
"TCGA-05-4426","PCD_C1",791,0,1.27624071080717,0.243616112982078,"High MPCDS","Stage IB","Stage I"
"TCGA-05-4427","PCD_C1",791,0,1.26264645339374,0.200704182555334,"High MPCDS","Stage IIB","Stage II"
"TCGA-05-4430","PCD_C1",761,0,1.03960202593284,-0.50336273792421,"Low MPCDS","Stage IB","Stage I"
"TCGA-05-4432","PCD_C2",761,0,1.09958043190971,-0.314033589143709,"Low MPCDS","Stage IIB","Stage II"
"TCGA-05-4433","PCD_C2",730,0,1.28788349795897,0.280367989678074,"High MPCDS","Stage IB","Stage I"
"TCGA-05-4434","PCD_C2",457,1,1.53123560764684,1.04853858425691,"High MPCDS","Stage IV","Stage IV"
"TCGA-05-5420","PCD_C1",457,0,0.760985483274857,-1.38284981328837,"Low MPCDS","Stage IIIA","Stage III"
"TCGA-05-5423","PCD_C1",151,0,0.708709483507498,-1.54786537808048,"Low MPCDS","Stage IIB","Stage II"
"TCGA-05-5425","PCD_C1",882,0,1.01858066343457,-0.569719230784971,"Low MPCDS","Stage IIB","Stage II"
"TCGA-05-5428","PCD_C2",670,0,1.1590896215956,-0.126185578774923,"Low MPCDS","Stage IIA","Stage II"
"TCGA-05-5429","PCD_C2",275,1,1.50519924150035,0.966351621139647,"High MPCDS","Stage IIIA","Stage III"
"TCGA-05-5715","PCD_C1",62,0,1.06614619687086,-0.419572827090015,"Low MPCDS","Stage IB","Stage I"
"TCGA-35-3615","PCD_C2",14,0,0.973116595670643,-0.713232101953343,"Low MPCDS","Stage IB","Stage I"
"TCGA-35-4122","PCD_C1",225,0,0.98057697551589,-0.689682503682515,"Low MPCDS","Stage IA","Stage I"
"TCGA-35-4123","PCD_C1",182,0,1.31704652012205,0.37242462359615,"High MPCDS","Stage IA","Stage I"
"TCGA-35-5375","PCD_C2",264,0,1.54186687586826,1.08209747816273,"High MPCDS","Stage IIIA","Stage III"
"TCGA-38-4625","PCD_C1",2973,0,1.24857132586587,0.156274327002713,"High MPCDS","Stage IB","Stage I"
"TCGA-38-4626","PCD_C1",3674,0,0.789585362301921,-1.29257080931638,"Low MPCDS",NA,NA
"TCGA-38-4627","PCD_C1",1147,1,1.1881483783465,-0.0344580713385148,"High MPCDS","Stage IIA","Stage II"
"TCGA-38-4628","PCD_C1",1492,1,1.00933548398537,-0.59890276654141,"Low MPCDS","Stage IIB","Stage II"
"TCGA-38-4629","PCD_C1",864,1,1.2969197115164,0.308891899127868,"High MPCDS","Stage IIB","Stage II"
"TCGA-38-4630","PCD_C2",1073,1,1.60637619751667,1.2857290144995,"High MPCDS","Stage IB","Stage I"
"TCGA-38-4631","PCD_C2",354,1,1.57909090987591,1.19959967846401,"High MPCDS","Stage IB","Stage I"
"TCGA-38-4632","PCD_C1",1357,1,1.00871870193088,-0.600849714271309,"Low MPCDS","Stage IV","Stage IV"
"TCGA-38-6178","PCD_C1",448,0,1.47673892719439,0.876513170220319,"High MPCDS","Stage IIIA","Stage III"
"TCGA-38-7271","PCD_C1",800,1,0.848086777152738,-1.10790396304455,"Low MPCDS","Stage IA","Stage I"
"TCGA-38-A44F","PCD_C1",133,0,0.979222465517225,-0.693958179584286,"Low MPCDS","Stage IB","Stage I"
"TCGA-44-2655","PCD_C2",1324,0,1.17629256783898,-0.0718823822206141,"Low MPCDS","Stage IA","Stage I"
"TCGA-44-2656","PCD_C1",1429,0,1.11208874335095,-0.27454957953591,"Low MPCDS","Stage IB","Stage I"
"TCGA-44-2657","PCD_C1",1351,0,0.774493851163066,-1.34020900361639,"Low MPCDS","Stage IB","Stage I"
"TCGA-44-2659","PCD_C1",1367,0,0.836473203882675,-1.14456362256216,"Low MPCDS","Stage IIB","Stage II"
"TCGA-44-2661","PCD_C1",1159,0,0.653540852751593,-1.72201188514886,"Low MPCDS","Stage IA","Stage I"
"TCGA-44-2662","PCD_C1",1280,0,1.34682202161865,0.466414623180961,"High MPCDS","Stage IB","Stage I"
"TCGA-44-2665","PCD_C1",1301,0,1.41715465357498,0.688428148263948,"High MPCDS","Stage IIB","Stage II"
"TCGA-44-2666","PCD_C1",97,1,1.1333551258433,-0.207419651200213,"Low MPCDS","Stage IB","Stage I"
"TCGA-44-2668","PCD_C1",761,1,1.5773897385759,1.1942297239126,"High MPCDS","Stage IB","Stage I"
"TCGA-44-3396","PCD_C1",1130,0,1.19468616979702,-0.0138207357829422,"High MPCDS","Stage IIIA","Stage III"
"TCGA-44-3398","PCD_C1",1163,0,1.15724184165087,-0.13201832138239,"Low MPCDS","Stage IA","Stage I"
"TCGA-44-3917","PCD_C2",1183,0,0.000911727627528461,-3.78211526263361,"Low MPCDS","Stage IB","Stage I"
"TCGA-44-3918","PCD_C1",1036,0,1.00626062785397,-0.608608924691145,"Low MPCDS","Stage IA","Stage I"
"TCGA-44-3919","PCD_C1",1026,1,1.23675101833009,0.118962085578081,"High MPCDS","Stage IA","Stage I"
"TCGA-44-4112","PCD_C1",808,1,1.28104926449565,0.258794898778027,"High MPCDS","Stage IB","Stage I"
"TCGA-44-5643","PCD_C2",1013,0,1.71938700233137,1.64246139392982,"High MPCDS","Stage IIIA","Stage III"
"TCGA-44-5644","PCD_C2",863,0,1.23492308596506,0.113191994275007,"High MPCDS","Stage IB","Stage I"
"TCGA-44-5645","PCD_C2",852,0,0.601233017578767,-1.8871279422785,"Low MPCDS","Stage IA","Stage I"
"TCGA-44-6145","PCD_C2",595,0,1.49225075759571,0.92547815350184,"High MPCDS","Stage IA","Stage I"
"TCGA-44-6146","PCD_C2",728,0,1.1082555127177,-0.286649639233279,"Low MPCDS","Stage IIB","Stage II"
"TCGA-44-6147","PCD_C1",845,0,1.02607027156561,-0.546077369867632,"Low MPCDS","Stage IA","Stage I"
"TCGA-44-6148","PCD_C1",704,0,1.0338568014083,-0.521498239377914,"Low MPCDS","Stage IA","Stage I"
"TCGA-44-6774","PCD_C1",658,0,1.3111309889271,0.353751528379891,"High MPCDS","Stage IIIA","Stage III"
"TCGA-44-6775","PCD_C1",705,0,1.29765686148799,0.31121880285883,"High MPCDS","Stage IB","Stage I"
"TCGA-44-6776","PCD_C2",2616,0,0.98135424826803,-0.687228947504486,"Low MPCDS","Stage IA","Stage I"
"TCGA-44-6777","PCD_C1",987,1,1.16039600640279,-0.122061815905643,"Low MPCDS","Stage IB","Stage I"
"TCGA-44-6778","PCD_C1",1864,0,0.923012414135609,-0.871392057788612,"Low MPCDS","Stage IA","Stage I"
"TCGA-44-6779","PCD_C2",500,1,1.84151001952281,2.02795758234602,"High MPCDS","Stage IIB","Stage II"
"TCGA-44-7659","PCD_C1",691,0,1.03829467673495,-0.507489545010254,"Low MPCDS","Stage IA","Stage I"
"TCGA-44-7660","PCD_C2",592,0,1.79575012182593,1.88351088793779,"High MPCDS","Stage IB","Stage I"
"TCGA-44-7661","PCD_C1",557,1,1.66041692556377,1.45631515919602,"High MPCDS","Stage IB","Stage I"
"TCGA-44-7662","PCD_C1",218,0,1.28274314816168,0.264141849024535,"High MPCDS","Stage IB","Stage I"
"TCGA-44-7667","PCD_C2",1097,0,1.23215368058568,0.104450028653122,"High MPCDS","Stage IIB","Stage II"
"TCGA-44-7669","PCD_C2",574,1,1.59329930280702,1.24445020250466,"High MPCDS","Stage IIA","Stage II"
"TCGA-44-7670","PCD_C2",882,0,1.71873261530477,1.64039574152208,"High MPCDS","Stage IIA","Stage II"
"TCGA-44-7671","PCD_C2",889,0,1.25372679919929,0.172548206941317,"High MPCDS","Stage IB","Stage I"
"TCGA-44-7672","PCD_C1",719,0,1.17834844416886,-0.0653927580101086,"Low MPCDS","Stage IA","Stage I"
"TCGA-44-8117","PCD_C1",385,0,1.17247317277845,-0.0839387682463483,"Low MPCDS","Stage IB","Stage I"
"TCGA-44-8119","PCD_C2",285,0,1.35390808065706,0.488782632201877,"High MPCDS","Stage IIB","Stage II"
"TCGA-44-8120","PCD_C1",260,0,1.25404769330662,0.173561148302468,"High MPCDS","Stage IB","Stage I"
"TCGA-44-A479","PCD_C1",486,0,0.996285947067778,-0.640095220331189,"Low MPCDS","Stage IB","Stage I"
"TCGA-44-A47A","PCD_C1",466,0,1.05369019772518,-0.458891706560911,"Low MPCDS","Stage IB","Stage I"
"TCGA-44-A47B","PCD_C1",287,0,1.04330828923275,-0.491663466089611,"Low MPCDS","Stage IB","Stage I"
"TCGA-44-A47G","PCD_C1",351,0,1.22496421057355,0.0817555902896727,"High MPCDS","Stage IA","Stage I"
"TCGA-44-A4SS","PCD_C2",415,0,1.51216366337819,0.988335667637796,"High MPCDS","Stage IA","Stage I"
"TCGA-44-A4SU","PCD_C2",409,1,0.982280234452285,-0.684305959252429,"Low MPCDS","Stage IA","Stage I"
"TCGA-49-4486","PCD_C2",2318,1,0.80213901451687,-1.25294367603012,"Low MPCDS","Stage IA","Stage I"
"TCGA-49-4487","PCD_C2",855,1,1.17956351292549,-0.0615572453842564,"High MPCDS","Stage IA","Stage I"
"TCGA-49-4488","PCD_C2",869,1,1.13302382629762,-0.208465438595745,"Low MPCDS","Stage IA","Stage I"
"TCGA-49-4490","PCD_C1",385,1,1.16796808719355,-0.0981596199859245,"Low MPCDS","Stage IIIA","Stage III"
"TCGA-49-4494","PCD_C2",1081,1,1.38424982567209,0.584560048467749,"High MPCDS","Stage IIIA","Stage III"
"TCGA-49-4501","PCD_C1",1421,1,0.902040610007447,-0.937592113613827,"Low MPCDS","Stage IB","Stage I"
"TCGA-49-4505","PCD_C1",428,1,0.927751240550621,-0.856433374629895,"Low MPCDS","Stage IIB","Stage II"
"TCGA-49-4506","PCD_C2",999,1,1.32598639009123,0.40064441276703,"High MPCDS","Stage IIB","Stage II"
"TCGA-49-4507","PCD_C2",268,1,1.41485377092101,0.681165131729521,"High MPCDS","Stage IIIA","Stage III"
"TCGA-49-4510","PCD_C1",896,1,0.824168542949702,-1.18340478451919,"Low MPCDS","Stage IIB","Stage II"
"TCGA-49-4512","PCD_C1",905,1,0.917919179448618,-0.887469473853973,"Low MPCDS","Stage IIIA","Stage III"
"TCGA-49-4514","PCD_C2",1700,0,1.16516859178171,-0.106996568462723,"Low MPCDS","Stage IA","Stage I"
"TCGA-49-6742","PCD_C2",488,1,1.78930648599987,1.86317076608675,"High MPCDS","Stage IIA","Stage II"
"TCGA-49-6743","PCD_C2",1621,0,1.66711937862371,1.47747226919106,"High MPCDS","Stage IIIA","Stage III"
"TCGA-49-6744","PCD_C1",1683,0,1.13020097881282,-0.217376100737032,"Low MPCDS","Stage IIA","Stage II"
"TCGA-49-6745","PCD_C1",522,0,1.48039582397525,0.888056610620608,"High MPCDS","Stage IIIA","Stage III"
"TCGA-49-6761","PCD_C1",354,0,1.35445453027801,0.490507567033006,"High MPCDS","Stage IIIA","Stage III"
"TCGA-49-6767","PCD_C1",677,0,1.42329500211366,0.707810906826956,"High MPCDS","Stage IIB","Stage II"
"TCGA-49-AAQV","PCD_C2",677,1,1.14067787400144,-0.184304504124625,"Low MPCDS","Stage II","Stage II"
"TCGA-49-AAR0","PCD_C2",4765,0,1.03288903942954,-0.524553098017061,"Low MPCDS","Stage IA","Stage I"
"TCGA-49-AAR2","PCD_C2",2224,0,0.540115756535123,-2.08005202588371,"Low MPCDS","Stage IB","Stage I"
"TCGA-49-AAR3","PCD_C2",1893,0,1.37842506612509,0.566173485021739,"High MPCDS","Stage IIB","Stage II"
"TCGA-49-AAR4","PCD_C2",879,1,1.101815988942,-0.306976780896122,"Low MPCDS","Stage IIIA","Stage III"
"TCGA-49-AAR9","PCD_C2",260,1,2.33086167389587,3.57265572274858,"High MPCDS","Stage IIB","Stage II"
"TCGA-49-AARE","PCD_C2",1229,1,1.32778943106457,0.406335931358429,"High MPCDS","Stage IA","Stage I"
"TCGA-49-AARN","PCD_C2",1135,1,1.26676575774591,0.213707268813833,"High MPCDS","Stage IA","Stage I"
"TCGA-49-AARO","PCD_C1",3759,0,1.25285100040701,0.169783641308995,"High MPCDS","Stage IA","Stage I"
"TCGA-49-AARQ","PCD_C2",6732,0,1.12545101029388,-0.232369955304831,"Low MPCDS","Stage I","Stage I"
"TCGA-49-AARR","PCD_C1",4992,0,0.872074406352081,-1.03218408780603,"Low MPCDS","Stage IA","Stage I"
"TCGA-4B-A93V","PCD_C2",300,1,1.38271463570155,0.579714034213053,"High MPCDS","Stage IA","Stage I"
"TCGA-50-5044","PCD_C1",624,1,1.60285075609337,1.27460052895746,"High MPCDS","Stage IIIB","Stage III"
"TCGA-50-5045","PCD_C1",2174,1,1.07091013830384,-0.404534865316005,"Low MPCDS",NA,NA
"TCGA-50-5049","PCD_C1",3094,0,0.886066765766929,-0.988015499890147,"Low MPCDS","Stage IA","Stage I"
"TCGA-50-5051","PCD_C2",478,1,1.30973986172724,0.349360265819557,"High MPCDS","Stage IIIA","Stage III"
"TCGA-50-5055","PCD_C1",1830,1,0.978291365170205,-0.696897311314439,"Low MPCDS","Stage IIA","Stage II"
"TCGA-50-5066","PCD_C2",1442,0,1.14069979173121,-0.184235318139208,"Low MPCDS","Stage IB","Stage I"
"TCGA-50-5068","PCD_C1",1499,1,0.889897386646862,-0.975923678197217,"Low MPCDS","Stage IIB","Stage II"
"TCGA-50-5072","PCD_C2",250,1,2.11277517385895,2.88423910446713,"High MPCDS","Stage IIIA","Stage III"
"TCGA-50-5930","PCD_C2",282,1,1.25183163684041,0.166565895968511,"High MPCDS","Stage IIIA","Stage III"
"TCGA-50-5931","PCD_C2",434,1,2.05730709944784,2.70914736700415,"High MPCDS","Stage IB","Stage I"
"TCGA-50-5932","PCD_C1",1235,1,1.08934886694266,-0.346330771010313,"Low MPCDS","Stage IIB","Stage II"
"TCGA-50-5933","PCD_C1",2393,1,1.54329154150929,1.08659460890036,"High MPCDS","Stage IIIB","Stage III"
"TCGA-50-5935","PCD_C1",653,1,0.982679532455503,-0.683045526437856,"Low MPCDS","Stage IA","Stage I"
"TCGA-50-5936","PCD_C2",257,1,1.78275730999272,1.84249749379064,"High MPCDS","Stage IIIA","Stage III"
"TCGA-50-5939","PCD_C2",460,1,1.72742222885667,1.66782556580996,"High MPCDS","Stage IB","Stage I"
"TCGA-50-5941","PCD_C1",1474,0,1.11250838657824,-0.273224924541824,"Low MPCDS","Stage IIIA","Stage III"
"TCGA-50-5942","PCD_C1",1847,0,0.958399112620761,-0.75968963100305,"Low MPCDS","Stage IA","Stage I"
"TCGA-50-5944","PCD_C1",1750,0,1.09112952930391,-0.340709893235536,"Low MPCDS","Stage IA","Stage I"
"TCGA-50-5946","PCD_C1",1617,0,1.26301592600181,0.201870467874929,"High MPCDS","Stage IA","Stage I"
"TCGA-50-6590","PCD_C1",1288,1,1.54415062423121,1.08930640821919,"High MPCDS","Stage IB","Stage I"
"TCGA-50-6591","PCD_C1",119,1,1.72156168687989,1.6493260507631,"High MPCDS","Stage IV","Stage IV"
"TCGA-50-6592","PCD_C2",777,1,1.87885999187623,2.14585732238537,"High MPCDS","Stage IB","Stage I"
"TCGA-50-6593","PCD_C1",336,1,1.33591375232152,0.431981341618075,"High MPCDS","Stage IIIA","Stage III"
"TCGA-50-6594","PCD_C1",370,1,1.5803137842197,1.20345983037707,"High MPCDS","Stage IIIA","Stage III"
"TCGA-50-6595","PCD_C1",189,1,1.73036053158681,1.67710067650514,"High MPCDS","Stage IIIA","Stage III"
"TCGA-50-6597","PCD_C1",1268,1,0.901622800313118,-0.938910980837642,"Low MPCDS","Stage IB","Stage I"
"TCGA-50-6673","PCD_C2",22,1,1.39965681712701,0.633194094836934,"High MPCDS","Stage I","Stage I"
"TCGA-50-7109","PCD_C2",308,1,0.891861498286262,-0.969723720416728,"Low MPCDS","Stage IA","Stage I"
"TCGA-50-8457","PCD_C1",1125,0,0.994839452835218,-0.64466125567851,"Low MPCDS","Stage IA","Stage I"
"TCGA-50-8459","PCD_C1",1119,0,1.41896139849936,0.694131358828247,"High MPCDS","Stage IIB","Stage II"
"TCGA-50-8460","PCD_C1",829,0,0.944881879384814,-0.802358425225694,"Low MPCDS","Stage IA","Stage I"
"TCGA-53-7624","PCD_C2",1043,1,1.65755465050659,1.44728003911694,"High MPCDS","Stage IV","Stage IV"
"TCGA-53-7626","PCD_C1",929,1,0.884630519073803,-0.992549187630252,"Low MPCDS","Stage IIA","Stage II"
"TCGA-53-7813","PCD_C2",424,0,1.26990362450797,0.223612327699123,"High MPCDS","Stage IIIB","Stage III"
"TCGA-53-A4EZ","PCD_C2",1071,0,1.35486964111283,0.491817914977833,"High MPCDS","Stage IIA","Stage II"
"TCGA-55-1592","PCD_C1",701,1,0.943048865995295,-0.808144555401857,"Low MPCDS","Stage IA","Stage I"
"TCGA-55-1594","PCD_C2",1178,0,1.20923691571106,0.0321104671751234,"High MPCDS","Stage IIIA","Stage III"
"TCGA-55-1595","PCD_C1",1479,0,1.38450377487246,0.585361670070681,"High MPCDS","Stage IA","Stage I"
"TCGA-55-1596","PCD_C2",2065,0,1.1307633213212,-0.215600998069665,"Low MPCDS","Stage IIB","Stage II"
"TCGA-55-5899","PCD_C2",930,0,1.42137870064388,0.701761867674118,"High MPCDS",NA,NA
"TCGA-55-6543","PCD_C1",435,0,0.996866717400388,-0.638261947990598,"Low MPCDS","Stage IA","Stage I"
"TCGA-55-6642","PCD_C2",2449,0,1.26181085883158,0.198066526475551,"High MPCDS","Stage IB","Stage I"
"TCGA-55-6712","PCD_C1",171,1,1.38905396943867,0.599724913807743,"High MPCDS","Stage IIA","Stage II"
"TCGA-55-6968","PCD_C2",1293,1,1.39070198433749,0.604927073699934,"High MPCDS","Stage IV","Stage IV"
"TCGA-55-6969","PCD_C2",1239,0,1.21792583104145,0.0595380874417096,"High MPCDS","Stage IB","Stage I"
"TCGA-55-6970","PCD_C2",464,1,1.38334291970737,0.581697289254194,"High MPCDS","Stage IIIA","Stage III"
"TCGA-55-6971","PCD_C1",1400,0,0.942838647377807,-0.808808136089915,"Low MPCDS","Stage IB","Stage I"
"TCGA-55-6972","PCD_C2",1632,1,0.906657113761308,-0.923019556844019,"Low MPCDS","Stage IB","Stage I"
"TCGA-55-6975","PCD_C2",118,1,1.87523738366849,2.13442211804529,"High MPCDS","Stage IIB","Stage II"
"TCGA-55-6978","PCD_C1",176,1,1.62161384561967,1.33382850793837,"High MPCDS","Stage IIA","Stage II"
"TCGA-55-6979","PCD_C1",237,1,1.05361769155768,-0.459120581115869,"Low MPCDS","Stage IIB","Stage II"
"TCGA-55-6980","PCD_C1",2109,0,0.994042624194461,-0.647176542402479,"Low MPCDS","Stage IA","Stage I"
"TCGA-55-6981","PCD_C2",1379,1,1.28797762455852,0.280665111761909,"High MPCDS","Stage IIIA","Stage III"
"TCGA-55-6982","PCD_C1",995,1,1.44410985516492,0.773515527448348,"High MPCDS","Stage IIB","Stage II"
"TCGA-55-6983","PCD_C2",2823,0,1.12039529299599,-0.248328943158801,"Low MPCDS","Stage IIB","Stage II"
"TCGA-55-6984","PCD_C2",760,1,1.62003559990022,1.32884658296447,"High MPCDS","Stage IIB","Stage II"
"TCGA-55-6985","PCD_C1",1233,0,1.10672701142069,-0.291474539874735,"Low MPCDS","Stage IB","Stage I"
"TCGA-55-6986","PCD_C1",3261,0,1.19896463137832,-0.000315250332241898,"High MPCDS","Stage IB","Stage I"
"TCGA-55-6987","PCD_C1",2137,0,0.982806436930539,-0.682644936994978,"Low MPCDS","Stage IA","Stage I"
"TCGA-55-7227","PCD_C1",952,1,1.15496777912754,-0.139196676905562,"Low MPCDS","Stage IIIA","Stage III"
"TCGA-55-7281","PCD_C1",872,0,1.02064608888241,-0.563199463619756,"Low MPCDS","Stage IA","Stage I"
"TCGA-55-7283","PCD_C1",609,0,0.819035051665002,-1.1996092754418,"Low MPCDS","Stage IIIA","Stage III"
"TCGA-55-7284","PCD_C1",243,1,1.11168391564806,-0.275827467521481,"Low MPCDS","Stage IIB","Stage II"
"TCGA-55-7570","PCD_C2",824,0,2.02596490366145,2.61021190594111,"High MPCDS","Stage IA","Stage I"
"TCGA-55-7573","PCD_C1",487,0,0.874235136995707,-1.0253634781743,"Low MPCDS","Stage IA","Stage I"
"TCGA-55-7574","PCD_C1",995,1,0.97753768110034,-0.699276406941819,"Low MPCDS","Stage IB","Stage I"
"TCGA-55-7576","PCD_C1",670,0,1.1805889309723,-0.0583203883390664,"High MPCDS","Stage IB","Stage I"
"TCGA-55-7724","PCD_C2",705,0,1.28368267317557,0.267107574242491,"High MPCDS","Stage IB","Stage I"
"TCGA-55-7725","PCD_C1",442,0,0.94384044606463,-0.80564583643329,"Low MPCDS","Stage IA","Stage I"
"TCGA-55-7726","PCD_C2",652,0,1.94261154493876,2.34709686982214,"High MPCDS","Stage IA","Stage I"
"TCGA-55-7727","PCD_C1",119,0,1.37067558713889,0.54171131007638,"High MPCDS","Stage IIIA","Stage III"
"TCGA-55-7728","PCD_C1",704,0,0.872013220025284,-1.03237722990411,"Low MPCDS","Stage IB","Stage I"
"TCGA-55-7815","PCD_C1",773,0,1.46137912520064,0.828028083136896,"High MPCDS","Stage IB","Stage I"
"TCGA-55-7816","PCD_C1",468,1,1.16553840261515,-0.10582921549352,"Low MPCDS","Stage IV","Stage IV"
"TCGA-55-7903","PCD_C1",567,0,1.34276734192456,0.453615532532306,"High MPCDS","Stage IA","Stage I"
"TCGA-55-7907","PCD_C2",343,1,1.30293429414448,0.327877662265398,"High MPCDS","Stage IIA","Stage II"
"TCGA-55-7910","PCD_C2",1040,0,1.31456500859168,0.364591429997865,"High MPCDS","Stage IIA","Stage II"
"TCGA-55-7911","PCD_C1",537,0,1.08616339129952,-0.356386113131437,"Low MPCDS","Stage IA","Stage I"
"TCGA-55-7913","PCD_C2",561,1,1.28595920134492,0.274293712877834,"High MPCDS","Stage IA","Stage I"
"TCGA-55-7914","PCD_C1",187,1,1.14835203395406,-0.160080082888819,"Low MPCDS","Stage IIA","Stage II"
"TCGA-55-7994","PCD_C1",603,0,1.32999290157164,0.413291454578338,"High MPCDS","Stage IIB","Stage II"
"TCGA-55-7995","PCD_C2",889,0,1.13934097701142,-0.188524582417886,"Low MPCDS","Stage IA","Stage I"
"TCGA-55-8085","PCD_C2",904,0,1.16098170446306,-0.120212988592098,"Low MPCDS","Stage IA","Stage I"
"TCGA-55-8087","PCD_C1",462,0,0.728128235477831,-1.48656772068124,"Low MPCDS","Stage IB","Stage I"
"TCGA-55-8089","PCD_C2",702,1,1.76649165808002,1.79115298103086,"High MPCDS","Stage IA","Stage I"
"TCGA-55-8090","PCD_C1",598,1,1.25991839365897,0.192092729499932,"High MPCDS","Stage IA","Stage I"
"TCGA-55-8091","PCD_C1",600,0,1.2221988551612,0.0730264088823323,"High MPCDS","Stage IB","Stage I"
"TCGA-55-8092","PCD_C2",154,1,1.06211084416497,-0.432310909744796,"Low MPCDS","Stage IIB","Stage II"
"TCGA-55-8094","PCD_C2",541,0,1.17228980952975,-0.0845175766896471,"Low MPCDS","Stage IV","Stage IV"
"TCGA-55-8096","PCD_C1",719,1,1.20869907857432,0.0304127187001121,"High MPCDS","Stage IB","Stage I"
"TCGA-55-8097","PCD_C1",476,0,0.65140171575673,-1.72876433179638,"Low MPCDS","Stage IA","Stage I"
"TCGA-55-8203","PCD_C2",547,0,1.26330246458748,0.202774961844619,"High MPCDS","Stage IA","Stage I"
"TCGA-55-8204","PCD_C2",515,0,1.88163179466747,2.15460685573001,"High MPCDS","Stage IB","Stage I"
"TCGA-55-8205","PCD_C1",599,0,1.32144918919282,0.386322185126097,"High MPCDS","Stage IIA","Stage II"
"TCGA-55-8206","PCD_C1",888,0,0.691115385385468,-1.60340329321429,"Low MPCDS","Stage IA","Stage I"
"TCGA-55-8207","PCD_C1",977,0,1.08453024749311,-0.361541330607907,"Low MPCDS","Stage IB","Stage I"
"TCGA-55-8208","PCD_C2",674,0,1.2354192607253,0.114758230380702,"High MPCDS","Stage IA","Stage I"
"TCGA-55-8299","PCD_C1",469,1,1.34128004080702,0.448920685278902,"High MPCDS","Stage IA","Stage I"
"TCGA-55-8301","PCD_C2",534,0,0.930346197735708,-0.848242075995456,"Low MPCDS","Stage IB","Stage I"
"TCGA-55-8302","PCD_C2",478,0,1.70806019505616,1.60670694622672,"High MPCDS","Stage IB","Stage I"
"TCGA-55-8505","PCD_C2",440,0,1.96581752766623,2.4203493827032,"High MPCDS","Stage IIIA","Stage III"
"TCGA-55-8506","PCD_C1",11,0,0.947925430710623,-0.792751084510314,"Low MPCDS","Stage IIB","Stage II"
"TCGA-55-8507","PCD_C2",418,0,1.13141787791048,-0.213534810416639,"Low MPCDS","Stage IA","Stage I"
"TCGA-55-8508","PCD_C2",617,0,1.10149599594466,-0.307986877793768,"Low MPCDS","Stage IIA","Stage II"
"TCGA-55-8510","PCD_C2",539,0,1.06187458828221,-0.43305668023415,"Low MPCDS","Stage IB","Stage I"
"TCGA-55-8511","PCD_C1",552,0,1.41892221728375,0.694007678545668,"High MPCDS","Stage IB","Stage I"
"TCGA-55-8512","PCD_C2",607,1,1.14398976134123,-0.173850128075643,"Low MPCDS","Stage IV","Stage IV"
"TCGA-55-8513","PCD_C1",791,0,0.808581772381575,-1.23260632557113,"Low MPCDS","Stage IIB","Stage II"
"TCGA-55-8514","PCD_C2",520,0,0.717993024375835,-1.51856074982895,"Low MPCDS","Stage IB","Stage I"
"TCGA-55-8614","PCD_C2",536,0,1.52505472347016,1.02902787001197,"High MPCDS","Stage IB","Stage I"
"TCGA-55-8615","PCD_C2",446,0,1.10444208023953,-0.298687203641067,"Low MPCDS","Stage IIIA","Stage III"
"TCGA-55-8616","PCD_C1",48,0,1.05025120892174,-0.469747293871339,"Low MPCDS","Stage IB","Stage I"
"TCGA-55-8619","PCD_C1",416,0,0.805067363509729,-1.24369998551984,"Low MPCDS","Stage IIB","Stage II"
"TCGA-55-8620","PCD_C2",375,1,1.37927298824519,0.568850054540653,"High MPCDS","Stage IV","Stage IV"
"TCGA-55-8621","PCD_C1",515,0,0.927864455408232,-0.856075998132943,"Low MPCDS","Stage IA","Stage I"
"TCGA-55-A48X","PCD_C2",689,0,1.14139778818502,-0.182032007259248,"Low MPCDS","Stage IIA","Stage II"
"TCGA-55-A48Y","PCD_C2",630,0,1.51028357732905,0.98240094687419,"High MPCDS","Stage IIA","Stage II"
"TCGA-55-A48Z","PCD_C2",651,0,1.1825758334717,-0.0520484884311774,"High MPCDS","Stage IIIB","Stage III"
"TCGA-55-A490","PCD_C1",99,1,1.19171113570965,-0.0232117934841574,"High MPCDS","Stage IIA","Stage II"
"TCGA-55-A491","PCD_C2",626,0,0.971156501385061,-0.719419378466856,"Low MPCDS","Stage IA","Stage I"
"TCGA-55-A492","PCD_C2",596,0,0.773281595916616,-1.34403563505444,"Low MPCDS","Stage IA","Stage I"
"TCGA-55-A493","PCD_C1",28,0,1.65260359566625,1.43165143106676,"High MPCDS","Stage IB","Stage I"
"TCGA-55-A494","PCD_C2",481,0,1.02620283702267,-0.545658910845015,"Low MPCDS","Stage IB","Stage I"
"TCGA-55-A4DF","PCD_C2",440,1,1.47885230528828,0.883184305757359,"High MPCDS","Stage IA","Stage I"
"TCGA-55-A4DG","PCD_C1",608,0,0.703952623208206,-1.56288098739294,"Low MPCDS","Stage IA","Stage I"
"TCGA-55-A57B","PCD_C1",546,0,0.939842970407635,-0.818264355566684,"Low MPCDS","Stage IA","Stage I"
"TCGA-62-8394","PCD_C2",139,1,1.32632654417363,0.401718150586942,"High MPCDS","Stage IIIB","Stage III"
"TCGA-62-8395","PCD_C2",1216,0,0.883818210041618,-0.995113340096552,"Low MPCDS","Stage IIB","Stage II"
"TCGA-62-8397","PCD_C1",1289,0,0.713131636235398,-1.53390631401209,"Low MPCDS","Stage IIB","Stage II"
"TCGA-62-8398","PCD_C2",444,1,1.65646194435001,1.44383077895201,"High MPCDS","Stage IIIA","Stage III"
"TCGA-62-8399","PCD_C1",2696,0,1.19366094796016,-0.0170569734675321,"High MPCDS","Stage IIIA","Stage III"
"TCGA-62-8402","PCD_C2",1498,1,0.996706507936411,-0.638767668690363,"Low MPCDS","Stage IIIA","Stage III"
"TCGA-62-A46O","PCD_C2",1454,1,1.61650084571579,1.31768870055688,"High MPCDS","Stage IB","Stage I"
"TCGA-62-A46P","PCD_C1",594,1,0.754544306281664,-1.40318217353375,"Low MPCDS","Stage IB","Stage I"
"TCGA-62-A46R","PCD_C1",1725,1,0.737068527968293,-1.45834659777042,"Low MPCDS","Stage IB","Stage I"
"TCGA-62-A46S","PCD_C1",1653,1,0.774769832768074,-1.33933783404287,"Low MPCDS","Stage IB","Stage I"
"TCGA-62-A46U","PCD_C1",2067,0,1.0277250927733,-0.540853725031885,"Low MPCDS","Stage IIB","Stage II"
"TCGA-62-A46V","PCD_C1",2199,0,1.08156286656713,-0.370908230172396,"Low MPCDS","Stage IB","Stage I"
"TCGA-62-A46Y","PCD_C1",414,1,1.096803643084,-0.322798861513868,"Low MPCDS","Stage IIIA","Stage III"
"TCGA-62-A470","PCD_C2",1194,1,1.07893740121414,-0.379195831557233,"Low MPCDS","Stage IB","Stage I"
"TCGA-62-A471","PCD_C2",1246,0,2.09858157172723,2.83943526938747,"High MPCDS","Stage IIB","Stage II"
"TCGA-62-A472","PCD_C1",910,0,1.33428093385236,0.426827151108286,"High MPCDS","Stage IIB","Stage II"
"TCGA-64-1676","PCD_C1",1728,0,1.19279223500727,-0.0197991717842009,"High MPCDS","Stage IA","Stage I"
"TCGA-64-1677","PCD_C2",628,1,1.51880795818424,1.00930919401595,"High MPCDS","Stage IIIA","Stage III"
"TCGA-64-1678","PCD_C2",1189,0,1.3736579468363,0.551125491958526,"High MPCDS",NA,NA
"TCGA-64-1679","PCD_C1",2488,0,1.47852305544632,0.882144988501452,"High MPCDS","Stage IIIA","Stage III"
"TCGA-64-1680","PCD_C1",1126,0,1.21366644866731,0.0460928278338251,"High MPCDS","Stage IV","Stage IV"
"TCGA-64-1681","PCD_C1",1167,1,0.94951486457059,-0.787733842807249,"Low MPCDS","Stage IA","Stage I"
"TCGA-64-5774","PCD_C2",2676,0,1.5067699553411,0.971309770820429,"High MPCDS","Stage IB","Stage I"
"TCGA-64-5775","PCD_C1",62,1,1.48966769766622,0.917324410004759,"High MPCDS","Stage IIIA","Stage III"
"TCGA-64-5778","PCD_C2",1305,0,1.10356749525199,-0.301447937750795,"Low MPCDS","Stage IB","Stage I"
"TCGA-64-5779","PCD_C2",864,0,1.43805641263269,0.754407098287016,"High MPCDS","Stage IIIA","Stage III"
"TCGA-64-5781","PCD_C2",1559,0,1.50265026669847,0.958305471502262,"High MPCDS","Stage IB","Stage I"
"TCGA-64-5815","PCD_C1",866,0,1.44032659859349,0.761573216968102,"High MPCDS","Stage IIB","Stage II"
"TCGA-67-3770","PCD_C1",610,0,0.64793426197474,-1.73970977228096,"Low MPCDS","Stage IA","Stage I"
"TCGA-67-3771","PCD_C2",610,0,1.27025995960723,0.224737142870924,"High MPCDS","Stage IA","Stage I"
"TCGA-67-3772","PCD_C1",573,0,1.07910879916633,-0.378654793030736,"Low MPCDS","Stage IB","Stage I"
"TCGA-67-3773","PCD_C1",427,0,0.891552203953609,-0.970700045675295,"Low MPCDS","Stage IB","Stage I"
"TCGA-67-3774","PCD_C2",385,0,0.967209677243144,-0.731878009919377,"Low MPCDS","Stage IB","Stage I"
"TCGA-67-4679","PCD_C1",448,0,0.781634219166702,-1.31766956172743,"Low MPCDS",NA,NA
"TCGA-67-6215","PCD_C1",174,0,1.17609581288062,-0.0725034632276391,"Low MPCDS","Stage IB","Stage I"
"TCGA-67-6216","PCD_C1",141,0,1.18543429146666,-0.0430254173742429,"High MPCDS","Stage IA","Stage I"
"TCGA-67-6217","PCD_C1",422,0,0.575308835145218,-1.96896078383263,"Low MPCDS","Stage IIA","Stage II"
"TCGA-69-7760","PCD_C2",202,0,1.12928018349813,-0.220282703376655,"Low MPCDS","Stage IIB","Stage II"
"TCGA-69-7761","PCD_C2",186,0,1.34927493372688,0.474157539217515,"High MPCDS","Stage IB","Stage I"
"TCGA-69-7763","PCD_C1",690,0,1.23377262866431,0.109560435584653,"High MPCDS","Stage IA","Stage I"
"TCGA-69-7764","PCD_C1",414,0,0.867981905573639,-1.04510256531717,"Low MPCDS","Stage IA","Stage I"
"TCGA-69-7765","PCD_C1",165,0,1.27996027302238,0.255357364463721,"High MPCDS",NA,NA
"TCGA-69-7973","PCD_C2",230,0,1.344492741585,0.459061966856403,"High MPCDS","Stage IB","Stage I"
"TCGA-69-7974","PCD_C1",184,0,1.30664848204785,0.339601949076678,"High MPCDS","Stage IIIA","Stage III"
"TCGA-69-7978","PCD_C1",134,0,1.52617593357917,1.03256710637688,"High MPCDS","Stage IIB","Stage II"
"TCGA-69-7979","PCD_C2",408,0,1.43196852289102,0.735189932310582,"High MPCDS","Stage IB","Stage I"
"TCGA-69-7980","PCD_C1",411,0,1.16913181798721,-0.0944861618973997,"Low MPCDS","Stage I","Stage I"
"TCGA-69-8253","PCD_C2",426,0,1.25322191891012,0.170954490772522,"High MPCDS","Stage IIA","Stage II"
"TCGA-69-8254","PCD_C1",409,0,1.16142322823849,-0.118819264980971,"Low MPCDS",NA,NA
"TCGA-69-8255","PCD_C2",129,0,1.19508217271218,-0.0125707043154422,"High MPCDS","Stage IA","Stage I"
"TCGA-69-8453","PCD_C1",813,0,1.01903689053092,-0.568279094349257,"Low MPCDS","Stage IIB","Stage II"
"TCGA-69-A59K","PCD_C2",591,0,1.40144407410123,0.638835789311289,"High MPCDS","Stage IIB","Stage II"
"TCGA-71-6725","PCD_C2",256,0,0.514584156498448,-2.1606456332532,"Low MPCDS","Stage IB","Stage I"
"TCGA-71-8520","PCD_C1",210,1,1.27051776592467,0.225550939933981,"High MPCDS","Stage IB","Stage I"
"TCGA-73-4658","PCD_C1",1600,1,1.30546886395746,0.335878340799629,"High MPCDS","Stage IB","Stage I"
"TCGA-73-4659","PCD_C2",711,1,1.23650802153319,0.11819503657162,"High MPCDS","Stage IIIA","Stage III"
"TCGA-73-4662","PCD_C1",2515,0,0.835714266599637,-1.1469593005972,"Low MPCDS","Stage IA","Stage I"
"TCGA-73-4666","PCD_C2",800,0,1.48761785949622,0.910853845981877,"High MPCDS","Stage IV","Stage IV"
"TCGA-73-4668","PCD_C2",467,0,1.45518208953724,0.808466384755549,"High MPCDS","Stage IIB","Stage II"
"TCGA-73-4670","PCD_C2",131,0,1.64685203759738,1.41349593700845,"High MPCDS","Stage IV","Stage IV"
"TCGA-73-4675","PCD_C2",922,1,1.28334197674938,0.266032124448313,"High MPCDS","Stage IIIA","Stage III"
"TCGA-73-4676","PCD_C2",281,1,1.50390522431265,0.962266898168717,"High MPCDS","Stage IIA","Stage II"
"TCGA-73-4677","PCD_C2",38,1,1.02958102021728,-0.534995263849998,"Low MPCDS",NA,NA
"TCGA-73-7498","PCD_C2",1189,0,0.832414121462057,-1.15737661095371,"Low MPCDS","Stage IA","Stage I"
"TCGA-73-7499","PCD_C2",1531,1,1.15102476497699,-0.151643281655971,"Low MPCDS","Stage IB","Stage I"
"TCGA-73-A9RS","PCD_C2",340,1,1.31736582939583,0.373432562237029,"High MPCDS","Stage IIB","Stage II"
"TCGA-75-5125","PCD_C1",2027,1,1.33491733959085,0.428836043388494,"High MPCDS","Stage IIB","Stage II"
"TCGA-75-5146","PCD_C1",2368,0,0.80468871363039,-1.24489524001474,"Low MPCDS","Stage IB","Stage I"
"TCGA-75-5147","PCD_C2",1333,0,1.05639551688986,-0.450352036886713,"Low MPCDS","Stage IB","Stage I"
"TCGA-75-6206","PCD_C2",2590,0,0.719227916225154,-1.51466266319494,"Low MPCDS","Stage IB","Stage I"
"TCGA-75-6212","PCD_C1",1516,1,1.00014702902286,-0.627907244541873,"Low MPCDS","Stage IIB","Stage II"
"TCGA-75-6214","PCD_C2",1115,1,2.09669713703632,2.83348682160612,"High MPCDS","Stage IIIA","Stage III"
"TCGA-75-7025","PCD_C1",3305,0,0.899307245538048,-0.94622031171062,"Low MPCDS","Stage IB","Stage I"
"TCGA-75-7027","PCD_C2",3059,0,1.82838980837663,1.98654203673973,"High MPCDS","Stage IB","Stage I"
"TCGA-78-7143","PCD_C2",4961,1,1.22653040118108,0.0866994618334713,"High MPCDS","Stage IB","Stage I"
"TCGA-78-7145","PCD_C1",826,1,1.40967556719695,0.66481950054239,"High MPCDS","Stage IV","Stage IV"
"TCGA-78-7146","PCD_C2",173,1,1.94659532088916,2.3596721441619,"High MPCDS","Stage IIIA","Stage III"
"TCGA-78-7147","PCD_C2",586,1,1.1709095919852,-0.0888744015932885,"Low MPCDS","Stage IIB","Stage II"
"TCGA-78-7148","PCD_C2",626,1,1.56098563577147,1.14244817403832,"High MPCDS","Stage IIB","Stage II"
"TCGA-78-7149","PCD_C2",3940,0,1.21412767856881,0.0475487562337292,"High MPCDS","Stage IIIB","Stage III"
"TCGA-78-7150","PCD_C2",666,1,2.15122495216283,3.00561051603615,"High MPCDS","Stage IIB","Stage II"
"TCGA-78-7152","PCD_C2",1215,1,1.21557884366902,0.0521295357440837,"High MPCDS","Stage IB","Stage I"
"TCGA-78-7153","PCD_C2",3635,0,1.04853018053455,-0.475179929738629,"Low MPCDS","Stage IB","Stage I"
"TCGA-78-7154","PCD_C2",593,1,1.54233023682369,1.08356013349412,"High MPCDS","Stage IIIA","Stage III"
"TCGA-78-7155","PCD_C1",1171,1,1.56722862643117,1.16215493496663,"High MPCDS","Stage IB","Stage I"
"TCGA-78-7156","PCD_C2",976,1,0.914968732063453,-0.896782920632976,"Low MPCDS","Stage IV","Stage IV"
"TCGA-78-7158","PCD_C1",179,1,1.27685359585135,0.245550759323974,"High MPCDS","Stage IIIB","Stage III"
"TCGA-78-7159","PCD_C2",1974,0,1.31416355830057,0.363324203224223,"High MPCDS","Stage IA","Stage I"
"TCGA-78-7160","PCD_C2",697,1,1.4610080315137,0.826856680684254,"High MPCDS","Stage IV","Stage IV"
"TCGA-78-7161","PCD_C1",291,1,1.18205052301998,-0.053706694898139,"High MPCDS","Stage IIB","Stage II"
"TCGA-78-7162","PCD_C2",3169,1,1.04615551513543,-0.482675850500967,"Low MPCDS","Stage IA","Stage I"
"TCGA-78-7163","PCD_C2",7248,0,1.01266839512838,-0.588382026295149,"Low MPCDS","Stage IB","Stage I"
"TCGA-78-7166","PCD_C2",258,1,1.64412062307811,1.40487389416689,"High MPCDS","Stage IIB","Stage II"
"TCGA-78-7167","PCD_C2",2681,1,0.963689526164595,-0.742989795843423,"Low MPCDS","Stage IV","Stage IV"
"TCGA-78-7220","PCD_C2",807,1,1.67565652008336,1.50442079673609,"High MPCDS","Stage IIIA","Stage III"
"TCGA-78-7535","PCD_C2",949,1,0.916435979861041,-0.892151374128145,"Low MPCDS","Stage IB","Stage I"
"TCGA-78-7536","PCD_C2",244,1,1.25828759480138,0.186944914140215,"High MPCDS","Stage IIIA","Stage III"
"TCGA-78-7537","PCD_C1",1622,1,0.834383213635744,-1.15116093150971,"Low MPCDS","Stage IB","Stage I"
"TCGA-78-7539","PCD_C1",791,0,0.803295164357474,-1.24929414814389,"Low MPCDS","Stage IIA","Stage II"
"TCGA-78-7540","PCD_C2",1197,1,1.35927154852529,0.505713072240488,"High MPCDS","Stage IB","Stage I"
"TCGA-78-7542","PCD_C2",321,1,2.16590277231325,3.0519428443095,"High MPCDS","Stage IB","Stage I"
"TCGA-78-7633","PCD_C2",1528,1,1.08569821306108,-0.35785450493811,"Low MPCDS","Stage IB","Stage I"
"TCGA-78-8640","PCD_C2",7062,0,1.62963336080651,1.3591430850637,"High MPCDS","Stage IIA","Stage II"
"TCGA-78-8648","PCD_C1",1209,1,0.970903594491512,-0.720217709901255,"Low MPCDS","Stage IIB","Stage II"
"TCGA-78-8655","PCD_C1",2360,0,1.03830580001988,-0.507454433005652,"Low MPCDS","Stage IA","Stage I"
"TCGA-78-8660","PCD_C2",321,1,1.32149605709971,0.386470129386543,"High MPCDS","Stage IIB","Stage II"
"TCGA-78-8662","PCD_C2",3361,1,1.16754026731835,-0.0995100855657411,"Low MPCDS","Stage IB","Stage I"
"TCGA-80-5608","PCD_C2",2832,0,1.19906084591117,-1.15374324534179e-05,"High MPCDS","Stage IA","Stage I"
"TCGA-80-5611","PCD_C2",2595,0,1.47787607442661,0.880102714057098,"High MPCDS","Stage IB","Stage I"
"TCGA-83-5908","PCD_C1",824,0,1.54036878288696,1.07736856507604,"High MPCDS","Stage IA","Stage I"
"TCGA-86-6562","PCD_C1",376,1,1.26974079021746,0.22309832141448,"High MPCDS","Stage IIA","Stage II"
"TCGA-86-6851","PCD_C1",179,0,0.777987370516571,-1.32918128397838,"Low MPCDS","Stage IIA","Stage II"
"TCGA-86-7701","PCD_C2",947,0,1.22957790765388,0.0963192874523815,"High MPCDS","Stage IV","Stage IV"
"TCGA-86-7711","PCD_C2",1046,1,1.41451943076038,0.680109746262295,"High MPCDS","Stage IIA","Stage II"
"TCGA-86-7713","PCD_C2",1157,0,1.26852240284382,0.219252333169565,"High MPCDS","Stage IIA","Stage II"
"TCGA-86-7714","PCD_C1",625,1,1.19638047939781,-0.00847244102147884,"High MPCDS","Stage IIIA","Stage III"
"TCGA-86-7953","PCD_C1",997,0,1.23837009591584,0.124072901314634,"High MPCDS","Stage IA","Stage I"
"TCGA-86-7954","PCD_C1",605,0,0.901498305668244,-0.9393039633579,"Low MPCDS","Stage IB","Stage I"
"TCGA-86-7955","PCD_C2",1072,0,1.45046793643624,0.793585585919756,"High MPCDS","Stage IB","Stage I"
"TCGA-86-8054","PCD_C2",1148,0,1.45061279133647,0.794042838067607,"High MPCDS","Stage IIB","Stage II"
"TCGA-86-8055","PCD_C1",124,1,1.5308470526663,1.04731206310281,"High MPCDS","Stage IIA","Stage II"
"TCGA-86-8056","PCD_C1",139,0,0.997877859139246,-0.63507015585147,"Low MPCDS","Stage IIIA","Stage III"
"TCGA-86-8073","PCD_C2",740,0,1.35478139507273,0.491539355596626,"High MPCDS","Stage IB","Stage I"
"TCGA-86-8074","PCD_C1",24,0,1.54769290489263,1.10048804886879,"High MPCDS","Stage IIA","Stage II"
"TCGA-86-8075","PCD_C1",694,1,1.60942397467209,1.29534969456112,"High MPCDS","Stage IB","Stage I"
"TCGA-86-8076","PCD_C1",993,0,1.04411507262681,-0.489116755973532,"Low MPCDS","Stage IA","Stage I"
"TCGA-86-8278","PCD_C1",944,0,0.971967304631858,-0.716859979195663,"Low MPCDS","Stage IIB","Stage II"
"TCGA-86-8279","PCD_C2",949,0,0.862757376146101,-1.06159442923359,"Low MPCDS","Stage IIA","Stage II"
"TCGA-86-8280","PCD_C1",701,0,0.832226215959343,-1.15796975757541,"Low MPCDS","Stage IIA","Stage II"
"TCGA-86-8358","PCD_C2",653,0,1.86909550996033,2.11503454509895,"High MPCDS","Stage IB","Stage I"
"TCGA-86-8359","PCD_C2",444,1,1.25635613691331,0.180848031905739,"High MPCDS","Stage IIIA","Stage III"
"TCGA-86-8585","PCD_C2",353,0,1.24685342434179,0.150851561459922,"High MPCDS","Stage IB","Stage I"
"TCGA-86-8668","PCD_C1",423,0,1.08535271656154,-0.358945106748892,"Low MPCDS","Stage IA","Stage I"
"TCGA-86-8669","PCD_C2",938,0,0.997607316263687,-0.635924157412597,"Low MPCDS","Stage IA","Stage I"
"TCGA-86-8671","PCD_C1",839,0,0.851959623798904,-1.09567885057393,"Low MPCDS","Stage IIB","Stage II"
"TCGA-86-8672","PCD_C2",19,1,1.66449174646395,1.46917782801654,"High MPCDS","Stage IIB","Stage II"
"TCGA-86-8673","PCD_C2",862,0,1.21526217963881,0.0511299471369405,"High MPCDS","Stage IB","Stage I"
"TCGA-86-8674","PCD_C2",806,0,1.52796217801172,1.03820560464005,"High MPCDS","Stage IIA","Stage II"
"TCGA-86-A456","PCD_C1",896,0,0.872720987144218,-1.03014307672881,"Low MPCDS","Stage IA","Stage I"
"TCGA-86-A4D0","PCD_C2",116,1,1.32845401360221,0.408433767139421,"High MPCDS","Stage IIA","Stage II"
"TCGA-86-A4JF","PCD_C1",737,1,1.16321379227367,-0.113167131365596,"Low MPCDS","Stage IIB","Stage II"
"TCGA-86-A4P7","PCD_C1",415,0,0.712428505492321,-1.53612583190191,"Low MPCDS","Stage IB","Stage I"
"TCGA-86-A4P8","PCD_C1",805,0,0.489830082264147,-2.23878488566076,"Low MPCDS","Stage IIIA","Stage III"
"TCGA-91-6828","PCD_C1",323,0,0.968598339240443,-0.72749452907139,"Low MPCDS","Stage IA","Stage I"
"TCGA-91-6829","PCD_C1",1258,1,1.54743105243682,1.0996614796768,"High MPCDS","Stage IB","Stage I"
"TCGA-91-6830","PCD_C2",60,0,1.33344105016483,0.42417595588152,"High MPCDS","Stage IIA","Stage II"
"TCGA-91-6831","PCD_C2",310,0,1.22390511032915,0.0784124112824936,"High MPCDS","Stage IB","Stage I"
"TCGA-91-6835","PCD_C1",79,0,1.0624980417614,-0.431088673339051,"Low MPCDS","Stage IA","Stage I"
"TCGA-91-6836","PCD_C1",417,0,1.56117959321719,1.14306042435575,"High MPCDS","Stage IB","Stage I"
"TCGA-91-6840","PCD_C1",372,0,1.09721556565386,-0.321498577715958,"Low MPCDS","Stage IA","Stage I"
"TCGA-91-6847","PCD_C2",842,0,1.74232248710175,1.71486004704039,"High MPCDS","Stage IB","Stage I"
"TCGA-91-6848","PCD_C1",224,0,1.80526886898385,1.91355797350989,"High MPCDS","Stage IIIA","Stage III"
"TCGA-91-6849","PCD_C2",35,0,0.913804370825073,-0.900458368797111,"Low MPCDS","Stage IIIA","Stage III"
"TCGA-91-7771","PCD_C1",492,0,1.03793307203002,-0.508630994334634,"Low MPCDS","Stage IIB","Stage II"
"TCGA-91-8496","PCD_C1",505,0,0.690015907291627,-1.60687392982457,"Low MPCDS","Stage IB","Stage I"
"TCGA-91-8497","PCD_C1",434,1,0.752930891293115,-1.40827511459206,"Low MPCDS","Stage IA","Stage I"
"TCGA-91-8499","PCD_C1",36,0,1.77096416003998,1.80527097858692,"High MPCDS","Stage IA","Stage I"
"TCGA-91-A4BC","PCD_C2",44,0,0.88667679043163,-0.986089882684722,"Low MPCDS","Stage IIA","Stage II"
"TCGA-91-A4BD","PCD_C1",603,0,0.593418651259023,-1.91179494200081,"Low MPCDS","Stage IIA","Stage II"
"TCGA-93-7347","PCD_C1",683,0,0.918863026987752,-0.884490104058254,"Low MPCDS","Stage IA","Stage I"
"TCGA-93-7348","PCD_C1",531,0,1.11857972742737,-0.25405999716171,"Low MPCDS","Stage IA","Stage I"
"TCGA-93-8067","PCD_C2",186,0,1.76585273991029,1.7891361579552,"High MPCDS","Stage IB","Stage I"
"TCGA-93-A4JN","PCD_C1",718,0,1.36576172569491,0.526200107515025,"High MPCDS","Stage IV","Stage IV"
"TCGA-93-A4JO","PCD_C2",33,1,0.903950321278204,-0.931563877227414,"Low MPCDS","Stage IA","Stage I"
"TCGA-93-A4JP","PCD_C1",578,0,0.887443194104444,-0.983670636080336,"Low MPCDS","Stage IV","Stage IV"
"TCGA-93-A4JQ","PCD_C2",526,0,1.4561447900996,0.811505266416932,"High MPCDS","Stage IA","Stage I"
"TCGA-95-7039","PCD_C2",1272,0,1.40936303214679,0.663832945564051,"High MPCDS","Stage IIB","Stage II"
"TCGA-95-7043","PCD_C2",503,1,1.24992409132862,0.160544496064241,"High MPCDS","Stage IA","Stage I"
"TCGA-95-7562","PCD_C2",87,1,1.63305068467135,1.36993028435485,"High MPCDS","Stage IIA","Stage II"
"TCGA-95-7567","PCD_C1",568,0,0.99134035524308,-0.655706583706651,"Low MPCDS","Stage IIB","Stage II"
"TCGA-95-7944","PCD_C1",377,0,1.24319931536775,0.139316921111634,"High MPCDS","Stage IA","Stage I"
"TCGA-95-7947","PCD_C1",477,0,0.99775463535723,-0.635459126738219,"Low MPCDS","Stage IA","Stage I"
"TCGA-95-7948","PCD_C2",476,0,0.972504474803881,-0.715164336076061,"Low MPCDS","Stage IB","Stage I"
"TCGA-95-8039","PCD_C1",830,0,1.00984472447049,-0.597295286882655,"Low MPCDS","Stage IA","Stage I"
"TCGA-95-8494","PCD_C1",84,0,1.32525258978779,0.398328082671837,"High MPCDS","Stage IIA","Stage II"
"TCGA-95-A4VK","PCD_C1",651,0,1.25532299287674,0.177586786832169,"High MPCDS","Stage IIIA","Stage III"
"TCGA-95-A4VN","PCD_C1",553,0,1.28607492476277,0.274659007950947,"High MPCDS","Stage IIA","Stage II"
"TCGA-95-A4VP","PCD_C1",605,0,0.879897861080059,-1.00748839941541,"Low MPCDS","Stage IIIA","Stage III"
"TCGA-97-7546","PCD_C1",1285,0,0.967802032385461,-0.730008168714965,"Low MPCDS","Stage IA","Stage I"
"TCGA-97-7547","PCD_C1",1965,0,1.11448158202835,-0.266996292605672,"Low MPCDS","Stage IB","Stage I"
"TCGA-97-7552","PCD_C1",1932,0,0.97974587055663,-0.692305987783523,"Low MPCDS","Stage IB","Stage I"
"TCGA-97-7553","PCD_C1",1870,0,0.95359868691,-0.774842759846668,"Low MPCDS","Stage IA","Stage I"
"TCGA-97-7554","PCD_C1",775,0,1.17498904601614,-0.0759971077308309,"Low MPCDS","Stage IIIA","Stage III"
"TCGA-97-7937","PCD_C2",564,0,0.630040427409363,-1.79619384203081,"Low MPCDS","Stage IB","Stage I"
"TCGA-97-7938","PCD_C1",18,1,1.12697864154528,-0.227547801068377,"Low MPCDS","Stage IA","Stage I"
"TCGA-97-7941","PCD_C1",484,0,1.2087767614679,0.030657934221883,"High MPCDS","Stage IA","Stage I"
"TCGA-97-8171","PCD_C1",568,0,0.989104794874242,-0.662763402486439,"Low MPCDS","Stage IV","Stage IV"
"TCGA-97-8172","PCD_C1",545,0,0.62484510667508,-1.81259350514694,"Low MPCDS","Stage IB","Stage I"
"TCGA-97-8174","PCD_C1",164,1,0.864836637953183,-1.05503098591403,"Low MPCDS","Stage IIA","Stage II"
"TCGA-97-8175","PCD_C1",551,0,1.26217775716298,0.199224685777099,"High MPCDS","Stage IB","Stage I"
"TCGA-97-8176","PCD_C2",468,1,1.4855701369087,0.904389960052932,"High MPCDS","Stage IIIA","Stage III"
"TCGA-97-8177","PCD_C1",499,0,0.926011534340916,-0.86192496932047,"Low MPCDS","Stage IB","Stage I"
"TCGA-97-8179","PCD_C2",435,0,1.20599699743313,0.021883270241705,"High MPCDS","Stage IA","Stage I"
"TCGA-97-8547","PCD_C1",657,0,1.27111499853838,0.227436177471333,"High MPCDS","Stage IIIA","Stage III"
"TCGA-97-8552","PCD_C1",626,0,0.696833484047345,-1.58535341785225,"Low MPCDS","Stage I","Stage I"
"TCGA-97-A4LX","PCD_C1",614,0,0.950505577999568,-0.784606535118112,"Low MPCDS","Stage IB","Stage I"
"TCGA-97-A4M0","PCD_C1",652,0,0.708626176428479,-1.54812834702907,"Low MPCDS","Stage IB","Stage I"
"TCGA-97-A4M1","PCD_C1",601,0,0.566796304202605,-1.99583162528103,"Low MPCDS","Stage IA","Stage I"
"TCGA-97-A4M2","PCD_C1",624,0,0.580420504801434,-1.95282517554001,"Low MPCDS","Stage IA","Stage I"
"TCGA-97-A4M3","PCD_C2",540,0,1.13611952060928,-0.19869350219019,"Low MPCDS","Stage IA","Stage I"
"TCGA-97-A4M5","PCD_C1",634,0,1.08176549198508,-0.370268618344159,"Low MPCDS","Stage IA","Stage I"
"TCGA-97-A4M6","PCD_C1",568,0,0.970819642874931,-0.720482713411219,"Low MPCDS","Stage IA","Stage I"
"TCGA-97-A4M7","PCD_C1",629,0,0.987099942583235,-0.669091963099295,"Low MPCDS","Stage IA","Stage I"
"TCGA-99-7458","PCD_C1",747,0,1.27040043294873,0.225180564094594,"High MPCDS","Stage IIIA","Stage III"
"TCGA-99-8025","PCD_C2",1060,0,1.06254305746769,-0.430946575775548,"Low MPCDS","Stage IIIA","Stage III"
"TCGA-99-8028","PCD_C1",1118,0,0.94426273982582,-0.804312814705901,"Low MPCDS","Stage IA","Stage I"
"TCGA-99-8032","PCD_C2",44,0,1.28445984601086,0.269560815020785,"High MPCDS","Stage IA","Stage I"
"TCGA-99-8033","PCD_C2",656,1,1.74663599253672,1.72847615268645,"High MPCDS","Stage IV","Stage IV"
"TCGA-99-AA5R","PCD_C1",658,0,0.593511228160743,-1.91150271172704,"Low MPCDS","Stage IA","Stage I"
"TCGA-J2-8192","PCD_C1",739,0,1.41838958972986,0.692326374753866,"High MPCDS","Stage IIA","Stage II"
"TCGA-J2-8194","PCD_C2",724,0,1.14117326496975,-0.182740742153675,"Low MPCDS","Stage IIB","Stage II"
"TCGA-J2-A4AD","PCD_C2",550,1,1.75365476507533,1.75063176366971,"High MPCDS","Stage IA","Stage I"
"TCGA-J2-A4AE","PCD_C2",1079,0,0.799842127226214,-1.26019408071331,"Low MPCDS","Stage IA","Stage I"
"TCGA-J2-A4AG","PCD_C1",988,0,1.03606288308024,-0.514534473697812,"Low MPCDS","Stage IA","Stage I"
"TCGA-L4-A4E5","PCD_C2",578,0,1.23116949596679,0.101343329948778,"High MPCDS","Stage I","Stage I"
"TCGA-L4-A4E6","PCD_C1",435,0,0.511938338060028,-2.16899748163288,"Low MPCDS","Stage IA","Stage I"
"TCGA-L9-A443","PCD_C1",193,1,1.39104147260529,0.605998709794888,"High MPCDS","Stage IA","Stage I"
"TCGA-L9-A444","PCD_C1",307,0,0.773139442694976,-1.34448435902452,"Low MPCDS","Stage IA","Stage I"
"TCGA-L9-A50W","PCD_C1",442,1,0.969485397192823,-0.724694422527915,"Low MPCDS","Stage IIA","Stage II"
"TCGA-L9-A5IP","PCD_C2",58,1,1.81907935021109,1.95715244075883,"High MPCDS","Stage IV","Stage IV"
"TCGA-L9-A743","PCD_C1",664,0,1.06073845294252,-0.436643029908849,"Low MPCDS","Stage IIA","Stage II"
"TCGA-L9-A7SV","PCD_C1",565,0,0.792042473575391,-1.28481463810295,"Low MPCDS","Stage IIA","Stage II"
"TCGA-L9-A8F4","PCD_C2",476,0,0.951804543930966,-0.780506190834515,"Low MPCDS","Stage IB","Stage I"
"TCGA-MN-A4N1","PCD_C2",827,0,1.40411684083668,0.647272703275082,"High MPCDS","Stage IIA","Stage II"
"TCGA-MN-A4N4","PCD_C2",1175,0,1.23872106204776,0.125180768686657,"High MPCDS","Stage IA","Stage I"
"TCGA-MN-A4N5","PCD_C1",84,0,1.14614095876643,-0.167059611209822,"Low MPCDS","Stage IA","Stage I"
"TCGA-MP-A4SV","PCD_C1",2620,1,1.22485005846794,0.0813952552551774,"High MPCDS","Stage IB","Stage I"
"TCGA-MP-A4SW","PCD_C1",1778,1,1.02965876916011,-0.534749839835739,"Low MPCDS","Stage IIB","Stage II"
"TCGA-MP-A4SY","PCD_C1",1501,1,1.52765783134589,1.03724489729486,"High MPCDS","Stage IIB","Stage II"
"TCGA-MP-A4T4","PCD_C1",2617,1,1.21213379943168,0.0412548337185427,"High MPCDS","Stage IIB","Stage II"
"TCGA-MP-A4T6","PCD_C1",1790,1,0.850419023700832,-1.10054194255559,"Low MPCDS","Stage IIIA","Stage III"
"TCGA-MP-A4T7","PCD_C2",167,1,1.1565275803955,-0.134272974090876,"Low MPCDS","Stage IV","Stage IV"
"TCGA-MP-A4T8","PCD_C2",161,1,1.53561535010702,1.06236377514615,"High MPCDS","Stage IIIA","Stage III"
"TCGA-MP-A4T9","PCD_C1",1265,1,1.12828252332612,-0.223431939306858,"Low MPCDS","Stage IIIA","Stage III"
"TCGA-MP-A4TA","PCD_C2",950,1,1.71789879010821,1.63776367066048,"High MPCDS","Stage IA","Stage I"
"TCGA-MP-A4TC","PCD_C1",74,1,1.42742734629959,0.720855154910035,"High MPCDS","Stage IIIA","Stage III"
"TCGA-MP-A4TD","PCD_C2",307,1,1.02542669377959,-0.548108901590012,"Low MPCDS","Stage IIIA","Stage III"
"TCGA-MP-A4TE","PCD_C2",896,1,1.42613206877599,0.716766453535213,"High MPCDS","Stage IIA","Stage II"
"TCGA-MP-A4TF","PCD_C2",336,1,1.54826106826866,1.10228152581437,"High MPCDS","Stage IIA","Stage II"
"TCGA-MP-A4TH","PCD_C1",741,0,0.733814323550879,-1.46861889064437,"Low MPCDS","Stage IA","Stage I"
"TCGA-MP-A4TI","PCD_C1",429,1,1.39709751840798,0.625115356496737,"High MPCDS","Stage IIA","Stage II"
"TCGA-MP-A4TJ","PCD_C1",339,1,0.981262342469437,-0.687519059359449,"Low MPCDS","Stage IA","Stage I"
"TCGA-MP-A4TK","PCD_C1",582,1,1.27973253800467,0.254638491123437,"High MPCDS","Stage IIB","Stage II"
"TCGA-MP-A5C7","PCD_C2",2248,0,1.07635362201216,-0.387351845525601,"Low MPCDS","Stage IB","Stage I"
"TCGA-NJ-A4YF","PCD_C2",2161,0,0.988541152890123,-0.664542607107374,"Low MPCDS","Stage IA","Stage I"
"TCGA-NJ-A4YG","PCD_C1",2261,0,1.05668005899273,-0.449453845058309,"Low MPCDS","Stage IB","Stage I"
"TCGA-NJ-A4YI","PCD_C1",4,1,0.838540880219196,-1.13803675019249,"Low MPCDS","Stage IIIA","Stage III"
"TCGA-NJ-A4YP","PCD_C1",50,0,1.46046115508616,0.825130398586089,"High MPCDS","Stage IB","Stage I"
"TCGA-NJ-A4YQ","PCD_C2",1432,0,1.09338951150539,-0.333575983964439,"Low MPCDS","Stage IA","Stage I"
"TCGA-NJ-A55A","PCD_C1",15,0,1.04743110599352,-0.478649292485277,"Low MPCDS","Stage IB","Stage I"
"TCGA-NJ-A55O","PCD_C1",13,0,0.867833221704398,-1.04557190407238,"Low MPCDS","Stage IIA","Stage II"
"TCGA-NJ-A55R","PCD_C2",603,0,1.34217732183921,0.45175306221982,"High MPCDS","Stage IA","Stage I"
"TCGA-NJ-A7XG","PCD_C1",617,0,1.2024631132675,0.0107281341544623,"High MPCDS","Stage IIIA","Stage III"
"TCGA-O1-A52J","PCD_C1",1798,1,0.63382852153488,-1.78423626122145,"Low MPCDS","Stage IA","Stage I"
"TCGA-S2-AA1A","PCD_C1",513,0,0.837761711796864,-1.14049629028453,"Low MPCDS","Stage IA","Stage I"
