"pathway","pval","padj","log2err","ES","NES","size","leadingEdge","enriched_cluster"
"HALLMARK_E2F_TARGETS",1.02669715933649e-37,5.13348579668245e-36,1.5959566534683,0.756107560959377,2.69822972773197,200,"MTHFD2;HMGB3;NOP56;CDCA3;UBE2T;PCNA;SNRPB;TMPO;CCNB2;AURKA;AURKB;RFC3;TIMELESS;SPC25;TIPIN;UNG;PA2G4;DSCC1;CDKN3;CHEK2;CENPM;CSE1L;RAN;HELLS;RBBP7;SPC24;MCM4;NCAPD2;UBE2S;ESPL1;BUB1B;MCM7;TBRG4;RAD51AP1;RANBP1;ORC6;CNOT9;POP7;TRA2B;ORC2;ASF1A;RACGAP1;GINS1;H2AZ1;PLK1;RRM2;TUBG1;RAD21;KIF2C;LBR;SPAG5;EXOSC8;CKS1B;SHMT1;CTPS1;MSH2;BIRC5;MYBL2;KIF18B;H2AX;STMN1;PAICS;SUV39H1;DDX39A;CDCA8;EZH2;CDC20;POLA2;DONSON;CDK1;TACC3;POLE;CDC25A;NME1;PSMC3IP;KIF4A;DUT;CHEK1;RFC2;E2F8;GINS4;ASF1B;SSRP1;LMNB1;PRDX4;DEPDC1;KIF22;MELK;ATAD2;DLGAP5;MCM3;KPNA2;HMMR;CDKN2A;RNASEH2A;LIG1;EED;NAA38;SRSF1;POLD2;TOP2A;MCM6;MAD2L1;TRIP13;NOLC1;PNN;MCM2;HMGA1;CKS2;MMS22L;POLD3;MKI67;MXD3;CTCF;RAD51C;BRCA1;XRCC6;JPT1;MRE11;XPO1;PRKDC;PRIM2;PHF5A;TFRC;TK1;SRSF2;PLK4;NUP107;GINS3;CENPE;SLBP;HMGB2;CBX5;NASP;MCM5;NUP153;SMC3;POLE4;BARD1;DEK;HNRNPD;LYAR;CCNE1;ILF3;PMS2;BRCA2;ZW10;TUBB;DCTPP1;DIAPH3;TCF19;RPA3;BRMS1L;STAG1;RPA1;PTTG1;SMC6;PPP1R8;NUP205;SYNCRIP;USP1;EIF2S1;TP53;SMC1A;ANP32E;WEE1;CDKN2C","PCD_C2"
"HALLMARK_MYC_TARGETS_V1",4.64381364666306e-37,1.16095341166576e-35,1.5829282179456,0.752073259785691,2.6814957795538,199,"ODC1;SNRPA1;ACP1;HSPD1;TXNL4A;COX5A;NOP56;PSMD14;SSB;HSPE1;RFC4;PCNA;CCT3;EIF2S2;PSMA4;CYC1;PSMD1;PA2G4;SNRPD1;VDAC3;SNRPA;AIMP2;HDGF;GNL3;TRIM28;RAN;EIF3J;COPS5;C1QBP;MCM4;CDC45;MCM7;RANBP1;TRA2B;ORC2;GOT2;H2AZ1;PWP1;HDAC2;XPOT;YWHAE;PSMD7;CTPS1;TARDBP;CCT7;TOMM70;ILF2;TCP1;PHB2;CCT5;CDC20;SLC25A3;CBX3;LSM2;NME1;CDK2;RUVBL2;DUT;SNRPG;IFRD1;PSMA7;BUB3;ERH;PPM1G;PSMD3;STARD7;TUFM;PRDX4;MRPL23;MRPS18B;NDUFAB1;KPNA2;CCT4;PSMA1;UBE2L3;VDAC1;HNRNPA3;CCNA2;HDDC2;SSBP1;EPRS1;RRM1;MRPL9;PRDX3;PTGES3;PSMB3;TFDP1;SRSF1;POLD2;MCM6;PRPS2;RPLP0;MAD2L1;CSTF2;NOLC1;EIF3B;APEX1;NCBP2;SNRPB2;UBA2;PSMC4;NOP16;MCM2;PPIA;YWHAQ;PSMB2;KARS1;KPNB1;XRCC6;SRPK1;HNRNPA2B1;HNRNPC;FBL;SRM;RPL6;SRSF3;XPO1;CAD;RPS10;SF3B3;SRSF2;CLNS1A;SRSF7;SNRPD2;RNPS1;DHX15;PSMC6;HNRNPR;IARS1;VBP1;DDX21;HSP90AB1;SET;MCM5;PCBP1;PRPF31;DEK;HNRNPD;CNBP;RPS3;HNRNPU;NCBP1;PABPC1;RAD23B;IMPDH2;CCT2;PSMD8;RPL18;RRP9;TYMS;ABCE1","PCD_C2"
"HALLMARK_OXIDATIVE_PHOSPHORYLATION",3.0203812867435e-30,5.03396881123917e-29,1.43181244608859,0.71778833703978,2.56148454164722,200,"IDH2;IDH1;COX5A;NDUFB4;NDUFS1;ATP5MC3;PDHX;GPI;ATP5MC1;COX17;SLC25A11;HSD17B10;CYC1;FH;VDAC2;ATP5F1B;ECHS1;MRPS11;NDUFS2;COX15;IMMT;ATP1B1;VDAC3;UQCRC1;NDUFA9;COX6A1;OAT;MDH2;ATP5F1C;CYCS;COX6C;GOT2;LRPPRC;UQCRB;SDHC;MRPL35;COX10;PDHA1;NDUFA8;DECR1;MRPL15;SUPV3L1;TOMM70;MGST3;NDUFB3;COX8A;COX5B;CPT1A;UQCRFS1;PHB2;SLC25A3;ATP5F1A;MRPS15;ETFA;DLD;IDH3B;TIMM10;HSPA9;UQCRH;MDH1;ATP5MF;COX7A2;MTX2;ATP5MC2;COX4I1;TIMM17A;OPA1;MRPS30;AIFM1;NDUFV1;MRPS12;ECI1;PMPCA;AFG3L2;ACADVL;NDUFV2;SDHA;NDUFAB1;NDUFS6;ATP6V1H;ETFB;VDAC1;PDHB;PRDX3;COX6B1;COX7A2L;TIMM50;NDUFS3;NDUFS8;NDUFB1;TIMM13;NQO2;SUCLG1;SLC25A12;MRPS22;ATP5ME;NDUFB5;PHYH;DLAT;ACAT1;ECH1;COX7B;NDUFA3;NDUFA1;TIMM9;ATP5F1E;ATP5PD;NDUFB6;NDUFB8;SUCLA2;ATP5F1D;ACO2;UQCRC2;SLC25A20;TIMM8B;MRPL11;UQCRQ;ATP6V0B;NDUFA5;HCCS;POLR2F;SLC25A6;ATP5PO;TOMM22;NDUFC1;ATP5PF;DLST;SDHB;GRPEL1;ATP6V1G1;HADHB;UQCR11;ACADM;CS;NDUFA6;MRPL34;SURF1;FDX1;IDH3A;NDUFB2;HADHA;ATP5PB","PCD_C2"
"HALLMARK_G2M_CHECKPOINT",7.23668156326357e-27,9.04585195407946e-26,1.34223377296446,0.696686961794185,2.48401751214185,199,"ODC1;SLC7A5;PBK;HMGB3;UCK2;GINS2;DTYMK;KMT5A;TROAP;E2F1;TMPO;CCNB2;AURKA;AURKB;CENPA;NEK2;SNRPD1;CDKN3;KIF23;EXO1;SQLE;PRC1;SLC7A1;UBE2S;ESPL1;CDC45;ORC6;CDC6;TRA2B;RACGAP1;H2AZ1;PLK1;NDC80;E2F2;RAD21;KIF2C;LBR;DKC1;CKS1B;BIRC5;MYBL2;POLQ;H2AX;STMN1;KNL1;SUV39H1;TTK;DDX39A;EZH2;CDC20;POLA2;KIF11;CDK1;MNAT1;TACC3;POLE;CENPF;CDC25A;TRAIP;TPX2;CDC7;KIF4A;CHEK1;BUB3;BUB1;LMNB1;KIF22;MCM3;KPNA2;EWSR1;RAD54L;HMMR;FBXO5;CCNA2;RBM14;NCL;CHMP1A;TFDP1;H2BC12;SRSF1;TOP2A;MCM6;MAD2L1;NSD2;NOLC1;INCENP;MCM2;PRMT5;HMGA1;CKS2;DBF4;MKI67;CTCF;KPNB1;JPT1;ATF5;XPO1;PRIM2;ORC5;KIF15;CUL4A;UBE2C;SRSF2;KIF5B;NUSAP1;PLK4;SFPQ;SLC38A1;NUP50;HIRA;ODF2;CENPE;CCNF;FANCC;STIL;SMC2;NASP;CHAF1A;E2F3;WRN;MCM5;LIG3;KIF20B;RBL1;BARD1;NUP98;HOXC10;HNRNPD;E2F4;EGF;ILF3;CBX1;BRCA2","PCD_C2"
"HALLMARK_INTERFERON_GAMMA_RESPONSE",1.3798038485441e-26,1.3798038485441e-25,1.33449749081658,-0.669859485228152,-2.74881697844713,198,"SAMHD1;HLA-DRB1;FGL2;HLA-DQA1;ICAM1;CD74;MARCHF1;CIITA;LCP2;IRF8;CD86;HLA-DMA;CD274;CSF2RB;P2RY14;FAS;CASP1;TXNIP;TRIM14;HERC6;FPR1;IL10RA;IFIT2;CCL2;NFKB1;CMKLR1;SSPN;MYD88;ST3GAL5;CD40;CD69;IFNAR2;IFIT1;JAK2;STAT4;SERPING1;RSAD2;XAF1;NOD1;SAMD9L;ST8SIA4;IFIH1;IFI44L;IFIT3;SOCS1;IL7;BANK1;HLA-G;IFI30;IFI44;DDX60;FCGR1A;IRF5;MVP;HLA-B;AUTS2;SELP;LAP3;PML;GPR18;ITGB7;C1R;CMPK2;VCAM1;MX1;EIF4E3;RAPGEF6;UPP1;PDE4B;PARP14;ZNFX1;OAS2;B2M;PTPN1;LY6E;BST2;TNFAIP3;DHX58;IL4R;LYSMD2;APOL6;MX2;CCL7;PTPN6;IFI27;IL2RB;SP110;CXCL10;TRIM21;IRF2;HELZ2;PELI1;IL15;GBP4;SLAMF7;LATS2;UBE2L6;TNFAIP2;TNFSF10;NLRC5;ARID5B;VAMP8;IL15RA;CXCL11;IL18BP;KLRK1;EPSTI1;STAT2;BPGM;TNFAIP6;CASP8;CASP4;TRAFD1;IRF7;CDKN1A;CXCL9;IRF4;PSMB10;BATF2;IRF9;HLA-A;TDRD7;CFH;HIF1A;PIM1;ZBP1;IFITM2;PSMB9","PCD_C1"
"HALLMARK_ALLOGRAFT_REJECTION",1.41986661699308e-25,1.18322218082757e-24,1.31101476274061,-0.659048086494848,-2.70815075696251,200,"TLR2;ELANE;LY86;CCL13;HLA-DRA;CD4;HLA-DOA;NLRP3;CD80;IGSF6;HLA-DQA1;SPI1;ICAM1;ITGB2;CD74;HLA-DMB;LCP2;CCR2;IRF8;NCF4;CD86;HLA-DMA;TGFB1;FGR;GPR65;PTPRC;FLNA;FAS;CD40LG;IL16;WAS;CD28;IL27RA;KRT1;CD96;CCL2;EREG;ITGAL;CCR5;CD40;HLA-E;ETS1;IFNAR2;IL10;JAK2;LTB;STAT4;CSF1;PRKCB;CCR1;BCAT1;ITK;CD1D;ST8SIA4;CFP;IL12RB1;HCLS1;SOCS1;CTSS;IL7;TLR3;IL2RA;HLA-G;FCGR2B;IL1B;CAPG;STAB1;TRAT1;IL12B;CRTAM;CD3G;IL2;CD2;DYRK3;CD3E;CCL19;CD247;TNF;CCL22;CXCR3;IL13;MAP4K1;IFNGR1;SIT1;APBB1;CCND2;ZAP70;TLR1;B2M;BCL10;HLA-DOB;IKBKB;FYB1;CD3D;CD47;PRF1;F2R;IL4R;SRGN;CCL4;THY1;CCL7;PTPN6;ELF4;LCK;IL2RB;DEGS1;CXCL13;IL18RAP;INHBA;IL15","PCD_C1"
"HALLMARK_INFLAMMATORY_RESPONSE",1.75652113506983e-25,1.25465795362131e-24,1.31101476274061,-0.664795623566631,-2.7321066393155,199,"TLR2;ROS1;ITGB3;SCARF1;NLRP3;CCL17;ICAM1;CYBB;GPR183;C3AR1;CLEC5A;MSR1;LCP2;AXL;PIK3R5;OLR1;PTGER4;CX3CL1;P2RX7;MARCO;IL7R;KCNA3;C5AR1;EMP3;FPR1;IL10RA;PTGER2;SLC31A2;CCL2;NFKB1;CMKLR1;EREG;OSM;DCBLD2;CCRL2;CD40;GPR132;CD69;RASGRP1;CCR7;IL10;SGMS2;CSF1;PTAFR;TNFRSF1B;LAMP3;CD14;SELL;ABCA1;PTGIR;CD48;TLR3;EBI3;ADGRE1;LTA;IL1B;STAB1;IL12B;SLAMF1;IL1R1;KCNJ2;NOD2;MEFV;TNFRSF9;HBEGF;CALCRL;GP1BA;RGS1;CCL22;AQP9;HRH1;RHOG;PTPRE;PDE4B;KLF6;TLR1;CXCR6;IFNAR1;HAS2;LY6E;NDP;BST2;RGS16;PDPN;SLC4A4;VIP;IL4R;GPC3;OSMR;IL18R1;AHR;CD82;CCL7;APLNR;LCK;IL2RB;CXCL10;MET;CD70;GNA15;IL18RAP;CSF3R;INHBA;IL15;BTG2;ADORA2B;ACVR1B;NMUR1;BEST1;MMP14;SEMA4D;TNFSF10;CCL24;IL15RA;SELE;CXCL11;SLC31A1;LYN;IFNGR2;LDLR;TNFAIP6;GABBR1;RNF144B;TIMP1;IRF7;CDKN1A;CHST2;CXCL9;ITGB8","PCD_C1"
"HALLMARK_EPITHELIAL_MESENCHYMAL_TRANSITION",8.68638380119819e-24,5.42898987574887e-23,1.26273988547916,-0.644453052245037,-2.64817705570842,200,"ITGB3;DAB2;PDLIM4;CDH11;VIM;PTX3;TGFB1;SLIT3;GLIPR1;TGFBI;FLNA;FAS;CD44;MGP;PMP22;DCN;AREG;ABI3BP;NOTCH2;TIMP3;EMP3;TNC;SLIT2;MATN3;COL8A2;MYLK;LAMA2;ELN;SGCD;ECM1;SGCG;WIPF1;ECM2;TFPI2;HTRA1;ITGA2;FBN1;FAP;FUCA1;NT5E;LUM;CXCL12;COL6A2;FMOD;EDIL3;CCN1;FBLN1;FBLN5;MMP2;LRP1;TGFBR3;CAPG;COL6A3;CD59;FGF2;EFEMP2;PRRX1;CALD1;GADD45A;SDC4;ANPEP;IGFBP4;SPARC;FSTL1;LRRC15;PDGFRB;ITGAV;LOXL1;VCAM1;COL1A1;COL1A2;BGN;THBS1;THBS2;SFRP4;COL16A1;TAGLN;COL5A1;MYL9;LOX;NTM;JUN;LGALS1;SERPINH1;NID2;GAS1;PRSS2;ACTA2;TNFAIP3;COL3A1;MAGEE1;COL11A1;GADD45B;FN1;OXTR;COMP;SDC1;THY1;FERMT2;MFAP5;COL5A2;PCOLCE;SPOCK1;TPM1;FBLN2;INHBA;ADAM12;IL15;MXRA5;TPM4;MMP14;VCAN;CCN2;POSTN;COL12A1;LOXL2;TNFRSF12A","PCD_C1"
"HALLMARK_MTORC1_SIGNALING",7.64113155148056e-18,4.24507308415586e-17,1.0864405425825,0.630428163212201,2.24777365365588,199,"G6PD;GSR;GCLC;SLC7A11;TXNRD1;ME1;PRDX1;SLC7A5;IDH1;HSPD1;MTHFD2;MLLT11;PSMD14;HSPE1;PHGDH;HSP90B1;PSMB5;ACSL3;EEF1E1;SDF2L1;EIF2S2;GPI;SLC1A5;PSMA4;ATP5MC1;PSMG1;AURKA;UNG;RPN1;IMMT;TRIB3;HMBS;CACYBP;DHCR7;SQLE;SHMT2;ATP2A2;GLA;COPS5;SORD;EGLN3;MCM4;PSAT1;ADIPOR2;XBP1;PLK1;RRM2;NFKBIB;TUBG1;PNO1;TOMM40;RIT1;UCHL5;STIP1;PSMA3;GMPS;DDX39A;GAPDH;PDAP1;CDC25A;EBP;HSPA9;FADS2;IFRD1;NAMPT;SERP1;BUB1;TPI1;SEC11A;SSR1;IDI1;PSME3;ALDOA;ABCF2;SCD;EPRS1;CCT6A;SLC2A1;FADS1;CYB5B;PSMC4;RAB1A;MCM2;PPIA;PSPH;GSK3B;QDPR;NUFIP1;ERO1A;PDK1;TFRC;SLC6A6;PSMD13;ACACA;PSMD12;SQSTM1;TCEA1;GOT1;YKT6;PSMC6;CCNF;HSPA5;HMGCS1;DHFR;ARPC5L;CALR;TBK1;TMEM97","PCD_C2"
"HALLMARK_TNFA_SIGNALING_VIA_NFKB",1.53625032418374e-13,7.68125162091869e-13,0.943632225232838,-0.544741614849317,-2.23872139027717,199,"TLR2;CSF2;CD83;CD80;ICAM1;GPR183;CFLAR;OLR1;PTGER4;PTX3;PLEK;CD44;IL6ST;IL7R;STAT5A;TRAF1;AREG;TNC;IFIT2;CCL2;NFKB1;CCRL2;TNFAIP8;CD69;EGR2;TIPARP;CSF1;REL;ABCA1;IFIH1;G0S2;CCN1;PFKFB3;IL1B;EGR1;IL12B;BCL2A1;EGR3;GADD45A;SGK1;SDC4;PLAU;TNFRSF9;HBEGF;TNF;EHD1;DENND5A;PTPRE;PDE4B;KLF6;BHLHE40;JUN;PLPP3;GFPT2;RNF19B;RCAN1;DUSP2;KLF10;KLF9;TNFAIP3;TRIB1;TNIP1;GADD45B;NR4A3;DRAM1;CCL4;CXCL10;JUNB;PHLDA1;FOSB;INHBA;SLC2A3;BTG2;IL23A;CXCL2;TNFAIP2;IER2;IL15RA;CXCL11;FOS;LITAF;DUSP1;PNRC1;IFNGR2;LDLR;SLC16A6;TUBB2A;PPP1R15A;TNFAIP6;SERPINB8;CDKN1A;ZFP36;NFKBIE;BTG3;MSC;TNFSF9;TRIP10","PCD_C1"
"HALLMARK_KRAS_SIGNALING_UP",2.99642860873144e-13,1.36201300396884e-12,0.932595211336209,-0.53422780232348,-2.19524107102321,200,"CSF2;F13A1;RETN;ITGB2;C3AR1;CD37;ENG;CLEC4A;DOCK2;IRF8;ETV1;LAT2;LAPTM5;IKZF1;PLAT;TLR8;IL7R;TRAF1;FCER1G;IL10RA;LCP1;CMKLR1;PDCD1LG2;EREG;SPARCL1;DCBLD2;SPRY2;TMEM100;ITGBL1;GUCY1A1;DUSP6;NRP1;ETS1;PPBP;CSF2RA;ITGA2;FUCA1;TNFRSF1B;MAFB;PECAM1;GYPC;MAP3K1;CTSS;G0S2;SPON1;MMP11;PIGR;MPZL2;HSD11B1;IL1B;CXCR4;EMP1;PRRX1;GNG11;ADGRA2;PLAU;ACE;HBEGF;GPNMB;MAP4K1;CCND2;ETV5;NIN;PEG3;ALDH1A3;FLT4;GFPT2;MALL;ADAM8;RGS16;TNFAIP3;TRIB1;TFPI;CBL;IL33;ADGRL4;KCNN4;EVI5;CXCL10;EPB41L3;RELN;INHBA;CA2;MMP9","PCD_C1"
"HALLMARK_INTERFERON_ALPHA_RESPONSE",4.93497278533074e-13,2.05623866055448e-12,0.921426003494898,-0.66868421295602,-2.51089515426371,97,"CD74;CASP1;TXNIP;TRIM14;HERC6;UBA7;IFIT2;CCRL2;CSF1;RSAD2;LAMP3;SELL;SAMD9L;IFIH1;IFI44L;IFIT3;IL7;LPAR6;IFI30;IFI44;DDX60;LAP3;CMPK2;MX1;PARP14;B2M;HLA-C;LY6E;BST2;CD47;DHX58;IL4R;IFI27;SP110;CXCL10;TRIM21;IRF2;HELZ2;IL15;TMEM140;GBP4;UBE2L6;NUB1;PROCR;CXCL11;TRIM5;GBP2;EPSTI1;STAT2;CASP8;SAMD9;TRAFD1;IRF7;BATF2;PARP9;IRF9;TDRD7;GMPR;IFITM2;PSMB9","PCD_C1"
"HALLMARK_IL6_JAK_STAT3_SIGNALING",7.69572952262691e-13,2.95989597024112e-12,0.921426003494898,-0.682840687279817,-2.51637105297884,87,"TLR2;CSF2;ITGB3;PIK3R5;TGFB1;CSF2RB;ITGA4;FAS;CD44;IL6ST;A2M;MYD88;ACVRL1;IL17RA;IL3RA;CSF2RA;CNTFR;LTB;CSF1;CCR1;TNFRSF1B;CD14;IL12RB1;SOCS1;IL7;EBI3;IL2RA;PDGFC;IL10RB;CD36;IL1B;IL1R1;IL9R;TNF;IFNGR1;TYK2;IFNAR1;JUN;PTPN1;HMOX1;CBL;IL4R;IL13RA1;OSMR;IL18R1;CCL7;CXCL10;CXCL13;CSF3R;GRB2;ACVR1B;CRLF2;TNFRSF12A;IL15RA;CXCL11;STAT2;IFNGR2","PCD_C1"
"HALLMARK_IL2_STAT5_SIGNALING",4.78607862562184e-11,1.70931379486494e-10,0.851339057116899,-0.504645725229669,-2.07085033234935,198,"CSF2;CD83;TLR7;FGL2;CCR4;IRF8;CD86;CAPN3;GPR65;LRRC8C;CD44;SLC39A8;TRAF1;GLIPR2;GATA1;SPRED2;IL10RA;PTGER2;ICOS;ECM1;AGER;IL3RA;NRP1;SPRY4;IL10;LTB;CSF1;CISH;NT5E;TNFRSF1B;SELL;WLS;SOCS1;CD48;IL2RA;COL6A1;MAP6;PRNP;CAPG;EMP1;SMPDL3A;TNFRSF9;SELP;CTSZ;CTLA4;TIAM1;TNFRSF8;BMPR2;ITGAV;GUCY1B1;PTH1R;DENND5A;IL13;ITIH5;IL1RL1;AHNAK;IFNGR1;KLF6;CCND2;NFKBIZ;BHLHE40;PRKCH;BATF3;SOCS2;CDC42SE2;EOMES;FLT3LG;RGS16;RORA;GADD45B;ADAM19;IL4R;PTCH1;TTC39B;CST7;IL18R1;AHR;NCS1;IL2RB;CXCL10;CD79B;PHLDA1;S100A1;HOPX;DRC1;SLC2A3;PENK;GBP4;ETFBKMT;CA2;TNFRSF4;TNFSF10;SHE;RNH1;CD81;SPP1;MAPKAPK2","PCD_C1"
"HALLMARK_UNFOLDED_PROTEIN_RESPONSE",7.54974189371577e-11,2.51658063123859e-10,0.839088935621274,0.630800953368814,2.12734564376821,112,"CHAC1;SLC7A5;MTHFD2;NOP56;ATF4;HSP90B1;PREB;IGFBP1;EIF4EBP1;LSM4;EIF4A3;ALDH18A1;PSAT1;CEBPG;SRPRB;PDIA6;XBP1;BANF1;DKC1;CKS1B;XPOT;H2AX;STC2;LSM1;EXOSC1;EXOSC4;TARS1;HSPA9;EXOSC5;SERP1;SEC11A;SSR1;HYOU1;NFYB;CEBPB;NOLC1;YWHAZ;EXOSC2;IMP3;EIF2AK3;YIF1A;SPCS1;ERO1A;SHC1;KIF5B;NOP14;DDX10;IARS1;HSPA5;POP4;CALR;ASNS;EIF4G1;PAIP1;CXXC1;ARFGAP1","PCD_C2"
"HALLMARK_MYC_TARGETS_V2",2.91298821604872e-10,9.10308817515226e-10,0.814035837847908,0.743590856029397,2.29505138699238,57,"HSPD1;PUS1;NOP56;HSPE1;BYSL;NDUFAF4;UNG;PA2G4;AIMP2;GNL3;SORD;MPHOSPH10;MCM4;TBRG4;IMP4;PLK1;SUPV3L1;NOC4L;CBX3;WDR43;EXOSC5;PES1;TFB2M;MRTO4;WDR74;NOLC1;PRMT3;NOP16;SLC29A2;RRP12;SRM;NOP2;GRWD1;PLK4;IPO4;UTP20;TMEM97;MCM5;MYBBP1A;FARSA;NIP7;LAS1L;DCTPP1","PCD_C2"
"HALLMARK_COMPLEMENT",3.10499184138945e-10,9.1323289452631e-10,0.814035837847908,-0.486947434784022,-2.0009572763119,200,"ITGAM;SH2B3;FCN1;LCP2;PIK3R5;GNAI2;OLR1;DOCK10;CTSH;GNG2;CTSO;DPP4;PLAT;PIK3CG;PLEK;CASP1;CD40LG;WAS;FCER1G;ZEB1;C1QC;LIPA;FYN;DOCK9;C1QA;ZFPM2;TFPI2;RASGRP1;CR1;RBSN;DUSP6;GNGT2;JAK2;TIMP2;SERPING1;CPQ;DOCK4;CASP10;MMP13;CTSS;CD36;LRP1;CD59;CASP5;LAP3;GP1BA;F8;SERPINA1;APOC1;C1R;EHD1;RHOG;APOBEC3G;ANXA5;PLA2G7;HPCAL4;GZMK;LAMP2;CR2;CTSB;S100A13;ACTN2;LGMN;TNFAIP3;CTSD;FN1;CTSC;LTF;NOTCH4;LCK;IRF2;GCA;LGALS3;DGKH;APOBEC3F;MMP8;GRB2;CA2;MMP14;STX4;C3","PCD_C1"
"HALLMARK_UV_RESPONSE_DN",2.4456300526311e-09,6.79341681286416e-09,0.774939030136436,-0.528762174190771,-2.11175477657267,143,"ITGB3;DAB2;PTGFR;PIK3CD;TGFBR2;PMP22;NOTCH2;MGLL;ATXN1;FYN;NFKB1;PRKCA;RUNX1;EFEMP1;NRP1;SYNE1;CELF2;RASA2;PRKCE;KCNMA1;CCN1;FBLN5;MT1E;TGFBR3;SDC2;CDC42BPA;CITED2;ARHGEF9;PRDM2;SMAD7;DDAH1;SPOP;DLC1;PDGFRB;FZD2;COL1A1;COL1A2;NR1D2;PTPN21;MMP16;DBP;BHLHE40;PLPP3;HAS2;PTEN;COL3A1;TFPI;APBB2;COL11A1;MET;COL5A2;LTBP1;MAGI2;RBPMS;ADORA2B;MAPK14;IRS1;ATRX;ATP2B4;NEK7;DUSP1;SIPA1L1;LDLR;GJA1","PCD_C1"
"HALLMARK_FATTY_ACID_METABOLISM",1.32789074059599e-08,3.49444931735787e-08,0.747739663149885,0.557369647949963,1.94282704845378,157,"CBR1;ALDH3A1;UGDH;CBR3;ME1;ODC1;ENO3;IDH1;ALDH3A2;PTS;PRDX6;ERP29;KMT5A;HSD17B10;ACAT2;FH;ECHS1;ALDH1A1;MDH2;FASN;CEL;EPHX1;CA6;ADIPOR2;H2AZ1;SDHC;HMGCS2;PDHA1;GPD2;DECR1;CPT1A;ADH7;GABARAPL1;TP53INP2;DLD;IDH3B;MDH1;ECI1;VNN1;ACADVL;ADSL;IDI1;SDHA;ALDOA;RDH16;PDHB;SUCLG1;HSD17B7;APEX1;MAOA;HIBCH;HSP90AA1;ECH1;MCEE;SUCLG2;SUCLA2;HMGCS1;NSDHL;PCBD1;ACO2;ADH1C;HCCS;NTHL1;NCAPH2;ECI2;DLST;CPOX;BPHL;BMPR1B;METAP1;HADHB;ACADM;OSTC;SMS","PCD_C2"
"HALLMARK_GLYCOLYSIS",3.59227444149535e-08,8.98068610373838e-08,0.719512826338911,0.516151862848371,1.84032476069038,199,"G6PD;TALDO1;GCLC;ME1;ABCB6;ARTN;IDH1;TXN;SLC25A10;IRS2;B4GALT4;AURKA;CENPA;SOD1;GMPPA;EGLN3;MDH2;FKBP4;TKTL1;GLCE;GOT2;SDHC;SLC25A13;BIK;STMN1;STC2;FAM162A;COPB2;CDK1;EFNA3;DLD;MDH1;TFF3;RBCK1;ISG20;HAX1;PAXIP1;TPI1;DEPDC1;ALDOA;PFKP;KIF20A;HMMR;RPE;GALK2;GNE;B4GALT1;GFUS;GFPT1;PKM;PSMC4;PPIA;IGFBP3;CAPN5;CLN6;LHPP;MED24;BPNT1;NOL3;ANG;GMPPB;COG2;ERO1A;ARPP19;CHST1;B3GAT3;B4GALT2;MXI1;GOT1;HSPA5;NSDHL;NASP;GALE;SPAG4;CLDN3;HDLBP;NANP;PKP2;SLC37A4;ANKZF1;CASP6","PCD_C2"
"HALLMARK_DNA_REPAIR",4.07433069839865e-08,9.70078737713966e-08,0.719512826338911,0.556379646637061,1.93468579756716,149,"RFC4;PCNA;COX17;RFC3;ZWINT;SNAPC5;UMPS;GTF2A2;POLR2H;NT5C;RAD51;RAE1;FEN1;RFC5;NELFCD;GTF3C5;DGUOK;TARBP2;ADRM1;ITPA;POLR2J;TMED2;SAC3D1;POLR2K;TSG101;AAAS;CSTF3;ERCC3;POLA2;NT5C3A;NME1;NELFE;PRIM1;DUT;RFC2;POLR1C;EDF1;SEC61A1;SSRP1;ALYREF;POLR1D;TAF6;APRT;LIG1;DAD1;ARL6IP1;NCBP2;POLD3;BCAP31;TAF13;NME4;RAD52;UPF3B;POLR2G;MRPL40;POLR1H;SRSF6;POLR2I;BRF2;ADA;POLR2F;SUPT5H;POLE4;NUDT9;MPC2;DDB1;DGCR8;VPS28;TAF9;IMPDH2;POLL;RPA3;SURF1;POLA1;CCNO;ZNF707;GTF2H3;TYMS;POLR2A","PCD_C2"
"HALLMARK_APICAL_JUNCTION",7.22059626933901e-08,1.64104460666796e-07,0.704975715167238,-0.453155753954525,-1.86190654115745,197,"ARHGEF6;ICAM1;CDH11;GNAI2;CD86;CX3CL1;CD274;PTPRC;TGFBI;SIRPA;TRAF1;MSN;NECTIN3;EPB41L2;SLIT2;RAC2;SDC3;ICAM5;CD209;LAYN;NEXN;ITGA2;FBN1;PECAM1;NRXN2;MYH10;RASA1;MPZL2;NEGR1;EVL;MMP2;ZYX;TSPAN4;ITGA9;CD34;ICAM2;ADRA1B;VCAM1;SYK;VCL;VWF;BAIAP2;ACTG2;COL16A1;MYL9;CDSN;ITGA3;PTEN;FYB1;ACTN2;ACTB;MYH9;LDLRAP1;THY1;CAP1;ITGA10;PARVA;MMP9;MAPK14;VCAN;IRS1;STX4;TMEM8B;SPEG;CADM3;AMIGO1;YWHAH;ALOX15B;SKAP2;NRAP;CNN2;CLDN9;AMIGO2;NF2;DMP1;PKD1","PCD_C1"
"HALLMARK_XENOBIOTIC_METABOLISM",1.14891730715863e-07,2.49764631991006e-07,0.704975715167238,0.507322429866732,1.8088436689642,199,"AKR1C2;AKR1C3;CBR1;ABCC2;NQO1;ALDH3A1;PGD;UGDH;GSR;GCLC;PTGR1;CES1;KYNU;HES6;DDC;IDH1;ACP1;PTS;CRP;JUP;PEMT;IGFBP1;SLC1A5;HRG;GCNT2;SHMT2;ATP2A2;AHCY;ARG2;PTGES;EPHX1;PYCR1;GSS;ANGPTL3;GCKR;SMOX;ADH7;DCXR;SLC35B1;GABARAPL1;TAT;CYP4F2;CYP2E1;BLVRB;TKFC;HNF4A;MCCC2;MARCHF6;SPINT2;VNN1;NFS1;GCH1;PTGES3;VTN;MAOA;KARS1;ECH1;ARPP19;CYP2C18;SLC6A6;TNFRSF1A;GSTM4","PCD_C2"
"HALLMARK_MYOGENESIS",1.70446697639208e-07,3.55097286748351e-07,0.690132458796796,-0.443192240969598,-1.81867150284261,198,"MEF2C;MYBPH;SORBS1;FABP3;TGFB1;FHL1;LSP1;MYLK;LAMA2;MYOZ1;SGCD;SSPN;SGCG;CNN3;ADCY9;SGCA;MYH2;DENND2B;CASQ1;MYH8;COL6A2;MYH1;IGFBP7;CASQ2;CD36;PRNP;CAV3;COL6A3;GSN;MYH11;DES;FGF2;MYH4;AEBP1;SOD3;COX7A1;MYL4;SPARC;HBEGF;GJA5;MEF2A;PVALB;ITGA7;VIPR1;COL1A1;TNNI2;BHLHE40;NOTCH1;TAGLN;AK1;ACTN2;SVIL;SPTAN1;COL3A1;MYH9;MRAS;PTGIS;GADD45B;TNNC1;CFD;APLNR;FXYD1;PDE4DIP;COL15A1;HSPB8;APP;ADAM12;TNNC2;RYR1;SPEG;MYH3;TNNT2;HDAC5;PDLIM7;ACSL1;PYGM;MYBPC3;PLXNB2;CKMT2;ITGB5;GNAO1;ACTC1;AGL;CDKN1A;PPP1R3C;COL4A2;CDH13;DAPK2;PKIA;MYOM2;MYL2;SORBS3","PCD_C1"
"HALLMARK_REACTIVE_OXYGEN_SPECIES_PATHWAY",9.87543838132999e-07,1.975087676266e-06,0.643551836150722,0.684129319068836,2.04273032887291,49,"NQO1;G6PD;GSR;GCLC;GCLM;TXNRD1;PRDX1;SRXN1;TXN;NDUFB4;PRDX6;SELENOS;ABCC1;NDUFS2;SOD1;GLRX2;MGST1;PRDX4;TXNRD2;PFKP;LAMTOR5;STK25","PCD_C2"
"HALLMARK_SPERMATOGENESIS",2.16295650591791e-06,4.15953174214982e-06,0.627256739718528,0.542420470503574,1.85411865461573,133,"SCG3;TALDO1;CLGN;RFC4;AGFG1;CCNB2;PSMG1;AURKA;NEK2;VDAC3;CDKN3;ACRV1;CLPB;MAP7;TKTL1;NCAPH;MEP1B;DDX25;KIF2C;HSPA2;TTK;EZH2;ADAM2;CDK1;YBX2;STRBP;BUB1;TOPBP1;IDE;CNIH2;DBF4;PARP2;TSN;SNAP91;ELOVL3;NOS1;GMCL1;NEFH;DMC1;GSTM3;COIL;ZC2HC1C;CLVS1;NAA11;RPL39L;MLF1;SYCP1;PIAS2;PGK2;PHKG2;PEBP1;HSPA4L;IL12RB2;SCG5;H1-6;CHFR;HOXB1","PCD_C2"
"HALLMARK_APOPTOSIS",8.28710156243273e-06,1.53464843748754e-05,0.593325476396405,-0.432235207499982,-1.745524117826,161,"DPYD;CFLAR;PLAT;FAS;CASP1;CD44;TXNIP;IGFBP6;DCN;TIMP3;PEA15;EREG;PLPPR4;CD69;TIMP2;LUM;CD14;HGF;FEZ1;CYLD;MMP2;IL1B;TGFBR3;GSN;EMP1;EGR3;SMAD7;GADD45A;CD2;CTNNB1;PLCB2;PDGFRB;TNF;BGN;IFNGR1;CCND2;PPT1;ANXA1;BCL10;JUN;CREBBP;PRF1;RNASEL;SPTAN1;F2R;HMOX1;GADD45B;ADD1;GNA15;LGALS3;APP;BTG2;RARA;TGFB2;PPP2R5B;TNFSF10;TNFRSF12A;GPX1;ROCK1;CASP8;CASP4;LEF1;TIMP1;FASLG;CDKN1A;BCL2L1;BTG3","PCD_C1"
"HALLMARK_ESTROGEN_RESPONSE_LATE",3.33092481680075e-05,5.94808003000134e-05,0.557332238758646,0.463371477182832,1.65250475587728,198,"UGDH;CYP4F11;IDH2;RET;SLC7A5;OVOL2;OPN3;SCARB1;ASCL1;ALDH3A2;IMPA2;SIAH2;GINS2;PPIF;SCNN1A;CA12;BAG1;CPE;DHCR7;GLA;PERP;SORD;FKBP4;PTGES;RAPGEFL1;MEST;CDC6;CHPT1;COX6C;XBP1;HMGCS2;PDZK1;KRT13;TPD52L1;PKP3;TRIM29;ABHD2;DCXR;CDC20;TFF1;BLVRB;TFF3;DNAJC1;ISG20;S100A9;AGR2;DNAJC12;TJP3;SULT2B1;ETFB;KIF20A;SFN;ALDH3B1;RNASEH2A;ANXA9;SLC26A2;TOP2A;GFUS;GAL;NXT1;KLK10;KLK11;FDFT1;PCP4;PLK4;NPY1R;STIL;GALE;TMPRSS3;TOB1;DYNLT3;MYB;GJB3;XRCC3","PCD_C2"
"HALLMARK_COAGULATION",8.64887613437118e-05,0.000149118554040882,0.538434096309916,-0.426878306866137,-1.69298589024457,138,"ITGB3;OLR1;CTSH;CTSO;DPP4;PLAT;PLEK;A2M;TIMP3;FYN;C1QA;PROS1;TFPI2;DUSP6;HTRA1;LEFTY2;CTSK;CPB2;ITGA2;FBN1;SERPING1;CPQ;PECAM1;F11;MMP11;MMP2;LRP1;GNG12;GSN;PLAU;SPARC;GP1BA;F8;SERPINA1;APOC1;C1R;VWF;THBS1;ANXA1;LAMP2;CTSB;S100A13;LGMN;FN1;CAPN2;CFD;COMP;S100A1;MASP2;P2RY1;MMP8;ACOX2;MMP14;MMP9;KLF7;APOC2;C3","PCD_C1"
"HALLMARK_UV_RESPONSE_UP",0.000184504433733839,0.000307507389556398,0.518848077743792,0.462061786822584,1.61258002834058,158,"FURIN;RET;CHRNA5;CTSV;GGH;RFC4;PPIF;RPN1;POLR2H;SHOX2;LHX2;FEN1;FKBP4;CEBPG;EPHX1;HSPA2;STIP1;H2AX;IGFBP2;PDAP1;E2F5;TARS1;EPCAM;KCNH2;CDK2;TACR3;MRPL23;CLCN2;ALDOA;GCH1;PSMC3;CYB5B;GAL;STK25;MAOA;SLC6A8;GRINA;PARP2;APOM;CREG1;AGO2;TFRC;SQSTM1;CDC5L;BTG1;YKT6;RHOB;SIGMAR1;DDX21;MAPK8IP2;ASNS;MARK2;CNP;BSG;TMBIM6;CASP3;CCK;GRPEL1;CCNE1;DGAT1;CHKA;HNRNPU;KLHDC3;TUBA4A;TST;PPAT;COL2A1;BCL2L11;AP2S1;ATP6V1C1","PCD_C2"
"HALLMARK_CHOLESTEROL_HOMEOSTASIS",0.000369768333443097,0.000596400537811447,0.49849310876659,0.544705639201094,1.74811246971984,74,"GLDC;ACAT2;ANXA13;TRIB3;DHCR7;ADH4;SQLE;CBS;FASN;PCYT2;MVD;EBP;FADS2;IDI1;ATXN2;SCD;HSD17B7;FDPS;ATF5;MVK;ECH1;FDFT1;GNAI1;AVPR1A;HMGCS1;NSDHL;TMEM97;STX5;TM7SF2;ALCAM;CHKA;CLU;S100A11;ETHE1;SREBF2;LPL;LSS;PMVK","PCD_C2"
"HALLMARK_PANCREAS_BETA_CELLS",0.000605361460098445,0.00094587728140382,0.477270815362862,0.623392482837227,1.80171078793514,40,"INSM1;CHGA;SST;PCSK1;PCSK2;NEUROD1;ABCC8;NEUROG3;SCGN;SRPRB;SRP9;PAK3;SYT13;HNF1A;SEC11A;SRP14;PDX1;SPCS1;PAX6","PCD_C2"
"HALLMARK_ADIPOGENESIS",0.000739358909602741,0.00112024077212537,0.477270815362862,0.423016081273062,1.50956639601833,200,"TALDO1;ME1;IDH1;SCARB1;SLC25A10;COQ3;CMBL;PREB;PEMT;SLC1A5;COQ9;CYC1;GHITM;PIM3;ECHS1;IMMT;SOWAHC;SOD1;UQCRC1;PTCD3;DHCR7;COX6A1;SLC5A6;TKT;MTCH2;MDH2;JAGN1;ADIPOR2;SDHC;GPD2;DECR1;CHCHD10;MRPL15;MGST3;COX8A;DLD;AIFM1;ESRRA;GPAT4;ORM1;NDUFAB1;ALDOA;ETFB;RTN3;COQ5;PRDX3;DNAJC15;NDUFS3;SUCLG1;CHUK;HIBCH;PHYH;DLAT;QDPR;ECH1;COX7B;SLC25A1;YWHAG;PPP1R15B;BCL2L13;ACO2;ABCB8;ATL2;TOB1;UQCRQ;NDUFA5;PPM1B;ATP5PO;RREB1;SNCG;UCP2;SDHB;GRPEL1;DGAT1;UQCR11;ACADM","PCD_C2"
"HALLMARK_ESTROGEN_RESPONSE_EARLY",0.00610645207603166,0.0089800765823995,0.407017918923954,0.397090560964942,1.41612954793424,198,"TSKU;RET;SLC7A5;OVOL2;OPN3;SCARB1;SLC7A2;SIAH2;PPIF;CLDN7;SCNN1A;CA12;BAG1;DHCR7;GLA;FKBP4;PTGES;RAPGEFL1;FASN;CHPT1;XBP1;PDZK1;KRT13;TPD52L1;IGF1R;TUBB2B;STC2;ABLIM1;ABHD2;KRT18;TFF1;TBC1D30;BLVRB;TFF3;TJP3;SULT2B1;ELOVL2;SFN;ALDH3B1;GREB1;ANXA9;SLC26A2;SLC2A1;B4GALT1;TTC39A;KRT8;NXT1;KLK10;MED24;RRP12;FDFT1;NPY1R;PEX11A;MSMB;TMPRSS3;TOB1;DYNLT3;MYB;MED13L;SYBU;ISG20L2;MYBBP1A;SLC19A2;MINDY1;SLC39A6;SLC37A1","PCD_C2"
"HALLMARK_ANGIOGENESIS",0.0200583171664692,0.0286547388092416,0.352487857583619,-0.501995766500662,-1.57788589379174,36,"OLR1;APOH;NRP1;SLCO2A1;LUM;FSTL1;PRG2;ITGAV;CCND2;COL3A1;COL5A2;APP;VCAN;POSTN;SPP1;TIMP1","PCD_C1"
"HALLMARK_PROTEIN_SECRETION",0.0211117767175185,0.0293219121076646,0.352487857583619,0.419739270732941,1.39176192294403,96,"ICA1;TPD52;SOD1;GLA;TMED2;TSG101;RAB2A;KRT18;COPB2;ERGIC3;ARF1;YIPF6;ATP6V1B1;ATP6V1H;DNM1L;VPS45;TSPAN8;GNAS;COG2;SCAMP3;VPS4B;ARFGEF2;LMAN1;YKT6;STAM;BNIP3;COPB1;ARFGAP3;COPE;NAPG;AP1G1;TMED10;ZW10;SH3GL2;STX16;ARCN1;AP2S1","PCD_C2"
"HALLMARK_PEROXISOME",0.0244386921903824,0.033025259716733,0.352487857583619,0.409810646655276,1.36966431423109,104,"IDH2;PRDX1;IDH1;ABCC8;SOD1;ALDH1A1;CEL;HRAS;CTPS1;MSH2;ERCC3;NUDT19;SLC23A2;IDI1;SULT2B1;IDE;PEX5;FADS1;TOP2A;FDPS;GNPAT;CLN6;ECH1;CRABP1;SLC35B2;VPS4B;SLC25A17;ABCB4;PEX13;ABCD1;PEX11A;CTBP1;ABCC5;ECI2;CNBP;CLN8;PABPC1;PEX6;RDH11","PCD_C2"
"HALLMARK_TGF_BETA_SIGNALING",0.0280515893506435,0.0369099859876888,0.352487857583619,-0.429619194649049,-1.47445882941747,54,"SMURF2;ENG;TGFB1;LTBP2;SKI;LEFTY2;SMAD7;CTNNB1;BMPR2;THBS1;RAB31;APC;KLF10;ACVR1;JUNB;NCOR2;SMAD1","PCD_C1"
"HALLMARK_HEDGEHOG_SIGNALING",0.030993529138087,0.0397352937667782,0.352487857583619,-0.474253026425247,-1.49068420576701,36,"RTN1;DPYSL2;UNC5C;NRP1;CNTFR;NRP2;RASA1;GLI1;PML;MYH9;PTCH1;AMOT;THY1","PCD_C1"
"HALLMARK_PI3K_AKT_MTOR_SIGNALING",0.0328083989501312,0.041010498687664,0.287857117255149,0.399828006769302,1.3336779311257,105,"TRAF2;HSP90B1;E2F1;PPP2R1B;MAP2K6;TRIB3;NFKBIB;HRAS;RIT1;CDK1;CDK2;UBE2N;AKT1S1;ARF1;PITX2;PRKAA2;MAPK8;PRKAG1;PAK4;CSNK2B;SFN;ATF1;SLC2A1;PLCB1;SMAD2;GSK3B;PDK1;TNFRSF1A;ACACA;SQSTM1;ARPC3;CALR;TBK1;PTPN11;PFN1;CFL1;VAV3","PCD_C2"
"HALLMARK_MITOTIC_SPINDLE",0.0718562874251497,0.0876296188111582,0.181383128498408,0.343333829019079,1.22441888041314,198,"CCNB2;TLK1;AURKA;ECT2;PIF1;NEK2;KPTN;KIF23;PRC1;ESPL1;LRPPRC;RACGAP1;PLK1;ARFIP2;NDC80;SAC3D1;KIF2C;YWHAE;KNTC1;BIRC5;TTK;KIF11;CDK1;CENPF;TPX2;KIF4A;MAPRE1;BUB1;LMNB1;KIF22;CTTN;DLGAP5;KIF3B;ALS2;FBXO5;TOP2A;INCENP;PLEKHG2;SORBS2;ATG4B;SASS6;KIF15;CLIP1;KIF5B;NUSAP1;KIF3C;DLG1;CENPE;MID1;CDK5RAP2;KIF20B;SMC3;CKAP5;CEP131;PCGF5;NCK2;MARK4;RALBP1;CYTH2;BCAR1;BRCA2;TUBGCP5;UXT;RICTOR;TUBD1;TUBA4A;ABI1","PCD_C2"
"HALLMARK_APICAL_SURFACE",0.0858085808580858,0.102153072450102,0.282013350011725,-0.393758620572606,-1.29116807951916,44,"SRPX;CX3CL1;CRYBG1;DCBLD2;GHRL;MDGA1;AKAP7;RTN4RL1;GAS1;AFAP1L2;MAL;THY1;CD160;IL2RB;APP;CROCC;SCUBE1;TMEM8B;LYN;IL2RG;NTNG1","PCD_C1"
"HALLMARK_ANDROGEN_RESPONSE",0.089238845144357,0.103766099005066,0.169570644405628,0.373659851033632,1.2444681480783,100,"GSR;ACSL3;TPD52;PA2G4;MAP7;SORD;VAPA;ADRM1;CENPN;XRCC5;ABHD2;IDI1;SCD;SLC26A2;FADS1;B4GALT1;PGM3;SPDEF;KRT8;AKAP12;XRCC6;RRP12;CAMKK2;H1-0;CDK6;LMAN1;HMGCS1;BMPR1B;UAP1;KLK2;SLC38A2;SMS;RAB4A","PCD_C2"
"HALLMARK_NOTCH_SIGNALING",0.104294478527607,0.115882753919564,0.245041785430996,-0.412700415843075,-1.27265379709992,32,"NOTCH2;PRKCA;ST3GAL6;FBXW11;MAML2;NOTCH1;FZD1;WNT2;DTX4;PPARD;HEYL;WNT5A;TCF7L2","PCD_C1"
"HALLMARK_P53_PATHWAY",0.102344775967439,0.115882753919564,0.287805130535564,-0.283265748546463,-1.16413557018084,199,"TGFB1;ZFP36L1;FAS;CASP1;TXNIP;MAPKAPK3;RRAD;STEAP3;FUCA1;CEBPA;VDR;SOCS1;IFI30;PLK3;SESN1;DEF6;GADD45A;STOM;HBEGF;XPC;CYFIP2;UPP1;PTPRE;PTPN14;CCND2;BAIAP2;IRAG2;NOTCH1;AK1;JUN;RNF19B;RGS16;ZMAT3;CTSD;ZNF365;F2R;HMOX1;PHLDA3;DRAM1;RALGDS;SDC1;POLH;CD82;RAP2B;APP;HDAC3;SLC35D1;BTG2;ACVR1B;GM2A;PROCR;VAMP8;PRMT2;DDB2;FOS;CD81;ALOX15B;RHBDF2;TGFA;ERCC5;PLXNB2;CTSF;PPP1R15A;CCP110;TRAFD1;CDKN1A;CCNG1;ISCU;POM121;CDH13;NUPR1;FGF13;TNFSF9;TSPYL2;FOXO3;S100A10;ANKRA2","PCD_C1"
"HALLMARK_BILE_ACID_METABOLISM",0.216494845360825,0.235320484087853,0.101713902282311,0.333707855224881,1.12151044607316,111,"GCLM;IDH2;IDH1;BMP6;SOD1;ALDH1A1;PXMP2;SLC27A5;SLCO1A2;FADS2;NR1H4;PEX7;SLC23A2;IDI1;SULT2B1;FADS1;PEX16;GNPAT;ABCG8;PHYH;SLC35B2;TFCP2L1;HAO1;PEX13;ABCD1;PEX11A;PFKM;BCAR3;KLF1;PIPOX;AMACR;AGXT;PEX6;APOA1","PCD_C2"
"HALLMARK_HYPOXIA",0.260765550239234,0.277410159828973,0.0865399737444125,0.304163129579717,1.08448497224366,199,"INHA;BCAN;ENO3;PPARGC1A;PCK1;ACKR3;SCARB1;IRS2;SIAH2;GPI;IGFBP1;PKP1;TPD52;B4GALNT2;CA12;GCNT2;TKTL1;STC2;GAPDH;FAM162A;EFNA3;ISG20;TPI1;ADM;SULT2B1;ALDOA;PFKP;SLC2A1;HOXB9;CSRP2;AKAP12;IGFBP3;TMEM45A;NEDD4L;XPNPEP1;ERO1A;PDK1;SLC25A1;SLC6A6;CP;MXI1;BTG1;F3;HSPA5","PCD_C2"
"HALLMARK_WNT_BETA_CATENIN_SIGNALING",0.330935251798561,0.344724220623501,0.0835990603684159,0.370326818417457,1.08132987699358,42,"CSNK1E;HDAC2;DVL2;NCSTN;DKK4;DLL1;JAG2;SKP2;GNAI1;FRAT1;ADAM17;KAT2A;DKK1;FZD8;TP53;HEY1;WNT1;MYC;JAG1;CUL1","PCD_C2"
"HALLMARK_KRAS_SIGNALING_DN",0.486260454002389,0.496184136737132,0.0551351763385257,0.278986267177851,0.995584594833451,200,"AKR1B10;CALCB;WNT16;LYPD3;SLC5A5;PKP1;CLDN8;SHOX2;GTF3C5;GP2;KLK8;KRT13;IGFBP2;GPR19;ALOX12B;YBX2;SLC38A3;CPB1;HNF1A;ATP6V1B1;EDAR;ENTPD7;IRS4;DTNB;KCNN1;CAPN9;LGALS7;SLC30A3;CDKAL1;NOS1;SPTBN2;TFCP2L1;ADRA2C;PRKN;TCF7L1;SPHK2;ASB7;ZC2HC1C;TEX15;SKIL;CLSTN3;BARD1;CACNG1;DLK2;PAX4;ABCB11;BMPR1B;EGF;HTR1B;MACROH2A2;TFAP2B;RIBC2;MFSD6;KCNQ2;MSH5;PLAG1;COL2A1;KRT4;CALML5;NGB","PCD_C2"
"HALLMARK_HEME_METABOLISM",0.576555023923445,0.576555023923445,0.0473534245254193,0.26889866175285,0.958750516968785,199,"GCLC;GCLM;SLC7A11;HTATIP2;ABCB6;FECH;SLC30A10;HMBS;HDGF;HBQ1;GLRX5;E2F2;MGST3;SMOX;RBM38;GMPS;DCUN1D1;EIF2AK1;BLVRB;MOSPD1;SLC2A1;FTCD;SLC6A8;FN3K;ADIPOR1;TFRC;H1-0;H4C3;XPO7;OSBP2;MXI1;TCEA1;KLF3;ADD2;ASNS;KLF1;XK;TRIM10;BSG;PSMD9;UCP2;CPOX;RAD23A","PCD_C2"
