"cohort","timepoint","time_unit","time_value","n","events","AUC","CI_lower","CI_upper","horizon","events_by_time","known_survivors_beyond_time","censored_before_or_at_time","total"
"TCGA-LUAD","1 year","days",365,504,182,0.70543081494939,0.6357,0.7752,365,57,398,49,504
"TCGA-LUAD","3 years","days",1095,504,182,0.709170730169188,0.6454,0.773,1095,136,134,234,504
"TCGA-LUAD","5 years","days",1825,504,182,0.649344321662485,0.567,0.7317,1825,171,53,280,504
"GSE68465","1 year","months",12,442,236,0.645390523726175,0.571,0.7198,12,49,391,2,442
"GSE68465","3 years","months",36,442,236,0.637474332849473,0.5815,0.6935,36,141,272,29,442
"GSE68465","5 years","months",60,442,236,0.585605194751598,0.5261,0.6451,60,187,169,86,442
"GSE72094","1 year","months",12,398,113,0.731375304333223,0.6583,0.8045,12,43,332,23,398
"GSE72094","3 years","months",36,398,113,0.732149985711978,0.6506,0.8137,36,106,68,224,398
"GSE72094","5 years","months",60,398,113,0.720653531878996,0.4093,1,60,113,5,280,398
"GSE31210","1 year","months",12,226,35,0.725225225225225,0.5479,0.9026,12,4,222,0,226
"GSE31210","3 years","months",36,226,35,0.550672942441372,0.427,0.6743,36,20,185,21,226
"GSE31210","5 years","months",60,226,35,0.588851123472141,0.4735,0.7042,60,32,101,93,226
"GSE50081","1 year","months",12,128,52,0.578513710441929,0.3803,0.7767,12,10,112,6,128
"GSE50081","3 years","months",36,128,52,0.574677006368583,0.4499,0.6994,36,30,84,14,128
"GSE50081","5 years","months",60,128,52,0.61901707916961,0.508,0.7301,60,45,54,29,128
