"patient_id","covered_length","absolute_CNV_burden","gain_burden","loss_burden","weighted_signed_mean","PCD_cluster"
"TCGA-05-4244",2715883992,0.195333648131647,0.106231311433092,0.0891023366985551,0.0171289747345365,"PCD_C1"
"TCGA-05-4249",2721560383,0.159821338853094,0.0808382529589093,0.078983085894185,0.00185516706472428,"PCD_C1"
"TCGA-05-4250",2739988216,0.14208187195054,0.0787418774806147,0.0633399944699251,0.0154018830106896,"PCD_C2"
"TCGA-05-4382",2710840528,0.122137160041788,0.0648552850977961,0.0572818749439915,0.00757341015380452,"PCD_C1"
"TCGA-05-4384",2748300578,0.0335684866120564,0.020113189135639,0.0134552974764174,0.00665789165922156,"PCD_C2"
"TCGA-05-4389",2714370960,0.227687507658275,0.123165518223603,0.104521989434672,0.0186435287889316,"PCD_C2"
"TCGA-05-4390",2702234444,0.239587470289125,0.13187179728481,0.107715673004315,0.0241561242804956,"PCD_C2"
"TCGA-05-4395",2709028833,0.256329479581512,0.132235222383401,0.124094257198111,0.00814096518529007,"PCD_C2"
"TCGA-05-4396",2732691274,0.224235788929701,0.114676767054331,0.10955902187537,0.00511774517896016,"PCD_C2"
"TCGA-05-4397",2729777994,0.23716873992816,0.121679304853939,0.115489435074221,0.00618986977971806,"PCD_C2"
"TCGA-05-4398",2700831068,0.188344418289141,0.106162375649553,0.082182042639588,0.0239803330099652,"PCD_C1"
"TCGA-05-4402",2746322836,0.177352878319911,0.0984431335818379,0.0789097447380727,0.0195333888437652,"PCD_C1"
"TCGA-05-4403",2748481290,0.0281839578754054,0.0137823303407679,0.0144016275346375,-0.000619297193869564,"PCD_C2"
"TCGA-05-4405",2740915975,0.169488748163796,0.0906969013717394,0.0787918467920564,0.011905054579683,"PCD_C1"
"TCGA-05-4410",2711152539,0.15526252273576,0.0784997204259852,0.0767628023097744,0.0017369181162108,"PCD_C1"
"TCGA-05-4415",2715314454,0.201228175254688,0.100754516912537,0.100473658342151,0.000280858570386415,"PCD_C1"
"TCGA-05-4417",2740891060,0.178017634674543,0.093247803867659,0.0847698308068837,0.00847797306077535,"PCD_C1"
"TCGA-05-4418",2747904341,0.103527010343844,0.0543392253075159,0.0491877850363278,0.0051514402711881,"PCD_C2"
"TCGA-05-4420",2726983882,0.25809498678214,0.13179569568204,0.1262992911001,0.00549640458193951,"PCD_C2"
"TCGA-05-4422",2705356359,0.149826099327789,0.0748227811223446,0.0750033182054446,-0.00018053708310004,"PCD_C2"
"TCGA-05-4424",2712640922,0.151258843634631,0.0804633242111431,0.0707955194234882,0.00966780478765483,"PCD_C1"
"TCGA-05-4425",2747997608,0.156297154620995,0.0889589732301179,0.067338181390877,0.0216207918392409,"PCD_C1"
"TCGA-05-4426",2741308801,0.097724496414368,0.052821475655088,0.04490302075928,0.007918454895808,"PCD_C1"
"TCGA-05-4427",2720788056,0.21041368173637,0.115739842735108,0.0946738390012618,0.0210660037338462,"PCD_C1"
"TCGA-05-4430",2744472743,0.101682567163794,0.0586898907602669,0.0429926764035273,0.0156972143567396,"PCD_C1"
"TCGA-05-4432",2720263921,0.210244849024155,0.108200356834678,0.102044492189477,0.0061558646452011,"PCD_C2"
"TCGA-05-4433",2721288681,0.127786242512762,0.0666464505469348,0.0611397919658271,0.00550665858110773,"PCD_C2"
"TCGA-05-4434",2741704089,0.0889770079727594,0.0537758133875329,0.0352011945852264,0.0185746188023065,"PCD_C2"
"TCGA-05-5420",2748037644,0.082165947896018,0.0436103125130989,0.0385556353829191,0.00505467713017981,"PCD_C1"
"TCGA-05-5423",2743380884,0.215501653269703,0.112742291323519,0.102759361946185,0.00998292937733396,"PCD_C1"
"TCGA-05-5425",2740135376,0.181839413396961,0.0974867899875616,0.084352623409399,0.0131341665781625,"PCD_C1"
"TCGA-05-5428",2741463522,0.277840692551736,0.146096356817838,0.131744335733897,0.0143520210839413,"PCD_C2"
"TCGA-05-5429",2742003256,0.134563665230345,0.0702468391083486,0.0643168261219964,0.0059300129863522,"PCD_C2"
"TCGA-05-5715",2736302760,0.288916896137253,0.154949108081519,0.133967788055734,0.0209813200257855,"PCD_C1"
"TCGA-35-3615",2717394310,0.111532938598374,0.0560059393017939,0.0555269992965798,0.000478940005214037,"PCD_C2"
"TCGA-35-4122",2741777344,0.112083081939968,0.0615874946512068,0.0504955872887613,0.0110919073624455,"PCD_C1"
"TCGA-35-4123",2742401050,0.127856661144839,0.0676489524319939,0.0602077087128449,0.00744124371914895,"PCD_C1"
"TCGA-35-5375",2720786953,0.328904395779055,0.167679341958643,0.161225053820412,0.00645428813823042,"PCD_C2"
"TCGA-38-4625",2735665995,0.170726752088571,0.09839006730882,0.0723366847797514,0.0260533825290686,"PCD_C1"
"TCGA-38-4626",2733723363,0.0557266910798245,0.0386819531364557,0.0170447379433689,0.0216372151930868,"PCD_C1"
"TCGA-38-4627",2748308281,0.0744767347053305,0.0475759899329867,0.0269007447723438,0.0206752451606429,"PCD_C1"
"TCGA-38-4628",2702015221,0.257444079788624,0.141218528755616,0.116225551033008,0.0249929777226077,"PCD_C1"
"TCGA-38-4629",2729252703,0.179142671384651,0.0912505216717926,0.0878921497128586,0.00335837195893399,"PCD_C1"
"TCGA-38-4630",2722023121,0.286884630296643,0.149570323350387,0.137314306946256,0.012256016404131,"PCD_C2"
"TCGA-38-4631",2731720239,0.212002880493173,0.115357550615966,0.0966453298772078,0.0187122207387577,"PCD_C2"
"TCGA-38-4632",2734440970,0.211979871746802,0.108494020114941,0.10348585163186,0.00500816848308121,"PCD_C1"
"TCGA-38-6178",2716818599,0.191005410127274,0.105563413549202,0.0854419965780719,0.0201214169711299,"PCD_C1"
"TCGA-38-7271",2748575423,0.0407275004223888,0.0219651632596658,0.018762337162723,0.0032028260969428,"PCD_C1"
"TCGA-38-A44F",2745053615,0.0260854572549032,0.0137776842501125,0.0123077730047907,0.00146991124532189,"PCD_C1"
"TCGA-44-2655",2721839725,0.0430152813767901,0.0272884420448746,0.0157268393319155,0.0115616027129592,"PCD_C2"
"TCGA-44-2656",2747553617,0.155656464448643,0.0836100797440052,0.0720463847046374,0.0115636950393678,"PCD_C1"
"TCGA-44-2657",2742848194,0.121296654495564,0.0676398877184087,0.0536567667771554,0.0139831209412532,"PCD_C1"
"TCGA-44-2659",2740643692,0.203317252800405,0.110289192671384,0.0930280601290217,0.0172611325423619,"PCD_C1"
"TCGA-44-2661",2733407773,0.070465765103976,0.0440103790561658,0.0264553860478101,0.0175549930083557,"PCD_C1"
"TCGA-44-2662",2738445933,0.151038725154922,0.0795351656796797,0.071503559475242,0.00803160620443771,"PCD_C1"
"TCGA-44-2665",2741412079,0.121950958138497,0.069788440004207,0.0521625181342903,0.0176259218699167,"PCD_C1"
"TCGA-44-2666",2744258216,0.0716931791732677,0.0364712640807486,0.0352219150925191,0.00124934898822946,"PCD_C1"
"TCGA-44-2668",2714796946,0.118929117455291,0.0617014729738097,0.0572276444814816,0.00447382849232806,"PCD_C1"
"TCGA-44-3396",2748193037,0.0574329536887987,0.0376420053452017,0.019790948343597,0.0178510570016047,"PCD_C1"
"TCGA-44-3398",2748610503,0.0337382317392316,0.024876406295534,0.00886182544369765,0.0160145808518363,"PCD_C1"
"TCGA-44-3917",2707505956,0.202059817414488,0.102919617479172,0.0991401999353164,0.00377941754385563,"PCD_C2"
"TCGA-44-3918",2739221677,0.171899184284347,0.0997323565482284,0.0721668277361183,0.0275655288121101,"PCD_C1"
"TCGA-44-3919",2736098990,0.111576134225063,0.0669989732967958,0.0445771609282674,0.0224218123685284,"PCD_C1"
"TCGA-44-4112",2737196405,0.102769709667363,0.060488122529081,0.0422815871382821,0.0182065353907989,"PCD_C1"
"TCGA-44-5643",2703724126,0.25001459223244,0.127402604781173,0.122611987451267,0.0047906173299058,"PCD_C2"
"TCGA-44-5644",2684323035,0.326840466321707,0.166165571775492,0.160674894546215,0.00549067722927766,"PCD_C2"
"TCGA-44-5645",2733381697,0.149587870180247,0.0831498415704435,0.0664380286098038,0.0167118129606397,"PCD_C2"
"TCGA-44-6145",2716671868,0.115488234522183,0.0676339356554562,0.0478542988667264,0.0197796367887298,"PCD_C2"
"TCGA-44-6146",2709444553,0.156401526459619,0.0784532966831302,0.0779482297764888,0.000505066906641366,"PCD_C2"
"TCGA-44-6147",2741729653,0.176842024193441,0.0974870473660811,0.0793549768273597,0.0181320705387213,"PCD_C1"
"TCGA-44-6148",2748046052,0.020486253625163,0.0109750867987637,0.00951116682639931,0.00146391997236442,"PCD_C1"
"TCGA-44-6774",2736970479,0.126830647896805,0.0694861255176878,0.0573445223791177,0.0121416031385701,"PCD_C1"
"TCGA-44-6775",2736774510,0.148679805819406,0.0826331744276952,0.0660466313917108,0.0165865430359844,"PCD_C1"
"TCGA-44-6776",2748500871,0.141301238326477,0.0793356178110158,0.061965620515461,0.0173699972955548,"PCD_C2"
"TCGA-44-6777",2741061656,0.132763859919611,0.0770328482202883,0.0557310116993224,0.0213018365209659,"PCD_C1"
"TCGA-44-6778",2736488458,0.167963607809195,0.0844789216372423,0.0834846861719524,0.000994235465289876,"PCD_C1"
"TCGA-44-6779",2731798784,0.201664103360879,0.109286960226826,0.092377143134053,0.0169098170927731,"PCD_C2"
"TCGA-44-7659",2748309686,0.0978158917803996,0.0511981385146928,0.0466177532657068,0.00458038524898609,"PCD_C1"
"TCGA-44-7660",2737759904,0.265777125699807,0.138608432693519,0.127168693006288,0.0114397396872315,"PCD_C2"
"TCGA-44-7661",2748548108,0.0555870119623171,0.0289010310410765,0.0266859809212406,0.00221505011983585,"PCD_C1"
"TCGA-44-7662",2734502996,0.16401272973043,0.0834199197071569,0.0805928100232734,0.00282710968388349,"PCD_C1"
"TCGA-44-7667",2735864343,0.219693523863877,0.109936344702088,0.109757179161789,0.000179165540299597,"PCD_C2"
"TCGA-44-7669",2731949631,0.235803618324799,0.117374357648214,0.118429260676585,-0.00105490302837139,"PCD_C2"
"TCGA-44-7670",2679143453,0.335035350308956,0.171786140732457,0.163249209576498,0.00853693115595927,"PCD_C2"
"TCGA-44-7671",2718815601,0.144568306516496,0.0697147488134853,0.074853557703011,-0.00513880888952572,"PCD_C2"
"TCGA-44-7672",2711323251,0.112610621489743,0.0574270663388709,0.055183555150872,0.00224351118799888,"PCD_C1"
"TCGA-44-8117",2737598924,0.274684701958957,0.140700175600376,0.133984526358581,0.00671564924179522,"PCD_C1"
"TCGA-44-8119",2735036142,0.253095109205581,0.124409087889413,0.128686021316167,-0.00427693342675396,"PCD_C2"
"TCGA-44-8120",2738626631,0.180211997708789,0.0909451660847448,0.089266831624044,0.00167833446070072,"PCD_C1"
"TCGA-44-A479",2748109356,0.102469946314793,0.0498554330902325,0.0526145132245603,-0.00275908013432781,"PCD_C1"
"TCGA-44-A47A",2748462812,0.140054938556396,0.0718827897459287,0.0681721488104675,0.0037106409354612,"PCD_C1"
"TCGA-44-A47B",2742217835,0.156320840596021,0.0808770693666282,0.0754437712293925,0.00543329813723569,"PCD_C1"
"TCGA-44-A47G",2743420885,0.0483988475852111,0.0273388182404976,0.0210600293447135,0.00627878889578403,"PCD_C1"
"TCGA-44-A4SS",2746168011,0.0787464887126311,0.0412534133811597,0.0374930753314714,0.00376033804968825,"PCD_C2"
"TCGA-44-A4SU",2735342536,0.167051583148049,0.0855873975670885,0.0814641855809608,0.00412321198612765,"PCD_C2"
"TCGA-49-4486",2690381108,0.0905640222516014,0.0450712200660086,0.0454928021855928,-0.000421582119584227,"PCD_C2"
"TCGA-49-4487",2735389002,0.1117829518696,0.0627518952852396,0.0490310565843607,0.0137208387008789,"PCD_C2"
"TCGA-49-4488",2698351471,0.271900711627718,0.147031352262042,0.124869359365676,0.0221619928963657,"PCD_C2"
"TCGA-49-4490",2735254214,0.172352152467829,0.0957898315673704,0.0765623209004587,0.0192275106669116,"PCD_C1"
"TCGA-49-4494",2748201269,0.108061866939921,0.0542318902338736,0.0538299767060474,0.000401913527826115,"PCD_C2"
"TCGA-49-4501",2729307374,0.178126183066107,0.103829828203403,0.0742963548627044,0.0295334733406982,"PCD_C1"
"TCGA-49-4505",2729136111,0.185401448446299,0.0969081711346349,0.0884932773116643,0.00841489382297064,"PCD_C1"
"TCGA-49-4506",2721555895,0.0965611414390958,0.0555822180256562,0.0409789234134396,0.0146032946122167,"PCD_C2"
"TCGA-49-4507",2715559496,0.152323799680211,0.0839794200725919,0.0683443796076195,0.0156350404649724,"PCD_C2"
"TCGA-49-4510",2709142028,0.236778401389408,0.129074694066464,0.107703707322944,0.0213709867435197,"PCD_C1"
"TCGA-49-4512",2720941097,0.183090451971184,0.105235978900685,0.0778544730704988,0.0273815058301867,"PCD_C1"
"TCGA-49-4514",2713895509,0.123704728263324,0.0690750872721239,0.0546296409912,0.0144454462809239,"PCD_C2"
"TCGA-49-6742",2720951588,0.152092529228381,0.0749432243223726,0.0771493049060085,-0.00220608058363587,"PCD_C2"
"TCGA-49-6743",2716004203,0.138060290229087,0.0765057784248944,0.0615545118041925,0.0149512666207019,"PCD_C2"
"TCGA-49-6744",2720960300,0.0974947837652391,0.0577268852839933,0.0397678984812458,0.0179589868027475,"PCD_C1"
"TCGA-49-6745",2745980250,0.0892451045929045,0.0466324267195294,0.0426126778733751,0.0040197488461543,"PCD_C1"
"TCGA-49-6761",2733542674,0.120762802848565,0.07069116996269,0.0500716328858746,0.0206195370768154,"PCD_C1"
"TCGA-49-6767",2711965747,0.20127025429691,0.10456356303655,0.0967066912603598,0.00785687177619062,"PCD_C1"
"TCGA-49-AAQV",2725476144,0.0959644667425495,0.0497118158218963,0.0462526509206532,0.00345916490124303,"PCD_C2"
"TCGA-49-AAR0",2732961952,0.137770322574399,0.070532633522115,0.0672376890522843,0.00329494446983066,"PCD_C2"
"TCGA-49-AAR2",2740630603,0.186642882051077,0.0946428946436164,0.0919999874074602,0.00264290723615626,"PCD_C2"
"TCGA-49-AAR3",2742139591,0.0609795043455175,0.0315122352942972,0.0294672690512202,0.00204496624307701,"PCD_C2"
"TCGA-49-AAR4",2748245517,0.0664003285424444,0.0347022042690009,0.0316981242734435,0.0030040799955574,"PCD_C2"
"TCGA-49-AAR9",2724026633,0.273485453655218,0.135709381940173,0.137776071715045,-0.00206668977487196,"PCD_C2"
"TCGA-49-AARE",2738457983,0.199049944915185,0.100486671771148,0.0985632731440379,0.00192339862710977,"PCD_C2"
"TCGA-49-AARN",2736016443,0.107705184720522,0.0545130490878048,0.053192135632717,0.00132091345508774,"PCD_C2"
"TCGA-49-AARO",2737708812,0.143275891441957,0.0709413208423789,0.0723345705995777,-0.00139324975719879,"PCD_C1"
"TCGA-49-AARQ",2734751479,0.202534225585805,0.0996535296639655,0.10288069592184,-0.00322716625787407,"PCD_C2"
"TCGA-49-AARR",2747216414,0.00530983951328415,0.00384916126578589,0.00146067824749827,0.00238848301828762,"PCD_C1"
"TCGA-4B-A93V",2709964920,0.273990813997991,0.141568933720958,0.132421880277033,0.00914705344392429,"PCD_C2"
"TCGA-50-5044",2721902705,0.0307821256470297,0.0230092910945544,0.00777283455247531,0.0152364565420791,"PCD_C1"
"TCGA-50-5045",2743303310,0.0970082838928955,0.056121957316014,0.0408863265768815,0.0152356307391325,"PCD_C1"
"TCGA-50-5049",2742926943,0.104610880722207,0.0538733570481757,0.050737523674031,0.00313583337414466,"PCD_C1"
"TCGA-50-5051",2747368221,0.222761027714093,0.121692308969421,0.101068718744672,0.0206235902247484,"PCD_C2"
"TCGA-50-5055",2747483924,0.0479998593573936,0.0324486260642812,0.0155512332931124,0.0168973927711688,"PCD_C1"
"TCGA-50-5066",2734399804,0.097097321977134,0.0535183695042424,0.0435789524728916,0.00993941703135084,"PCD_C2"
"TCGA-50-5068",2748507224,0.117967915377689,0.0682405541646486,0.0497273612130408,0.0185131929516078,"PCD_C1"
"TCGA-50-5072",2748530291,0.127900880640358,0.0657122966252221,0.0621885840151361,0.00352371261008598,"PCD_C2"
"TCGA-50-5930",2698740613,0.0823678891776473,0.0436618185111961,0.0387060706664513,0.00495574784474479,"PCD_C2"
"TCGA-50-5931",2733662624,0.294337469496675,0.158267073252709,0.136070396243966,0.0221966770087427,"PCD_C2"
"TCGA-50-5932",2720265882,0.347418513824598,0.17640826602982,0.171010247794778,0.00539801823504251,"PCD_C1"
"TCGA-50-5933",2747684549,0.132860356840366,0.0719740143359157,0.0608863425044503,0.0110876718314654,"PCD_C1"
"TCGA-50-5935",2715396409,0.212262183593762,0.118898056960788,0.0933641266329744,0.0255339303278131,"PCD_C1"
"TCGA-50-5936",2708979889,0.205324384047172,0.103757835857784,0.101566548189387,0.00219128766839657,"PCD_C2"
"TCGA-50-5939",2747336874,0.0990542552069281,0.0508624809154729,0.0481917742914552,0.00267070662401774,"PCD_C2"
"TCGA-50-5941",2733384476,0.128323059305983,0.0733068258927216,0.055016233413261,0.0182905924794606,"PCD_C1"
"TCGA-50-5942",2744429726,0.0860738486827627,0.0531720209793778,0.032901827703385,0.0202701932759928,"PCD_C1"
"TCGA-50-5944",2734136577,0.211784699293754,0.114336752883322,0.0974479464104327,0.0168888064728889,"PCD_C1"
"TCGA-50-5946",2745798397,0.237033106264684,0.122583917199839,0.114449189064845,0.00813472813499497,"PCD_C1"
"TCGA-50-6590",2743435154,0.117092233488964,0.0674208319319728,0.0496714015569912,0.0177494303749816,"PCD_C1"
"TCGA-50-6591",2709390568,0.312846154005767,0.165846774891999,0.146999379113768,0.0188473957782302,"PCD_C1"
"TCGA-50-6592",2736937515,0.115200598658388,0.0651716403850747,0.050028958273313,0.0151426821117617,"PCD_C2"
"TCGA-50-6593",2735424762,0.177539803739958,0.0989376471587998,0.0786021565811577,0.0203354905776421,"PCD_C1"
"TCGA-50-6594",2711231087,0.318111511604175,0.17096238706723,0.147149124536945,0.0238132625302846,"PCD_C1"
"TCGA-50-6595",2747399104,0.0736455447011749,0.0437747609394649,0.0298707837617101,0.0139039771777548,"PCD_C1"
"TCGA-50-6597",2744091180,0.212860520833058,0.110298819082535,0.102561701750523,0.00773711733201227,"PCD_C1"
"TCGA-50-6673",2745784003,0.153278263096065,0.0849891112875349,0.0682891518085299,0.0166999594790049,"PCD_C2"
"TCGA-50-7109",2746819390,0.195544362711376,0.0995644417130753,0.0959799209983005,0.00358452071477477,"PCD_C2"
"TCGA-50-8457",2743481937,0.0772749818975389,0.0425001420922422,0.0347748398052967,0.00772530228694558,"PCD_C1"
"TCGA-50-8459",2748543667,0.0400029679583402,0.0211712656759111,0.0188317022824291,0.00233956339348201,"PCD_C1"
"TCGA-50-8460",2748626067,0.0817879222824092,0.0418443080938736,0.0399436141885356,0.00190069390533798,"PCD_C1"
"TCGA-53-7624",2684593630,0.294618995756799,0.14716614360081,0.147452852155989,-0.000286708555178981,"PCD_C2"
"TCGA-53-7626",2742639053,0.139767246529615,0.0720020517051246,0.0677651948244901,0.00423685688063452,"PCD_C1"
"TCGA-53-7813",2712905098,0.162330568996852,0.0819528685289455,0.0803777004679063,0.00157516806103919,"PCD_C2"
"TCGA-53-A4EZ",2701275147,0.218523932006435,0.116546654647247,0.101977277359188,0.014569377288059,"PCD_C2"
"TCGA-55-1592",2714452511,0.239947678485652,0.124912478938815,0.115035199546838,0.00987727939197681,"PCD_C1"
"TCGA-55-1594",2735214663,0.291254160050765,0.152005657258024,0.13924850279274,0.0127571544652837,"PCD_C2"
"TCGA-55-1595",2736389238,0.33892706773531,0.177942433407897,0.160984634327414,0.016957799080483,"PCD_C1"
"TCGA-55-1596",2740639892,0.34401390342037,0.173532666863772,0.170481236556598,0.00305143030717441,"PCD_C2"
"TCGA-55-5899",2676601420,0.251664484473523,0.132637567922309,0.119026916551214,0.0136106513710958,"PCD_C2"
"TCGA-55-6543",2748536823,0.156319079553696,0.0860963402405178,0.0702227393131782,0.0158736009273397,"PCD_C1"
"TCGA-55-6642",2741310663,0.141958892416602,0.0750291010667914,0.0669297913498103,0.00809930971698117,"PCD_C2"
"TCGA-55-6712",2737772572,0.147636218485025,0.0750279837636565,0.0726082347213682,0.00241974904228824,"PCD_C1"
"TCGA-55-6968",2728555997,0.224212991913319,0.115208561685348,0.109004430227972,0.00620413145737614,"PCD_C2"
"TCGA-55-6969",2744371108,0.108050945106218,0.0572230504802049,0.0508278946260135,0.00639515585419142,"PCD_C2"
"TCGA-55-6970",2715387497,0.179868635839749,0.0959085716052039,0.0839600642345449,0.0119485073706591,"PCD_C2"
"TCGA-55-6971",2742332589,0.12002175302122,0.070077555981121,0.0499441970400987,0.0201333589410223,"PCD_C1"
"TCGA-55-6972",2742979413,0.277296965262677,0.139934264933617,0.13736270032906,0.00257156460455724,"PCD_C2"
"TCGA-55-6975",2718323913,0.1336543258381,0.0682862567317598,0.0653680691063398,0.00291818762542005,"PCD_C2"
"TCGA-55-6978",2746132195,0.0664867769127917,0.0350988857780752,0.0313878911347165,0.00371099464335875,"PCD_C1"
"TCGA-55-6979",2713452138,0.0951624783843525,0.0564842268259681,0.0386782515583844,0.0178059752675837,"PCD_C1"
"TCGA-55-6980",2724866153,0.113291405465522,0.059595573611538,0.0536958318539839,0.00589974175755414,"PCD_C1"
"TCGA-55-6981",2705460888,0.144511299203007,0.0814363178352479,0.0630749813677587,0.0183613364674892,"PCD_C2"
"TCGA-55-6982",2741258671,0.119182179228828,0.0653368653908765,0.0538453138379512,0.0114915515529253,"PCD_C1"
"TCGA-55-6983",2748446289,0.0778389787664139,0.0420864118539811,0.0357525669124328,0.00633384494154836,"PCD_C2"
"TCGA-55-6984",2718788409,0.0616364050160257,0.0389680353419515,0.0226683696740742,0.0162996656678773,"PCD_C2"
"TCGA-55-6985",2698622422,0.118300482352622,0.069117046492842,0.0491834358597796,0.0199336106330625,"PCD_C1"
"TCGA-55-6986",2748340633,0.0682787301156203,0.041811507925699,0.0264672221899213,0.0153442857357776,"PCD_C1"
"TCGA-55-6987",2715926817,0.0652468098866671,0.03531186911698,0.0299349407696872,0.0053769283472928,"PCD_C1"
"TCGA-55-7227",2748622568,0.04598586238378,0.0194635203662855,0.0265223420174945,-0.00705882165120897,"PCD_C1"
"TCGA-55-7281",2733284023,0.12663776727875,0.0647444482393625,0.0618933190393877,0.00285112919997484,"PCD_C1"
"TCGA-55-7283",2715560221,0.179052171797335,0.0908868511424921,0.0881653206548425,0.00272153048764961,"PCD_C1"
"TCGA-55-7284",2721864834,0.10028760093544,0.0518257559116178,0.0484618450238224,0.00336391088779539,"PCD_C1"
"TCGA-55-7570",2737988769,0.160582882098484,0.079990865251902,0.0805920168465819,-0.000601151594679896,"PCD_C2"
"TCGA-55-7573",2740640824,0.150564517647096,0.0767364580594892,0.0738280595876069,0.00290839847188236,"PCD_C1"
"TCGA-55-7574",2743603416,0.0659919355437922,0.0330152249399299,0.0329767106038623,3.85143360675859e-05,"PCD_C1"
"TCGA-55-7576",2708444384,0.220735624582388,0.115072041428524,0.105663583153864,0.00940845827465955,"PCD_C1"
"TCGA-55-7724",2748404315,0.0904074101402362,0.0458915938353852,0.0445158163048511,0.00137577753053411,"PCD_C2"
"TCGA-55-7725",2741602447,0.0740736766147918,0.0390099454605936,0.0350637311541982,0.00394621430639539,"PCD_C1"
"TCGA-55-7726",2736335893,0.140150018547047,0.0712461173333006,0.0689039012137462,0.00234221611955444,"PCD_C2"
"TCGA-55-7727",2741568819,0.122904432674539,0.0632336494188147,0.0596707832557239,0.00356286616309083,"PCD_C1"
"TCGA-55-7728",2742115272,0.0333279045848588,0.0181014800944152,0.0152264244904435,0.00287505560397171,"PCD_C1"
"TCGA-55-7815",2747834451,0.105287466466443,0.0557170093105074,0.0495704571559358,0.00614655215457156,"PCD_C1"
"TCGA-55-7903",2741649581,0.173668277208253,0.0902366753080689,0.0834316019001846,0.00680507340788421,"PCD_C1"
"TCGA-55-7907",2711622542,0.191665998793795,0.096933817375088,0.0947321814187072,0.00220163595638083,"PCD_C2"
"TCGA-55-7910",2713837878,0.279878554920811,0.140208065562898,0.139670489357913,0.000537576204985083,"PCD_C2"
"TCGA-55-7911",2713368324,0.0781449912443955,0.0406926179329497,0.0374523733114458,0.00324024462150388,"PCD_C1"
"TCGA-55-7913",2712857875,0.14454467409193,0.0730042181514208,0.0715404559405089,0.00146376221091199,"PCD_C2"
"TCGA-55-7914",2728420816,0.154985273007058,0.0794912506519302,0.0754940223551278,0.00399722829680244,"PCD_C1"
"TCGA-55-7994",2719384046,0.195015346478575,0.102708164369035,0.0923071821095401,0.0104009822594951,"PCD_C1"
"TCGA-55-7995",2704908425,0.22177028074468,0.114720924680398,0.107049356064282,0.00767156861611683,"PCD_C2"
"TCGA-55-8085",2712258368,0.143791137601092,0.0716807681885637,0.0721103694125279,-0.00042960122396422,"PCD_C2"
"TCGA-55-8087",2742912678,0.0712526064268313,0.0354308034034688,0.0358218030233626,-0.00039099961989384,"PCD_C1"
"TCGA-55-8089",2743904817,0.0898541479494039,0.0447855773825117,0.0450685705668922,-0.000282993184380564,"PCD_C2"
"TCGA-55-8090",2748606381,0.114640603272324,0.0590870211039869,0.0555535821683374,0.00353343893564948,"PCD_C1"
"TCGA-55-8091",2748625308,0.173558176748804,0.0875290930685122,0.0860290836802919,0.00150000938822033,"PCD_C1"
"TCGA-55-8092",2721870809,0.160613746542553,0.081567480723219,0.0790462658193341,0.00252121490388488,"PCD_C2"
"TCGA-55-8094",2674229231,0.308303165623202,0.155644126565491,0.15265903905771,0.00298508750778067,"PCD_C2"
"TCGA-55-8096",2733171733,0.131193528520332,0.0675503033523434,0.0636432251679884,0.00390707818435498,"PCD_C1"
"TCGA-55-8097",2745012153,0.100017048968052,0.0509420783033233,0.0490749706647292,0.00186710763859412,"PCD_C1"
"TCGA-55-8203",2721556554,0.164818885890401,0.0835775669777245,0.0812413189126769,0.00233624806504756,"PCD_C2"
"TCGA-55-8204",2747155881,0.121650394691236,0.0616354932316999,0.0600149014595361,0.0016205917721638,"PCD_C2"
"TCGA-55-8205",2738362700,0.108432071226686,0.0560294237936779,0.0524026474330081,0.00362677636066982,"PCD_C1"
"TCGA-55-8206",2748115528,0.142256341597259,0.0715056751945983,0.0707506664026608,0.000755008791937511,"PCD_C1"
"TCGA-55-8207",2715904315,0.183637052450097,0.0917143568924666,0.0919226955576305,-0.00020833866516391,"PCD_C1"
"TCGA-55-8208",2743104948,0.0737971925939598,0.0411439349969413,0.0326532575970185,0.0084906773999228,"PCD_C2"
"TCGA-55-8299",2748131133,0.0320051536975183,0.0185959225377692,0.013409231159749,0.00518669137802021,"PCD_C1"
"TCGA-55-8301",2711471233,0.0951539478038047,0.0467831784263669,0.0483707693774378,-0.00158759095107095,"PCD_C2"
"TCGA-55-8302",2744252397,0.119304768774153,0.0595093176329291,0.0597954511412239,-0.00028613350829479,"PCD_C2"
"TCGA-55-8505",2739273341,0.0759783853770583,0.0387923456297018,0.0371860397473565,0.00160630588234531,"PCD_C2"
"TCGA-55-8506",2721287142,0.185574387621643,0.0941636518958351,0.0914107357258075,0.0027529161700276,"PCD_C1"
"TCGA-55-8507",2695357239,0.239710738680306,0.118633059329543,0.121077679350763,-0.00244462002122013,"PCD_C2"
"TCGA-55-8508",2721589068,0.138868439756571,0.0686851913806629,0.070183248375908,-0.0014980569952451,"PCD_C2"
"TCGA-55-8510",2706217954,0.1216023102358,0.06198690203982,0.0596154081959801,0.0023714938438399,"PCD_C2"
"TCGA-55-8511",2720979235,0.129592774781907,0.0653238096790915,0.0642689651028153,0.00105484457627623,"PCD_C1"
"TCGA-55-8512",2739540912,0.0675718152473059,0.0347833905280258,0.0327884247192801,0.00199496580874569,"PCD_C2"
"TCGA-55-8513",2748684463,0.00621197708825555,0.00394011004572699,0.00227186704252856,0.00166824300319844,"PCD_C1"
"TCGA-55-8514",2705315104,0.271644477015717,0.138381124808964,0.133263352206753,0.00511777260221144,"PCD_C2"
"TCGA-55-8614",2742864787,0.186716190578956,0.0942451967612795,0.0924709938176767,0.00177420294360285,"PCD_C2"
"TCGA-55-8615",2721007552,0.244373699237532,0.124555975047033,0.119817724190499,0.00473825085653419,"PCD_C2"
"TCGA-55-8616",2736400638,0.217359777604503,0.110339685951279,0.107020091653224,0.00331959429805542,"PCD_C1"
"TCGA-55-8619",2743048404,0.0264865035068481,0.0140296028216205,0.0124569006852276,0.00157270213639292,"PCD_C1"
"TCGA-55-8620",2740467525,0.194032787104054,0.100824827932964,0.0932079591710907,0.00761686876187303,"PCD_C2"
"TCGA-55-8621",2748583551,0.0344080192389247,0.0176228091802329,0.0167852100586918,0.00083759912154113,"PCD_C1"
"TCGA-55-A48X",2744731840,0.0808576380922152,0.042347376669664,0.0385102614225512,0.00383711524711281,"PCD_C2"
"TCGA-55-A48Y",2742238747,0.0925409905680251,0.048350433793794,0.0441905567742312,0.0041598770195628,"PCD_C2"
"TCGA-55-A48Z",2744661432,0.166930469164475,0.0852727426226318,0.0816577265418433,0.0036150160807885,"PCD_C2"
"TCGA-55-A490",2717064428,0.254668305038772,0.135769203602448,0.118899101436324,0.0168701021661235,"PCD_C1"
"TCGA-55-A491",2735900628,0.189628123281932,0.0942430467984453,0.095385076483487,-0.00114202968504162,"PCD_C2"
"TCGA-55-A492",2721818365,0.159542807989614,0.0776766657030768,0.0818661422865372,-0.00418947658346041,"PCD_C2"
"TCGA-55-A493",2743123505,0.100416497013611,0.0522720006370986,0.0481444963765129,0.0041275042605856,"PCD_C1"
"TCGA-55-A494",2714157304,0.295422889909405,0.152972931976459,0.142449957932947,0.0105229740435118,"PCD_C2"
"TCGA-55-A4DF",2716228716,0.196569002876376,0.103052409765997,0.0935165931103793,0.00953581665561774,"PCD_C2"
"TCGA-55-A4DG",2711356915,0.236291250455715,0.119320028597452,0.116971221858263,0.00234880673918948,"PCD_C1"
"TCGA-55-A57B",2747836261,0.123376801256536,0.0634125197411099,0.0599642815154261,0.00344823822568371,"PCD_C1"
"TCGA-62-8394",2739752758,0.216435353133569,0.112899124145311,0.103536228988258,0.00936289515705271,"PCD_C2"
"TCGA-62-8395",2744464804,0.158615365235633,0.0823876487896472,0.0762277164459858,0.00615993234366142,"PCD_C2"
"TCGA-62-8397",2748460131,0.223065800384208,0.109609706387624,0.113456093996584,-0.00384638760896037,"PCD_C1"
"TCGA-62-8398",2739220295,0.163807653521967,0.0817854717533042,0.0820221817686627,-0.000236710015358587,"PCD_C2"
"TCGA-62-8399",2742888686,0.185510758224368,0.0923392470388425,0.0931715111855254,-0.00083226414668291,"PCD_C1"
"TCGA-62-8402",2742988476,0.202850236894214,0.101103929852711,0.101746307041503,-0.000642377188791366,"PCD_C2"
"TCGA-62-A46O",2703565281,0.298788166734599,0.150699373588494,0.148088793146105,0.00261058044238881,"PCD_C2"
"TCGA-62-A46P",2741138661,0.128313449025591,0.064721800695109,0.0635916483304819,0.00113015236462713,"PCD_C1"
"TCGA-62-A46R",2742128982,0.184022316804279,0.0961055386882965,0.0879167781159829,0.00818876057231358,"PCD_C1"
"TCGA-62-A46S",2735129348,0.180083196031174,0.0898151065371114,0.0902680894940622,-0.000452982956950816,"PCD_C1"
"TCGA-62-A46U",2743252939,0.109290695229107,0.0568192025622031,0.0524714926669035,0.0043477098952996,"PCD_C1"
"TCGA-62-A46V",2743688095,0.151219029892427,0.0781436400225004,0.0730753898699262,0.00506825015257428,"PCD_C1"
"TCGA-62-A46Y",2747629520,0.11107305408984,0.0574240771924375,0.0536489768974021,0.00377510029503541,"PCD_C1"
"TCGA-62-A470",2670993794,0.210817623878088,0.106431819256485,0.104385804621604,0.00204601463488088,"PCD_C2"
"TCGA-62-A471",2728118602,0.177125212154284,0.0900922424501323,0.0870329697041522,0.00305927274598013,"PCD_C2"
"TCGA-62-A472",2705207819,0.196882289242341,0.0996250013779441,0.0972572878643968,0.00236771351354725,"PCD_C1"
"TCGA-64-1676",2713485690,0.240892424369815,0.123402689225717,0.117489735144098,0.00591295408161891,"PCD_C1"
"TCGA-64-1677",2738591696,0.139178584021859,0.0783042898279131,0.0608742941939454,0.0174299956339676,"PCD_C2"
"TCGA-64-1678",2719390835,0.247010737657649,0.130302578726312,0.116708158931337,0.0135944197949759,"PCD_C2"
"TCGA-64-1679",2742561870,0.140875919524434,0.0723802813945634,0.0684956381298702,0.00388464326469324,"PCD_C1"
"TCGA-64-1680",2730630102,0.186235997126168,0.0985098040094777,0.0877261931166904,0.0107836108927873,"PCD_C1"
"TCGA-64-1681",2744979551,0.155410012162418,0.0796907777201507,0.0757192344422678,0.00397154327788287,"PCD_C1"
"TCGA-64-5774",2721671248,0.291164897570245,0.152691698883538,0.138473198686706,0.014218500196832,"PCD_C2"
"TCGA-64-5775",2710312541,0.219463937209705,0.114511765885859,0.104952171323846,0.00955959456201328,"PCD_C1"
"TCGA-64-5778",2734476635,0.19872445014265,0.102984616249061,0.0957398338935889,0.00724478235547257,"PCD_C2"
"TCGA-64-5779",2734221882,0.243113086892704,0.123150479726539,0.119962607166166,0.00318787256037328,"PCD_C2"
"TCGA-64-5781",2748490871,0.122792366663458,0.0714175900975732,0.0513747765658851,0.0200428135316881,"PCD_C2"
"TCGA-64-5815",2744295158,0.0918493506815421,0.0500263860938897,0.0418229645876524,0.00820342150623727,"PCD_C1"
"TCGA-67-3770",2713314396,0.262328513141719,0.14019206722891,0.122136445912809,0.0180556213161005,"PCD_C1"
"TCGA-67-3771",2706786824,0.255446845494472,0.135011244473606,0.120435601020866,0.0145756434527406,"PCD_C2"
"TCGA-67-3772",2747221659,0.163895301827045,0.093207308036115,0.0706879937909299,0.0225193142451852,"PCD_C1"
"TCGA-67-3773",2743119419,0.12040858716946,0.0695503682662311,0.0508582189032289,0.0186921493630023,"PCD_C1"
"TCGA-67-3774",2743189140,0.135172198284512,0.0758472231856021,0.0593249750989099,0.0165222480866923,"PCD_C2"
"TCGA-67-4679",2721880618,0.070523078740186,0.0364728025966641,0.0340502761435219,0.00242252645314219,"PCD_C1"
"TCGA-67-6215",2715772736,0.157644443241108,0.0898937626761711,0.0677506805649366,0.0221430821112345,"PCD_C1"
"TCGA-67-6216",2748448263,0.0953945600159547,0.0586838355782795,0.0367107244376752,0.0219731111406044,"PCD_C1"
"TCGA-67-6217",2744397528,0.186266438174914,0.10239582019391,0.0838706179810041,0.0185252022129062,"PCD_C1"
"TCGA-69-7760",2705827253,0.25337137445703,0.130035107453994,0.123336267003036,0.00669884045095764,"PCD_C2"
"TCGA-69-7761",2746756446,0.0783644364979857,0.0404288588071998,0.0379355776907859,0.00249328111641392,"PCD_C2"
"TCGA-69-7763",2747978988,0.132079616406223,0.0645935799720169,0.0674860364342058,-0.00289245646218893,"PCD_C1"
"TCGA-69-7764",2687169937,0.223777731304159,0.113559547493665,0.110218183810494,0.00334136368317074,"PCD_C1"
"TCGA-69-7765",2716395819,0.0997875457608338,0.0502424001451462,0.0495451456156876,0.000697254529458545,"PCD_C1"
"TCGA-69-7973",2712613956,0.231261150767559,0.118546488702906,0.112714662064652,0.00583182663825387,"PCD_C2"
"TCGA-69-7974",2741365269,0.125147760845656,0.0639616956012803,0.0611860652443759,0.00277563035690447,"PCD_C1"
"TCGA-69-7978",2741299605,0.0851125916044481,0.0449121319967505,0.0402004596076976,0.00471167238905286,"PCD_C1"
"TCGA-69-7979",2689949092,0.324186980610189,0.16516631189714,0.159020668713049,0.00614564318409042,"PCD_C2"
"TCGA-69-7980",2718186843,0.247770865185922,0.130932576627073,0.116838288558849,0.0140942880682246,"PCD_C1"
"TCGA-69-8253",2720402292,0.128726907279014,0.064790212079045,0.0639366951999686,0.000853516879076353,"PCD_C2"
"TCGA-69-8254",2742920452,0.0405190438188836,0.0205576138383032,0.0199614299805804,0.000596183857722754,"PCD_C1"
"TCGA-69-8255",2739260694,0.176424810106701,0.0908581846906901,0.0855666254160109,0.00529155927467924,"PCD_C2"
"TCGA-69-8453",2733728858,0.0780458200339194,0.0386122764947964,0.039433543539123,-0.000821267044326602,"PCD_C1"
"TCGA-69-A59K",2738985348,0.258671179962004,0.130893789169003,0.127777390793001,0.00311639837600183,"PCD_C2"
"TCGA-71-6725",2715713748,0.263563713797902,0.13905518304888,0.124508530749022,0.0145466522998579,"PCD_C2"
"TCGA-71-8520",2734182487,0.22255150895581,0.0935698169823732,0.128981691973437,-0.0354118749910638,"PCD_C1"
"TCGA-73-4658",2729840193,0.0868902554194314,0.0511049481552197,0.0357853072642117,0.015319640891008,"PCD_C1"
"TCGA-73-4659",2712800100,0.137608209799793,0.0717510789661575,0.0658571308336357,0.00589394813252182,"PCD_C2"
"TCGA-73-4662",2686427017,0.211400493587055,0.117335906126126,0.0940645874609293,0.0232713186651964,"PCD_C1"
"TCGA-73-4666",2743907159,0.170000782620867,0.0945529850709501,0.075447797549917,0.019105187521033,"PCD_C2"
"TCGA-73-4668",2733682226,0.204621869208802,0.11212701674313,0.0924948524656721,0.0196321642774583,"PCD_C2"
"TCGA-73-4670",2716319887,0.269380240116211,0.142027372846238,0.127352867269973,0.0146745055762646,"PCD_C2"
"TCGA-73-4675",2696612734,0.206747572805276,0.106544975097748,0.100202597707528,0.00634237739021965,"PCD_C2"
"TCGA-73-4676",2710639032,0.217138385309468,0.114231437145962,0.102906948163506,0.0113244889824563,"PCD_C2"
"TCGA-73-4677",2748532642,0.144840548331207,0.0726568099318938,0.0721837383993128,0.000473071532581055,"PCD_C2"
"TCGA-73-7498",2715891453,0.1227421921872,0.0605083148347755,0.0622338773524245,-0.00172556251764897,"PCD_C2"
"TCGA-73-7499",2712935067,0.191954757655908,0.0951710045405226,0.0967837531153856,-0.00161274857486296,"PCD_C2"
"TCGA-73-A9RS",2728065780,0.24325015158894,0.123686223895818,0.119563927693122,0.0041222962026964,"PCD_C2"
"TCGA-75-5122",2743317499,0.102433738253022,0.0523868106181974,0.0500469276348242,0.00233988298337319,"PCD_C1"
"TCGA-75-5125",2737343353,0.15399159909305,0.0817924124192249,0.0721991866738246,0.00959322574540031,"PCD_C1"
"TCGA-75-5126",2739001326,0.0798064353183522,0.0489892046498776,0.0308172306684747,0.0181719739814029,"PCD_C1"
"TCGA-75-5146",2712630200,0.192896424494426,0.0955929661159859,0.0973034583784402,-0.00171049226245435,"PCD_C1"
"TCGA-75-5147",2741870735,0.180949135664961,0.102860229868349,0.0780889057966112,0.0247713240717382,"PCD_C2"
"TCGA-75-6203",2748617409,0.0645983899981913,0.0412554130964176,0.0233429769017737,0.0179124361946439,"PCD_C1"
"TCGA-75-6205",2748240081,0.0817405349103851,0.0498198243115209,0.0319207105988642,0.0178991137126568,"PCD_C1"
"TCGA-75-6206",2748185465,0.202516959661673,0.101474437086873,0.1010425225748,0.000431914512072423,"PCD_C2"
"TCGA-75-6207",2734107261,0.237186740003614,0.123795754421611,0.113390985582003,0.0104047688396084,"PCD_C1"
"TCGA-75-6211",2740169640,0.186226471689979,0.101964893381382,0.084261578308597,0.0177033150727851,"PCD_C2"
"TCGA-75-6212",2747596050,0.122317023895197,0.0698301284288133,0.0524868954663842,0.0173432329624291,"PCD_C1"
"TCGA-75-6214",2727818382,0.23161203141808,0.125662757997391,0.105949273420689,0.0197134845767016,"PCD_C2"
"TCGA-75-7025",2748614393,0.126954690568121,0.0659794275596664,0.060975263008455,0.00500416455121138,"PCD_C1"
"TCGA-75-7027",2721769219,0.279527753621348,0.138396231796683,0.141131521824665,-0.00273529002798234,"PCD_C2"
"TCGA-75-7030",2748617602,0.0190460062090514,0.0102471752836064,0.00879883092544497,0.00144834435816147,"PCD_C1"
"TCGA-75-7031",2725385721,0.23404304286872,0.127691968225147,0.106351074643573,0.0213408935815731,"PCD_C2"
"TCGA-78-7143",2735729830,0.147232327771124,0.0765715241164732,0.0706608036546504,0.0059107204618228,"PCD_C2"
"TCGA-78-7145",2734206819,0.252868763251336,0.127837213268101,0.125031549983235,0.00280566328486653,"PCD_C1"
"TCGA-78-7146",2669333784,0.268558638290287,0.137758990002353,0.130799648287934,0.00695934171441933,"PCD_C2"
"TCGA-78-7147",2728780979,0.223339364925411,0.112573139785397,0.110766225140013,0.00180691464538386,"PCD_C2"
"TCGA-78-7148",2721651352,0.132579710928749,0.065767718822385,0.0668119921063644,-0.00104427328397939,"PCD_C2"
"TCGA-78-7149",2711804328,0.189932313237867,0.0932102243910129,0.0967220888468543,-0.00351186445584137,"PCD_C2"
"TCGA-78-7150",2731615568,0.165060278864065,0.0842035168073841,0.0808567620566805,0.00334675475070363,"PCD_C2"
"TCGA-78-7152",2730533006,0.0806851584128407,0.0416291355504311,0.0390560228624096,0.00257311268802147,"PCD_C2"
"TCGA-78-7153",2743775794,0.146117023666001,0.0739504524294232,0.0721665712365782,0.00178388119284502,"PCD_C2"
"TCGA-78-7154",2719061234,0.207534138343977,0.106767651269306,0.100766487074671,0.00600116419463468,"PCD_C2"
"TCGA-78-7155",2666648365,0.280343677872729,0.141820064103352,0.138523613769377,0.0032964503339757,"PCD_C1"
"TCGA-78-7156",2717866064,0.0954975923867674,0.0505983984399166,0.0448991939468508,0.00569920449306585,"PCD_C2"
"TCGA-78-7158",2716082131,0.12742806156829,0.0636185293312104,0.0638095322370795,-0.00019100290586905,"PCD_C1"
"TCGA-78-7159",2741988649,0.175081187326863,0.0895639508386966,0.0855172364881661,0.00404671435053049,"PCD_C2"
"TCGA-78-7160",2721472592,0.070977074323738,0.0364538719357421,0.034523202387996,0.00193066954774608,"PCD_C2"
"TCGA-78-7161",2744685694,0.24049352203903,0.123749827835697,0.116743694203333,0.00700613363236337,"PCD_C1"
"TCGA-78-7162",2747795673,0.0561177712853542,0.0288069295508713,0.0273108417344829,0.00149608781638838,"PCD_C2"
"TCGA-78-7163",2747769623,0.257870886062925,0.134614089704346,0.123256796358579,0.0113572933457675,"PCD_C2"
"TCGA-78-7166",2743626785,0.0604350776915163,0.0328060138016913,0.0276290638898249,0.00517694991186638,"PCD_C2"
"TCGA-78-7167",2690937735,0.259574389990707,0.129359036588039,0.130215353402668,-0.000856316814628934,"PCD_C2"
"TCGA-78-7220",2731081924,0.222365626611902,0.112957689649994,0.109407936961909,0.00354975268808524,"PCD_C2"
"TCGA-78-7535",2732011346,0.260375157409247,0.132900663967594,0.127474493441654,0.00542617052594041,"PCD_C2"
"TCGA-78-7536",2719190063,0.329605679524028,0.166073178936628,0.1635325005874,0.00254067834922799,"PCD_C2"
"TCGA-78-7537",2721781638,0.0827740615507819,0.0425254705239877,0.0402485910267942,0.00227687949719352,"PCD_C1"
"TCGA-78-7539",2705648382,0.226305282014431,0.113079531515156,0.113225750499275,-0.000146218984119272,"PCD_C1"
"TCGA-78-7540",2716976895,0.109947352091781,0.058429110777072,0.0515182413147095,0.0069108694623625,"PCD_C2"
"TCGA-78-7542",2737488370,0.180639639934945,0.0925964663883485,0.0880431735465967,0.00455329284175187,"PCD_C2"
"TCGA-78-7633",2717481125,0.202300147693648,0.0981767133999137,0.104123434293734,-0.00594672089382038,"PCD_C2"
"TCGA-78-8640",2742873922,0.160012534178376,0.0832030810189751,0.0768094531594005,0.00639362785957465,"PCD_C2"
"TCGA-78-8648",2748592219,0.00839644791525185,0.00505568161924568,0.00334076629600617,0.00171491532323951,"PCD_C1"
"TCGA-78-8655",2742955921,0.154137860065488,0.0799295024515635,0.0742083576139246,0.00572114483763882,"PCD_C1"
"TCGA-78-8660",2740311399,0.0875487703998344,0.044394882552908,0.0431538878469264,0.00124099470598159,"PCD_C2"
"TCGA-78-8662",2741199829,0.312318325711307,0.154900138962799,0.157418186748508,-0.00251804778570924,"PCD_C2"
"TCGA-80-5607",2748491646,0.0533624219527644,0.0359094950152161,0.0174529269375483,0.0184565680776677,"PCD_C1"
"TCGA-80-5608",2713315873,0.184609500816973,0.10157005699653,0.0830394438204431,0.0185306131760871,"PCD_C2"
"TCGA-80-5611",2704625722,0.232498093842391,0.118885694027944,0.113612399814446,0.00527329421349783,"PCD_C2"
"TCGA-83-5908",2748350005,0.0987278661220589,0.0518625574047291,0.0468653087173298,0.00499724868739926,"PCD_C1"
"TCGA-86-6562",2710937371,0.214626533074563,0.109179654338905,0.105446878735658,0.00373277560324723,"PCD_C1"
"TCGA-86-6851",2699844977,0.158836601980537,0.0895595939828659,0.0692770079976707,0.0202825859851953,"PCD_C1"
"TCGA-86-7701",2741485477,0.156155583756572,0.0817028867481394,0.0744526970084328,0.00725018973970658,"PCD_C2"
"TCGA-86-7711",2732247521,0.142223159687149,0.0708426422450033,0.0713805174421458,-0.000537875197142506,"PCD_C2"
"TCGA-86-7713",2740392413,0.286904338747525,0.142889863607318,0.144014475140207,-0.00112461153288852,"PCD_C2"
"TCGA-86-7714",2748552551,0.0714132824925566,0.0360500552015824,0.0353632272909742,0.000686827910608138,"PCD_C1"
"TCGA-86-7953",2741730844,0.16981095415072,0.0876895279216912,0.0821214262290292,0.005568101692662,"PCD_C1"
"TCGA-86-7954",2741606997,0.175206975613434,0.0877247565829728,0.0874822190304616,0.000242537552511214,"PCD_C1"
"TCGA-86-7955",2681333169,0.280512124434619,0.14403780159134,0.13647432284328,0.00756347874806005,"PCD_C2"
"TCGA-86-8054",2708728545,0.253799805253944,0.127983345630745,0.125816459623199,0.00216688600754565,"PCD_C2"
"TCGA-86-8055",2748152060,0.146417251509402,0.0762386809969678,0.0701785705124337,0.0060601104845341,"PCD_C1"
"TCGA-86-8056",2744157746,0.0907228755357419,0.0472273992053152,0.0434954763304267,0.00373192287488855,"PCD_C1"
"TCGA-86-8073",2737278746,0.109686661663393,0.05515450629868,0.0545321553647134,0.000622350933966591,"PCD_C2"
"TCGA-86-8074",2727568967,0.264437507933562,0.135481196925166,0.128956311008395,0.00652488591677103,"PCD_C1"
"TCGA-86-8075",2731183436,0.167124223299625,0.0850298737286279,0.0820943495709967,0.00293552415763113,"PCD_C1"
"TCGA-86-8076",2744985995,0.0303389751286145,0.0172134370260057,0.0131255381026088,0.00408789892339688,"PCD_C1"
"TCGA-86-8278",2743312207,0.142924608473555,0.0755080567896879,0.0674165516838675,0.00809150510582042,"PCD_C1"
"TCGA-86-8279",2718209166,0.303014695305792,0.152492807339132,0.15052188796666,0.00197091937247187,"PCD_C2"
"TCGA-86-8280",2725284557,0.167423114702073,0.0868878449081528,0.0805352697939205,0.00635257511423237,"PCD_C1"
"TCGA-86-8281",2748418748,0.0727470092707285,0.0339467944008145,0.038800214869914,-0.00485342046909949,"PCD_C2"
"TCGA-86-8358",2692130823,0.281631770577221,0.140741878099027,0.140889892478193,-0.000148014379165998,"PCD_C2"
"TCGA-86-8359",2711498866,0.184863357857735,0.0947701239758881,0.0900932338818467,0.00467689009404144,"PCD_C2"
"TCGA-86-8585",2741885744,0.144565594793034,0.0735041566260465,0.0710614381669873,0.00244271845905918,"PCD_C2"
"TCGA-86-8668",2739334954,0.13681515537216,0.0718827075058014,0.064932447866359,0.0069502596394424,"PCD_C1"
"TCGA-86-8669",2747610294,0.203113497208531,0.105231859761514,0.0978816374470171,0.00735022231449683,"PCD_C2"
"TCGA-86-8671",2748305497,0.0362476557287183,0.0180004237580215,0.0182472319706967,-0.000246808212675201,"PCD_C1"
"TCGA-86-8672",2741893589,0.114131198405891,0.0562906495018979,0.0578405489039932,-0.00154989940209529,"PCD_C2"
"TCGA-86-8673",2730445084,0.173254908817862,0.0886943501110898,0.0845605587067724,0.00413379140431744,"PCD_C2"
"TCGA-86-8674",2721844763,0.0866553199421021,0.0427463515430839,0.0439089683990181,-0.00116261685593419,"PCD_C2"
"TCGA-86-A456",2741546323,0.0919933178477977,0.0468312552128998,0.0451620626348979,0.0016691925780019,"PCD_C1"
"TCGA-86-A4D0",2714111004,0.242250994834919,0.123567610343545,0.118683384491374,0.00488422585217152,"PCD_C2"
"TCGA-86-A4JF",2733661700,0.101751118551282,0.0510269349931266,0.0507241835581557,0.000302751434970906,"PCD_C1"
"TCGA-86-A4P7",2748527114,0.0638632977479516,0.0335803589145528,0.0302829388333988,0.00329742008115406,"PCD_C1"
"TCGA-86-A4P8",2748646007,0.00427487275755986,0.00319445807086063,0.00108041468669923,0.0021140433841614,"PCD_C1"
"TCGA-91-6828",2732414433,0.171554892949506,0.0892284763723834,0.0823264165771225,0.00690205979526093,"PCD_C1"
"TCGA-91-6829",2704978432,0.205749510355837,0.105939432467719,0.0998100778881183,0.00612935457960058,"PCD_C1"
"TCGA-91-6830",2747654910,0.102852600078225,0.0607766871744458,0.0420759129037787,0.0187007742706671,"PCD_C2"
"TCGA-91-6831",2699746058,0.226361497225085,0.116896328778045,0.109465168447039,0.00743116033100621,"PCD_C2"
"TCGA-91-6835",2717186035,0.088126591537631,0.0544331756860733,0.0336934158515576,0.0207397598345157,"PCD_C1"
"TCGA-91-6836",2708278089,0.274735356284308,0.14605925800181,0.128676098282498,0.017383159719312,"PCD_C1"
"TCGA-91-6840",2725974903,0.280057959577664,0.148239270031974,0.13181868954569,0.0164205804862834,"PCD_C1"
"TCGA-91-6847",2737756751,0.301432955506243,0.159993892352929,0.141439063153314,0.0185548291996158,"PCD_C2"
"TCGA-91-6848",2732860883,0.146672621401124,0.0744022749192389,0.0722703464818849,0.00213192843735398,"PCD_C1"
"TCGA-91-6849",2692020669,0.12012142180629,0.0697544641180465,0.0503669576882435,0.019387506429803,"PCD_C2"
"TCGA-91-7771",2708538205,0.164411526811378,0.0806862595378824,0.083725267273496,-0.00303900773561361,"PCD_C1"
"TCGA-91-8496",2706825360,0.108457780159448,0.0540885248074889,0.0543692553519596,-0.000280730544470738,"PCD_C1"
"TCGA-91-8497",2721632452,0.057204696526561,0.0296359932898463,0.0275687032367146,0.00206729005313169,"PCD_C1"
"TCGA-91-8499",2720838397,0.319423163487501,0.161554168979224,0.157868994508276,0.00368517447094819,"PCD_C1"
"TCGA-91-A4BC",2746489090,0.104201251805628,0.0547624339628089,0.0494388178428191,0.00532361611998976,"PCD_C2"
"TCGA-91-A4BD",2748666704,0.071996672097353,0.0373705587345013,0.0346261133628517,0.00274444537164954,"PCD_C1"
"TCGA-93-7347",2745888115,0.061232505258977,0.0307387956665525,0.0304937095924245,0.00024508607412797,"PCD_C1"
"TCGA-93-7348",2733984864,0.0998151366818979,0.0526614296006944,0.0471537070812035,0.00550772251949088,"PCD_C1"
"TCGA-93-8067",2731051816,0.179740274951305,0.0919229789537614,0.0878172959975432,0.00410568295621821,"PCD_C2"
"TCGA-93-A4JN",2747779242,0.154723240332347,0.0805339984883691,0.0741892418439778,0.0063447566443913,"PCD_C1"
"TCGA-93-A4JO",2721565440,0.0929044158788627,0.0468445801666632,0.0460598357121995,0.000784744454463679,"PCD_C2"
"TCGA-93-A4JP",2742524132,0.0902333494049634,0.0447198311833123,0.0455135182216512,-0.000793687038338885,"PCD_C1"
"TCGA-93-A4JQ",2747630879,0.0889819947735418,0.0451200124049487,0.0438619823685931,0.00125803003635555,"PCD_C2"
"TCGA-95-7039",2708329004,0.229270043706773,0.121403622153175,0.107866421553598,0.0135372005995768,"PCD_C2"
"TCGA-95-7043",2671634092,0.337121064801377,0.182889554711709,0.154231510089668,0.0286580446220403,"PCD_C2"
"TCGA-95-7562",2726716438,0.256231080295449,0.133598023620122,0.122633056675327,0.0109649669447953,"PCD_C2"
"TCGA-95-7567",2704502520,0.215246162957467,0.109310233064453,0.105935929893014,0.00337430317143872,"PCD_C1"
"TCGA-95-7944",2747164887,0.115990084842075,0.0604828502489155,0.0555072345931597,0.00497561565575587,"PCD_C1"
"TCGA-95-7947",2689613841,0.225366501971351,0.115215890495598,0.110150611475753,0.00506527901984425,"PCD_C1"
"TCGA-95-7948",2747738214,0.256607523114063,0.130006583297349,0.126600939816714,0.00340564348063473,"PCD_C2"
"TCGA-95-8039",2744392064,0.112234604146268,0.0565144046283396,0.0557201995179286,0.000794205110410929,"PCD_C1"
"TCGA-95-8494",2739141730,0.256250404176348,0.129579814941558,0.126670589234789,0.00290922570676911,"PCD_C1"
"TCGA-95-A4VK",2702638337,0.0992114891716272,0.0508344628933605,0.0483770262782667,0.00245743661509379,"PCD_C1"
"TCGA-95-A4VN",2748472001,0.114909970350322,0.0602384002931307,0.0546715700571912,0.00556683023593952,"PCD_C1"
"TCGA-95-A4VP",2721517796,0.160227489467205,0.0781862160390591,0.0820412734281455,-0.00385505738908643,"PCD_C1"
"TCGA-97-7546",2727443421,0.11745930477617,0.0605362967370607,0.0569230080391097,0.00361328869795096,"PCD_C1"
"TCGA-97-7547",2743466850,0.208191520593187,0.105007374610486,0.103184145982701,0.00182322862778531,"PCD_C1"
"TCGA-97-7552",2748514386,0.0168550335703428,0.00951737821207824,0.00733765535826451,0.00217972285381373,"PCD_C1"
"TCGA-97-7553",2741758151,0.100956115410888,0.0494827046123004,0.051473410798588,-0.00199070618628755,"PCD_C1"
"TCGA-97-7554",2689978326,0.160407599544875,0.0815560916123902,0.0788515079324844,0.00270458367990583,"PCD_C1"
"TCGA-97-7937",2720702892,0.212496276070669,0.107054415365983,0.105441860704686,0.00161255466129743,"PCD_C2"
"TCGA-97-7938",2714946930,0.104049514533973,0.0529925447622286,0.0510569697717443,0.00193557499048425,"PCD_C1"
"TCGA-97-7941",2748560317,0.0162351876098923,0.00864239784729454,0.00759278976259774,0.0010496080846968,"PCD_C1"
"TCGA-97-8171",2727131331,0.194614222418429,0.0999851053979549,0.094629117020474,0.0053559883774809,"PCD_C1"
"TCGA-97-8172",2713786206,0.0970954706225299,0.0483696681664097,0.0487258024561202,-0.000356134289710513,"PCD_C1"
"TCGA-97-8174",2744089173,0.144399331767124,0.0756898322038239,0.0687094995633001,0.00698033264052385,"PCD_C1"
"TCGA-97-8175",2697732305,0.0845916742796688,0.045062858299204,0.0395288159804648,0.00553404231873926,"PCD_C1"
"TCGA-97-8176",2746513475,0.10670131634133,0.0556679292074473,0.0510333871338825,0.00463454207356474,"PCD_C2"
"TCGA-97-8177",2692746196,0.11882565010557,0.059792628679142,0.0590330214264278,0.000759607252714136,"PCD_C1"
"TCGA-97-8179",2747940966,0.216655176413131,0.110269297550914,0.106385878862217,0.00388341868869682,"PCD_C2"
"TCGA-97-8547",2737082812,0.171063058312355,0.0836330550845241,0.0874300032278307,-0.00379694814330667,"PCD_C1"
"TCGA-97-8552",2747660054,0.134457698623696,0.0671873583918981,0.0672703402317978,-8.29818398997615e-05,"PCD_C1"
"TCGA-97-A4LX",2720726731,0.078646858571369,0.0403095521772194,0.0383373063941496,0.00197224578306979,"PCD_C1"
"TCGA-97-A4M0",2662092319,0.221609736869047,0.110732827457213,0.110876909411833,-0.000144081954619847,"PCD_C1"
"TCGA-97-A4M1",2733947721,0.160153124100357,0.07832890014293,0.0818242239574266,-0.0034953238144966,"PCD_C1"
"TCGA-97-A4M2",2721789977,0.0312560922359146,0.0177392656045482,0.0135168266313665,0.00422243897318166,"PCD_C1"
"TCGA-97-A4M3",2714973020,0.135038005886556,0.0682539905044802,0.0667840153820755,0.00146997512240471,"PCD_C2"
"TCGA-97-A4M5",2748338293,0.0648474194452815,0.0319402195673588,0.0329071998779227,-0.000966980310563974,"PCD_C1"
"TCGA-97-A4M6",2742647968,0.146220616655458,0.0723224053411947,0.0738982113142637,-0.00157580597306902,"PCD_C1"
"TCGA-97-A4M7",2748095265,0.125973580736074,0.0645301907327438,0.0614433900033302,0.00308680072941358,"PCD_C1"
"TCGA-99-7458",2745327535,0.0804942390594206,0.0414941045677816,0.0390001344916391,0.00249397007614248,"PCD_C1"
"TCGA-99-8025",2687730353,0.2263179418056,0.116636828612398,0.109681113193203,0.0069557154191948,"PCD_C2"
"TCGA-99-8028",2747860849,0.0604916819008108,0.0319248852398493,0.0285667966609615,0.00335808857888786,"PCD_C1"
"TCGA-99-8032",2748179523,0.116376173219016,0.0581661033450252,0.0582100698739905,-4.39665289653635e-05,"PCD_C2"
"TCGA-99-8033",2745873343,0.137092772336732,0.0725233897616449,0.064569382575087,0.00795400718655799,"PCD_C2"
"TCGA-99-AA5R",2746414348,0.0229647382410558,0.0119819636833983,0.0109827745576575,0.00099918912574076,"PCD_C1"
"TCGA-J2-8192",2738239827,0.139297148455981,0.0680165618176877,0.0712805866382938,-0.00326402482060604,"PCD_C1"
"TCGA-J2-8194",2748521360,0.161775636000806,0.08252237170127,0.079253264299536,0.003269107401734,"PCD_C2"
"TCGA-J2-A4AD",2740218110,0.181142753690216,0.0907045142543051,0.0904382394359112,0.000266274818393932,"PCD_C2"
"TCGA-J2-A4AE",2745616073,0.113297797255902,0.0565712417544913,0.0567265555014108,-0.00015531374691949,"PCD_C2"
"TCGA-J2-A4AG",2744543544,0.0706072376794835,0.0390842685764653,0.0315229691030182,0.00756129947344716,"PCD_C1"
"TCGA-L4-A4E5",2717194753,0.323504729199365,0.169298607365557,0.154206121833807,0.0150924855317502,"PCD_C2"
"TCGA-L4-A4E6",2748656885,0.0122596146621262,0.00675250419533539,0.00550711046679076,0.00124539372854462,"PCD_C1"
"TCGA-L9-A443",2729988531,0.196121479916759,0.10303675972227,0.0930847201944894,0.00995203952778071,"PCD_C1"
"TCGA-L9-A444",2736651684,0.197684251544743,0.104990512022428,0.0926937395223147,0.0122967725001133,"PCD_C1"
"TCGA-L9-A50W",2714437380,0.227496693278222,0.116755128510793,0.110741564767429,0.00601356374336401,"PCD_C1"
"TCGA-L9-A5IP",2706286020,0.2174741106518,0.111542691237935,0.105931419413865,0.0056112718240698,"PCD_C2"
"TCGA-L9-A743",2742009639,0.0663886796341419,0.0336332839318659,0.032755395702276,0.000877888229589846,"PCD_C1"
"TCGA-L9-A7SV",2685945060,0.353605012791773,0.17974610378047,0.173858909011303,0.00588719476916628,"PCD_C1"
"TCGA-L9-A8F4",2747210670,0.144020013506936,0.0725072523498535,0.071512761157083,0.000994491192770447,"PCD_C2"
"TCGA-MN-A4N1",2735188766,0.263022384957653,0.132268982954356,0.130753402003297,0.00151558095105894,"PCD_C2"
"TCGA-MN-A4N4",2742632056,0.18510086048327,0.094754372276833,0.090346488206437,0.00440788407039606,"PCD_C2"
"TCGA-MN-A4N5",2705808656,0.191810305988318,0.0969412892908936,0.0948690166974246,0.002072272593469,"PCD_C1"
"TCGA-MP-A4SV",2715119624,0.11722949799887,0.0608818316750157,0.056347666323854,0.00453416535116171,"PCD_C1"
"TCGA-MP-A4SW",2727494507,0.143791343415234,0.0718690908538647,0.0719222525613688,-5.31617075040351e-05,"PCD_C1"
"TCGA-MP-A4SY",2748511437,0.104030033906277,0.053872046700128,0.0501579872061489,0.0037140594939791,"PCD_C1"
"TCGA-MP-A4T4",2743942821,0.101084156870337,0.0525761840179031,0.0485079728524343,0.00406821116546874,"PCD_C1"
"TCGA-MP-A4T6",2744978833,0.285835823771432,0.147496201583643,0.13833962218779,0.00915657939585284,"PCD_C1"
"TCGA-MP-A4T7",2729051340,0.121882640217131,0.0611333502565401,0.0607492899605912,0.000384060295948851,"PCD_C2"
"TCGA-MP-A4T8",2746003263,0.209413366182296,0.106931556835991,0.102481809346306,0.00444974748968461,"PCD_C2"
"TCGA-MP-A4T9",2748287193,0.0755489830110706,0.0393653986915042,0.0361835843195664,0.0031818143719378,"PCD_C1"
"TCGA-MP-A4TA",2747094273,0.0866280248040108,0.044261229553952,0.0423667952500588,0.00189443430389329,"PCD_C2"
"TCGA-MP-A4TC",2737351144,0.125564433082868,0.0651705308831946,0.0603939021996734,0.00477662868352121,"PCD_C1"
"TCGA-MP-A4TD",2716772286,0.13127732553125,0.0665046304622087,0.0647726950690412,0.00173193539316751,"PCD_C2"
"TCGA-MP-A4TE",2721146486,0.251600039069819,0.12406847733305,0.127531561736769,-0.0034630844037185,"PCD_C2"
"TCGA-MP-A4TF",2731889976,0.202818830052437,0.102293007705263,0.100525822347173,0.00176718535808998,"PCD_C2"
"TCGA-MP-A4TH",2748284198,0.081097303071056,0.0413776753961455,0.0397196276749105,0.00165804772123498,"PCD_C1"
"TCGA-MP-A4TI",2748414994,0.0599950894306248,0.0306601883349717,0.0293349010956531,0.00132528723931856,"PCD_C1"
"TCGA-MP-A4TJ",2713327714,0.0984635848937855,0.0497825523770477,0.0486810325167379,0.0011015198603098,"PCD_C1"
"TCGA-MP-A4TK",2710363234,0.143175184890956,0.074618808843243,0.0685563760477132,0.00606243279552987,"PCD_C1"
"TCGA-MP-A5C7",2703196261,0.228390277653725,0.113722587565535,0.114667690088189,-0.00094510252265401,"PCD_C2"
"TCGA-NJ-A4YF",2705051053,0.331181614879599,0.166526564638298,0.164655050241301,0.00187151439699648,"PCD_C2"
"TCGA-NJ-A4YG",2720627569,0.106205125171581,0.0533776759094512,0.0528274492621302,0.000550226647321017,"PCD_C1"
"TCGA-NJ-A4YI",2706493025,0.245771166729462,0.126590083675054,0.119181083054408,0.00740900062064634,"PCD_C1"
"TCGA-NJ-A4YP",2721811739,0.08130641909455,0.0402963375957796,0.0410100814987704,-0.000713743902990787,"PCD_C1"
"TCGA-NJ-A4YQ",2697584524,0.143139363228976,0.0732302786467943,0.0699090845821816,0.00332119406461275,"PCD_C2"
"TCGA-NJ-A55A",2748624056,0.0379826407992043,0.0207436858061902,0.0172389549930142,0.003504730813176,"PCD_C1"
"TCGA-NJ-A55O",2718698201,0.0737454555968936,0.0381659683144801,0.0355794872824135,0.00258648103206657,"PCD_C1"
"TCGA-NJ-A55R",2748596924,0.0884353846566409,0.0468826135074653,0.0415527711491756,0.00532984235828971,"PCD_C2"
"TCGA-NJ-A7XG",2706832294,0.168188676481447,0.0848439806057301,0.0833446958757172,0.0014992847300129,"PCD_C1"
"TCGA-O1-A52J",2741849697,0.272033805562902,0.136971112266881,0.135062693296021,0.00190841897085944,"PCD_C1"
"TCGA-S2-AA1A",2742023599,0.114096567741137,0.0590365537294196,0.0550600140117175,0.00397653971770212,"PCD_C1"
